player_id,season,shot_attempts,shot_makes,three_point_attempts,three_point_makes,rim_frequency,paint_frequency,midrange_frequency,three_point_frequency,dunk_frequency,layup_frequency,floater_frequency,hook_frequency,pull_up_frequency,step_back_frequency,average_shot_distance,shot_difficulty_index,shot_making_above_expected
2544,2025-26,919,473,243,77,0.4200217627856366,0.14363438520130578,0.1719260065288357,0.264417845484222,0.11207834602829161,0.32752992383025026,0.03917301414581066,0.013057671381936888,0.13275299238302501,0.03264417845484222,11.38955386289445,0.49058256793734134,0.005272448242020333
101108,2025-26,56,18,30,10,0.08928571428571429,0.17857142857142858,0.19642857142857142,0.5357142857142857,0.0,0.10714285714285714,0.017857142857142856,0.0,0.5714285714285714,0.017857142857142856,18.785714285714285,0.5956158729120363,-0.08295555565939222
200768,2025-26,25,4,25,4,0.0,0.0,0.0,1.0,0.0,0.0,0.0,0.0,0.12,0.04,26.4,0.637202311078023,-0.20279768892197694
201142,2025-26,1376,716,450,186,0.1068313953488372,0.2616279069767442,0.30450581395348836,0.32703488372093026,0.04215116279069767,0.06976744186046512,0.0559593023255814,0.002180232558139535,0.35683139534883723,0.024709302325581394,15.875726744186046,0.5607709275052088,0.08111976471451121
201143,2025-26,324,138,205,74,0.17592592592592593,0.1419753086419753,0.04938271604938271,0.6327160493827161,0.012345679012345678,0.1574074074074074,0.046296296296296294,0.10185185185185185,0.006172839506172839,0.006172839506172839,17.84259259259259,0.5774077579275193,0.003333683853445235
201144,2025-26,215,72,166,56,0.08372093023255814,0.09767441860465116,0.046511627906976744,0.772093023255814,0.0,0.06976744186046512,0.12558139534883722,0.004651162790697674,0.2558139534883721,0.027906976744186046,20.590697674418603,0.6139188858597306,-0.051197393210036746
201145,2025-26,68,25,44,12,0.16176470588235295,0.058823529411764705,0.1323529411764706,0.6470588235294118,0.014705882352941176,0.16176470588235295,0.0,0.0,0.08823529411764706,0.0,19.441176470588236,0.5828197509855744,-0.04953319019089614
201566,2025-26,839,358,379,128,0.2598331346841478,0.1501787842669845,0.13825983313468415,0.45172824791418353,0.010727056019070322,0.3170441001191895,0.00834326579261025,0.0,0.15971394517282478,0.04529201430274136,15.075089392133492,0.5588617502425917,-0.014439799221055538
201567,2025-26,199,79,142,53,0.18592964824120603,0.06532663316582915,0.035175879396984924,0.7135678391959799,0.0,0.17587939698492464,0.020100502512562814,0.04522613065326633,0.08040201005025126,0.0,19.105527638190956,0.5868075589215898,-0.016207516455294724
201569,2025-26,21,12,14,8,0.3333333333333333,0.0,0.0,0.6666666666666666,0.0,0.3333333333333333,0.0,0.0,0.0,0.0,18.38095238095238,0.5541647977295663,0.12559336915813762
201572,2025-26,542,232,317,114,0.1918819188191882,0.15498154981549817,0.06826568265682657,0.584870848708487,0.033210332103321034,0.14760147601476015,0.07749077490774908,0.04428044280442804,0.03136531365313653,0.005535055350553505,17.80811808118081,0.5648008291509713,-0.007154890406224301
201587,2025-26,238,96,228,92,0.008403361344537815,0.004201680672268907,0.029411764705882353,0.957983193277311,0.0,0.008403361344537815,0.0,0.0,0.046218487394957986,0.01680672268907563,23.785714285714285,0.6305006095873797,0.03386195412519494
201599,2025-26,32,21,0,0,0.9375,0.03125,0.03125,0.0,0.3125,0.65625,0.0,0.03125,0.0,0.0,1.625,0.3266690809087731,-0.017080919091226887
201935,2025-26,1123,487,573,215,0.2404274265360641,0.16295636687444345,0.08637577916295637,0.5102404274265361,0.0008904719501335708,0.20569902048085487,0.16295636687444345,0.004452359750667854,0.23864648263579696,0.21727515583259127,16.266251113089936,0.5774587944665877,0.011118634181636666
201939,2025-26,799,374,484,190,0.18773466833541927,0.08635794743429287,0.12015018773466833,0.6057571964956195,0.0012515644555694619,0.23529411764705882,0.05506883604505632,0.0050062578222778474,0.2127659574468085,0.14017521902377972,19.09511889862328,0.5891087349430035,0.05719384132598232
201942,2025-26,1005,499,148,48,0.14129353233830846,0.22686567164179106,0.4845771144278607,0.1472636815920398,0.009950248756218905,0.15124378109452735,0.05472636815920398,0.0009950248756218905,0.33233830845771145,0.027860696517412936,13.723383084577115,0.5593028611427988,0.05582027407812212
201950,2025-26,709,320,362,137,0.22425952045133993,0.17912552891396333,0.08603667136812412,0.5105782792665726,0.004231311706629055,0.20451339915373765,0.08603667136812412,0.02679830747531735,0.22143864598025387,0.2016925246826516,16.172073342736248,0.5741654002494943,0.02550531562326014
201959,2025-26,26,12,6,3,0.4230769230769231,0.2692307692307692,0.07692307692307693,0.23076923076923078,0.038461538461538464,0.34615384615384615,0.11538461538461539,0.038461538461538464,0.038461538461538464,0.0,10.23076923076923,0.49915145181576936,-0.03931008664576907
202066,2025-26,15,4,12,3,0.0,0.13333333333333333,0.06666666666666667,0.8,0.0,0.0,0.06666666666666667,0.06666666666666667,0.13333333333333333,0.0,21.6,0.6223882335013375,-0.11094509983199585
202331,2025-26,513,225,255,100,0.14619883040935672,0.12085769980506822,0.23586744639376217,0.49707602339181284,0.01364522417153996,0.13840155945419103,0.03313840155945419,0.001949317738791423,0.22807017543859648,0.13060428849902533,17.52046783625731,0.5789671523010358,0.017563643529106
202685,2025-26,390,227,26,8,0.5076923076923077,0.25384615384615383,0.1717948717948718,0.06666666666666667,0.07948717948717948,0.3230769230769231,0.05384615384615385,0.17692307692307693,0.0,0.0,6.825641025641025,0.47165426959829804,0.05370555164958013
202687,2025-26,15,9,0,0,0.7333333333333333,0.26666666666666666,0.0,0.0,0.4,0.26666666666666666,0.0,0.3333333333333333,0.0,0.0,2.6666666666666665,0.3238016768940357,-0.0761983231059643
202691,2025-26,728,286,526,201,0.07280219780219781,0.04945054945054945,0.15521978021978022,0.7225274725274725,0.0,0.07554945054945054,0.023351648351648352,0.0,0.19505494505494506,0.07142857142857142,21.266483516483518,0.60878239257413,0.001639535431272876
202695,2025-26,1258,635,445,171,0.20031796502384738,0.2384737678855326,0.20747217806041335,0.3537360890302067,0.04372019077901431,0.14705882352941177,0.07472178060413355,0.01987281399046105,0.3139904610492846,0.06597774244833068,14.84101748807631,0.5493700831056729,0.05413955846338364
202696,2025-26,799,394,271,100,0.2816020025031289,0.2828535669586984,0.09637046307884856,0.33917396745932415,0.01877346683354193,0.20275344180225283,0.1476846057571965,0.18272841051314143,0.006257822277847309,0.0012515644555694619,12.569461827284105,0.5381110529855342,0.03122744847990211
202699,2025-26,659,309,223,82,0.26555386949924126,0.20030349013657056,0.19575113808801214,0.33839150227617604,0.04552352048558422,0.21396054628224584,0.08497723823975721,0.013657056145675266,0.12291350531107739,0.04552352048558422,12.890743550834598,0.5353824759895383,0.004274736991055628
202710,2025-26,462,240,85,32,0.49134199134199136,0.17316017316017315,0.15151515151515152,0.18398268398268397,0.0670995670995671,0.44805194805194803,0.08874458874458875,0.010822510822510822,0.09090909090909091,0.025974025974025976,8.796536796536797,0.4827908855718961,0.0022714050524155205
203076,2025-26,334,169,37,10,0.46107784431137727,0.20658682634730538,0.2215568862275449,0.11077844311377245,0.1407185628742515,0.281437125748503,0.1317365269461078,0.04491017964071856,0.059880239520958084,0.038922155688622756,8.718562874251496,0.4619030163520105,-0.03210895969589367
203078,2025-26,48,18,19,7,0.20833333333333334,0.22916666666666666,0.16666666666666666,0.3958333333333333,0.0,0.22916666666666666,0.10416666666666667,0.0,0.22916666666666666,0.0625,15.645833333333334,0.5626841975760473,-0.06231580242395279
203083,2025-26,337,159,90,32,0.6201780415430267,0.10089020771513353,0.011869436201780416,0.26706231454005935,0.12166172106824925,0.4688427299703264,0.050445103857566766,0.0830860534124629,0.005934718100890208,0.0,7.798219584569733,0.4475234733167258,-0.08066643766250264
203084,2025-26,575,262,358,139,0.21565217391304348,0.11826086956521739,0.043478260869565216,0.6226086956521739,0.020869565217391306,0.1791304347826087,0.07130434782608695,0.022608695652173914,0.06086956521739131,0.03826086956521739,16.77913043478261,0.5704439453386532,0.026096119251696637
203110,2025-26,491,205,310,101,0.28105906313645623,0.05702647657841141,0.03054989816700611,0.6313645621181263,0.014256619144602852,0.2668024439918534,0.059063136456211814,0.012219959266802444,0.010183299389002037,0.0,17.010183299389002,0.5585775112421678,-0.023907213808748717
203114,2025-26,540,227,186,67,0.13148148148148148,0.16296296296296298,0.3611111111111111,0.34444444444444444,0.0,0.12037037037037036,0.0962962962962963,0.025925925925925925,0.24259259259259258,0.06111111111111111,15.811111111111112,0.5760201883425229,-0.0036094412871067183
203468,2025-26,1154,525,510,191,0.2045060658578856,0.17244367417677642,0.18110918544194107,0.44194107452339687,0.0034662045060658577,0.1663778162911612,0.18370883882149047,0.0034662045060658577,0.24870017331022531,0.1265164644714038,15.81889081455806,0.5732168785610889,0.028156219982232722
203471,2025-26,629,255,228,75,0.2543720190779014,0.19554848966613672,0.1875993640699523,0.3624801271860095,0.0,0.2957074721780604,0.14149443561208266,0.001589825119236884,0.21144674085850557,0.03815580286168521,14.130365659777425,0.5565209266959845,-0.03807366789861
203482,2025-26,96,47,47,12,0.40625,0.0625,0.041666666666666664,0.4895833333333333,0.010416666666666666,0.375,0.03125,0.052083333333333336,0.041666666666666664,0.0,13.958333333333334,0.5305293367594872,0.020112670092820528
203484,2025-26,366,150,174,55,0.19398907103825136,0.10655737704918032,0.22404371584699453,0.47540983606557374,0.01639344262295082,0.18032786885245902,0.05737704918032787,0.0,0.30601092896174864,0.05191256830601093,17.038251366120218,0.5710303498235644,-0.01913358460266512
203486,2025-26,14,11,0,0,0.9285714285714286,0.07142857142857142,0.0,0.0,0.35714285714285715,0.5714285714285714,0.0,0.07142857142857142,0.0,0.0,0.9285714285714286,0.30541677501434017,0.09113106072862587
203497,2025-26,491,335,5,0,0.9164969450101833,0.059063136456211814,0.014256619144602852,0.010183299389002037,0.42973523421588594,0.49490835030549896,0.028513238289205704,0.026476578411405296,0.0,0.002036659877800407,1.8411405295315681,0.292542377274981,-0.02517656366188259
203500,2025-26,139,70,0,0,0.8273381294964028,0.15827338129496402,0.014388489208633094,0.0,0.12949640287769784,0.7266187050359713,0.05755395683453238,0.07913669064748201,0.0,0.0,2.287769784172662,0.39662428328014165,-0.0997785944177001
203501,2025-26,779,348,550,224,0.12323491655969192,0.05648267008985879,0.11424903722721438,0.7060333761232349,0.024390243902439025,0.10911424903722722,0.04236200256739409,0.0038510911424903724,0.18613607188703465,0.0410783055198973,20.314505776636715,0.5924037459085453,0.03913031843742848
203507,2025-26,598,373,45,15,0.7090301003344481,0.07859531772575251,0.13712374581939799,0.07525083612040134,0.24749163879598662,0.48494983277591974,0.016722408026755852,0.015050167224080268,0.12709030100334448,0.0033444816053511705,5.618729096989966,0.3878767163809401,0.011622535778933463
203552,2025-26,49,24,25,12,0.04081632653061224,0.08163265306122448,0.3673469387755102,0.5102040816326531,0.0,0.061224489795918366,0.061224489795918366,0.0,0.16326530612244897,0.20408163265306123,20.081632653061224,0.598932302269169,0.08872822063651592
203648,2025-26,32,15,4,0,0.6875,0.15625,0.03125,0.125,0.21875,0.53125,0.09375,0.0,0.03125,0.0,5.875,0.4082432369596315,-0.1230067630403685
203897,2025-26,547,262,254,99,0.25594149908592323,0.10237659963436929,0.1773308957952468,0.4643510054844607,0.05301645338208409,0.2522851919561243,0.03656307129798903,0.003656307129798903,0.16453382084095064,0.1736745886654479,16.23765996343693,0.5536164386927344,0.03259267269639066
203903,2025-26,526,237,214,70,0.2737642585551331,0.2300380228136882,0.08935361216730038,0.4068441064638783,0.013307984790874524,0.22813688212927757,0.19011406844106463,0.024714828897338403,0.10836501901140684,0.028517110266159697,13.568441064638783,0.5508547801599659,0.0014251223652890777
203914,2025-26,104,46,68,28,0.17307692307692307,0.08653846153846154,0.08653846153846154,0.6538461538461539,0.009615384615384616,0.19230769230769232,0.0673076923076923,0.009615384615384616,0.0673076923076923,0.04807692307692308,17.903846153846153,0.5822676947554959,0.02457538706318818
203924,2025-26,730,331,350,136,0.33972602739726027,0.11095890410958904,0.06986301369863014,0.4794520547945205,0.0410958904109589,0.33013698630136984,0.03972602739726028,0.019178082191780823,0.06986301369863014,0.009589041095890411,14.14931506849315,0.5358892189674044,-0.01068612349834902
203926,2025-26,139,54,123,48,0.050359712230215826,0.04316546762589928,0.02158273381294964,0.8848920863309353,0.014388489208633094,0.050359712230215826,0.03597122302158273,0.0,0.07913669064748201,0.0,23.41726618705036,0.614907189320592,0.0033963979536854594
203932,2025-26,398,198,157,61,0.36683417085427134,0.11306532663316583,0.12562814070351758,0.3944723618090452,0.11306532663316583,0.27638190954773867,0.020100502512562814,0.01507537688442211,0.09296482412060302,0.0678391959798995,13.21608040201005,0.505879692849821,0.0033671300357507317
203935,2025-26,476,188,293,97,0.15756302521008403,0.1638655462184874,0.06302521008403361,0.615546218487395,0.0021008403361344537,0.16596638655462184,0.10294117647058823,0.0063025210084033615,0.10714285714285714,0.0273109243697479,17.873949579831933,0.5831832619925039,-0.021858754814218784
203937,2025-26,202,107,11,4,0.3910891089108911,0.5099009900990099,0.04455445544554455,0.054455445544554455,0.0297029702970297,0.3118811881188119,0.25742574257425743,0.15841584158415842,0.07425742574257425,0.0,6.643564356435643,0.497467638774182,0.027170609071211715
203939,2025-26,101,65,7,2,0.8811881188118812,0.039603960396039604,0.009900990099009901,0.06930693069306931,0.13861386138613863,0.693069306930693,0.0297029702970297,0.0594059405940594,0.0,0.0,3.366336633663366,0.39231360372731994,0.03587796016296352
203944,2025-26,1207,580,346,109,0.371996685998343,0.19469759734879868,0.14664457332228667,0.2866611433305717,0.05302402651201325,0.31980115990057995,0.07125103562551781,0.010770505385252692,0.1035625517812759,0.10107705053852527,11.611433305716654,0.5125449763756257,-0.006924783359254172
203952,2025-26,821,390,333,138,0.30694275274056027,0.1668696711327649,0.12058465286236297,0.4056029232643118,0.0341047503045067,0.27040194884287455,0.08647990255785627,0.031668696711327646,0.06942752740560293,0.0730816077953715,13.812423873325214,0.5379305827288139,0.012961033398728672
203954,2025-26,697,341,159,53,0.2783357245337159,0.18651362984218078,0.30703012912482064,0.22812051649928264,0.024390243902439025,0.23529411764705882,0.03730272596843615,0.04160688665710186,0.10186513629842181,0.05738880918220947,12.959827833572453,0.5351811639014339,0.024420762179769573
203967,2025-26,6,1,3,1,0.3333333333333333,0.0,0.16666666666666666,0.5,0.0,0.3333333333333333,0.0,0.0,0.0,0.0,15.0,0.5483433897740504,-0.284989943559283
203991,2025-26,227,118,2,1,0.7973568281938326,0.18502202643171806,0.00881057268722467,0.00881057268722467,0.24669603524229075,0.5418502202643172,0.00881057268722467,0.18502202643171806,0.004405286343612335,0.0,2.709251101321586,0.36789553534579766,-0.11228067610794679
203992,2025-26,152,59,95,33,0.15789473684210525,0.09868421052631579,0.11842105263157894,0.625,0.0,0.14473684210526316,0.05263157894736842,0.006578947368421052,0.25,0.15789473684210525,19.098684210526315,0.5892953199308397,-0.022546785332318187
203994,2025-26,358,180,71,25,0.4581005586592179,0.3016759776536313,0.04189944134078212,0.19832402234636873,0.027932960893854747,0.4581005586592179,0.17597765363128492,0.12569832402234637,0.013966480446927373,0.002793296089385475,8.656424581005586,0.5034142084343771,0.006207504523762675
203999,2025-26,1132,644,295,112,0.3330388692579505,0.30212014134275617,0.10424028268551237,0.26060070671378094,0.019434628975265017,0.2826855123674912,0.15812720848056538,0.09717314487632508,0.05918727915194346,0.015017667844522967,11.040636042402827,0.5287522126481627,0.09765680628773876
204001,2025-26,388,173,160,54,0.22164948453608246,0.20103092783505155,0.16494845360824742,0.41237113402061853,0.07731958762886598,0.11855670103092783,0.041237113402061855,0.028350515463917526,0.08505154639175258,0.07216494845360824,15.626288659793815,0.5383611949718643,-0.01576251636834186
204060,2025-26,27,16,16,7,0.2962962962962963,0.0,0.1111111111111111,0.5925925925925926,0.0,0.2222222222222222,0.037037037037037035,0.037037037037037035,0.2222222222222222,0.14814814814814814,17.25925925925926,0.5738741620548301,0.16646675464742267
204456,2025-26,450,242,50,16,0.2111111111111111,0.3244444444444444,0.35333333333333333,0.1111111111111111,0.0,0.2111111111111111,0.02,0.0,0.4822222222222222,0.0022222222222222222,11.177777777777777,0.5365198737168766,0.0742976514946544
1626145,2025-26,218,76,137,40,0.10550458715596331,0.17889908256880735,0.0871559633027523,0.6284403669724771,0.0,0.12844036697247707,0.16972477064220184,0.0,0.1743119266055046,0.03211009174311927,18.678899082568808,0.5966592890102732,-0.0547168577787176
1626156,2025-26,232,94,112,33,0.14224137931034483,0.22413793103448276,0.15086206896551724,0.4827586206896552,0.0,0.14224137931034483,0.1896551724137931,0.008620689655172414,0.27155172413793105,0.06896551724137931,16.823275862068964,0.5840889074031665,-0.010738678803730084
1626157,2025-26,1032,517,307,113,0.5261627906976745,0.10755813953488372,0.0687984496124031,0.29748062015503873,0.07945736434108527,0.40310077519379844,0.08914728682170543,0.05910852713178295,0.020348837209302327,0.027131782945736434,10.294573643410853,0.48514601798384327,-0.013884989768094713
1626162,2025-26,544,254,239,86,0.3088235294117647,0.20220588235294118,0.04963235294117647,0.43933823529411764,0.06985294117647059,0.24632352941176472,0.08823529411764706,0.0055147058823529415,0.11213235294117647,0.022058823529411766,13.597426470588236,0.5286599503986669,-0.004428284895450829
1626164,2025-26,1198,546,370,122,0.19782971619365608,0.22203672787979967,0.27128547579298834,0.3088480801335559,0.014190317195325543,0.20784641068447413,0.04424040066777963,0.0025041736227045075,0.3981636060100167,0.09849749582637729,14.776293823038397,0.5561626614065915,0.011922260738811918
1626166,2025-26,149,56,97,32,0.1476510067114094,0.14093959731543623,0.06040268456375839,0.6510067114093959,0.0,0.1476510067114094,0.16778523489932887,0.006711409395973154,0.28859060402684567,0.08053691275167785,19.48993288590604,0.5974164698545383,-0.02674460397096501
1626167,2025-26,646,284,384,147,0.2043343653250774,0.12074303405572756,0.0804953560371517,0.5944272445820433,0.043343653250773995,0.17956656346749225,0.043343653250773995,0.02476780185758514,0.04024767801857585,0.04179566563467492,17.707430340557277,0.5636890405274415,0.0033175234995778125
1626171,2025-26,750,366,296,135,0.16533333333333333,0.15466666666666667,0.2853333333333333,0.39466666666666667,0.010666666666666666,0.13333333333333333,0.084,0.10266666666666667,0.07466666666666667,0.021333333333333333,15.802666666666667,0.5677486203758157,0.05574862037581568
1626172,2025-26,60,25,13,2,0.6333333333333333,0.05,0.1,0.21666666666666667,0.03333333333333333,0.5833333333333334,0.0,0.03333333333333333,0.08333333333333333,0.0,7.933333333333334,0.4714467800181449,-0.11188655331518843
1626181,2025-26,895,421,410,156,0.2927374301675978,0.1463687150837989,0.10279329608938548,0.4581005586592179,0.013407821229050279,0.28044692737430166,0.1217877094972067,0.01452513966480447,0.2223463687150838,0.03240223463687151,14.901675977653632,0.5551085100169795,0.025499571469493387
1626192,2025-26,85,38,52,21,0.2823529411764706,0.10588235294117647,0.0,0.611764705882353,0.023529411764705882,0.25882352941176473,0.047058823529411764,0.023529411764705882,0.011764705882352941,0.0,16.576470588235296,0.557573646403559,0.004632469932970784
1626204,2025-26,124,52,63,21,0.3629032258064516,0.10483870967741936,0.024193548387096774,0.5080645161290323,0.1532258064516129,0.20161290322580644,0.07258064516129033,0.024193548387096774,0.008064516129032258,0.0,13.741935483870968,0.4988727737269397,-0.08177238756338284
1626220,2025-26,625,263,520,212,0.0976,0.0544,0.016,0.832,0.0064,0.1072,0.048,0.0032,0.1648,0.016,22.472,0.6108433396519626,0.03164333965196259
1627734,2025-26,221,120,27,5,0.6606334841628959,0.17647058823529413,0.04072398190045249,0.12217194570135746,0.10407239819004525,0.5067873303167421,0.049773755656108594,0.12669683257918551,0.0,0.0,6.108597285067873,0.4414304330233334,-0.015583141637300124
1627739,2025-26,477,227,214,80,0.3081761006289308,0.20545073375262055,0.03773584905660377,0.44863731656184486,0.039832285115303984,0.25157232704402516,0.18448637316561844,0.023060796645702306,0.033542976939203356,0.016771488469601678,13.80083857442348,0.5349592322333436,0.010850217558291297
1627741,2025-26,327,143,212,74,0.23547400611620795,0.03669724770642202,0.07951070336391437,0.6483180428134556,0.0030581039755351682,0.25382262996941896,0.021406727828746176,0.0,0.1559633027522936,0.05504587155963303,18.37920489296636,0.5769209745125381,0.014229843014067156
1627742,2025-26,1288,614,354,135,0.19177018633540371,0.20885093167701863,0.3245341614906832,0.2748447204968944,0.04192546583850932,0.15605590062111802,0.03571428571428571,0.002329192546583851,0.2639751552795031,0.05357142857142857,14.286490683229813,0.5431791600133196,0.019887234547481092
1627746,2025-26,10,6,5,1,0.2,0.2,0.1,0.5,0.1,0.1,0.0,0.1,0.0,0.0,15.9,0.5334487907528339,0.1334487907528339
1627747,2025-26,391,163,180,60,0.30179028132992325,0.15601023017902813,0.08184143222506395,0.46035805626598464,0.03324808184143223,0.26342710997442453,0.06905370843989769,0.0025575447570332483,0.21994884910485935,0.061381074168797956,14.846547314578006,0.5426129900006926,-0.040507214602887864
1627749,2025-26,182,88,62,19,0.3021978021978022,0.23626373626373626,0.12087912087912088,0.34065934065934067,0.01098901098901099,0.2802197802197802,0.1043956043956044,0.0,0.2967032967032967,0.027472527472527472,13.18131868131868,0.5448223573570069,0.028338840873490423
1627750,2025-26,1360,657,563,245,0.21323529411764705,0.17720588235294119,0.19558823529411765,0.4139705882352941,0.008823529411764706,0.22573529411764706,0.10514705882352941,0.004411764705882353,0.2529411764705882,0.14779411764705883,15.814705882352941,0.5677099000474892,0.05079813534160682
1627751,2025-26,310,217,0,0,0.7096774193548387,0.22258064516129034,0.06774193548387097,0.0,0.06129032258064516,0.6225806451612903,0.1870967741935484,0.0967741935483871,0.0,0.0,3.267741935483871,0.43382062515267406,0.133820625152674
1627752,2025-26,191,86,140,61,0.10471204188481675,0.07853403141361257,0.08376963350785341,0.7329842931937173,0.010471204188481676,0.07853403141361257,0.06806282722513089,0.015706806282722512,0.1518324607329843,0.06806282722513089,19.827225130890053,0.6015380738589475,0.05179985396365949
1627759,2025-26,1543,736,404,140,0.2670123136746598,0.2339598185353208,0.237200259235256,0.26182760855476345,0.026571613739468567,0.29812054439403757,0.07777057679844458,0.005832793259883344,0.220349967595593,0.10952689565780946,13.088788075178224,0.5424729913975941,0.019465862428054204
1627780,2025-26,415,242,127,37,0.5807228915662651,0.10361445783132531,0.00963855421686747,0.3060240963855422,0.1108433734939759,0.4771084337349398,0.06265060240963856,0.03855421686746988,0.012048192771084338,0.00963855421686747,9.093975903614458,0.4617848585570048,0.044917388677486736
1627783,2025-26,1155,559,293,105,0.3220779220779221,0.25627705627705627,0.16796536796536796,0.25367965367965367,0.01038961038961039,0.3203463203463203,0.10476190476190476,0.025974025974025976,0.10822510822510822,0.030303030303030304,11.712554112554113,0.5299147937313696,0.013897477714053585
1627824,2025-26,312,125,196,69,0.2467948717948718,0.09615384615384616,0.028846153846153848,0.6282051282051282,0.03205128205128205,0.21153846153846154,0.03205128205128205,0.060897435897435896,0.019230769230769232,0.00641025641025641,16.891025641025642,0.5613708896496459,-0.03798808470932846
1627826,2025-26,482,288,0,0,0.6224066390041494,0.35269709543568467,0.024896265560165973,0.0,0.1950207468879668,0.3132780082987552,0.08506224066390042,0.4024896265560166,0.0,0.0,3.7385892116182573,0.40657537954749345,0.004085752991476843
1627827,2025-26,132,44,100,27,0.21212121212121213,0.022727272727272728,0.007575757575757576,0.7575757575757576,0.015151515151515152,0.21212121212121213,0.0,0.0,0.022727272727272728,0.022727272727272728,19.151515151515152,0.5800263700284931,-0.08664029663817363
1627884,2025-26,379,189,153,55,0.47229551451187335,0.10817941952506596,0.0158311345646438,0.40369393139841686,0.12401055408970976,0.36675461741424803,0.0633245382585752,0.002638522427440633,0.0395778364116095,0.005277044854881266,11.846965699208443,0.4815096040285971,-0.01980965718512323
1627936,2025-26,300,127,181,53,0.30666666666666664,0.06,0.03,0.6033333333333334,0.02666666666666667,0.29,0.03333333333333333,0.0033333333333333335,0.06,0.013333333333333334,15.95,0.55248817633687,-0.024178490329796687
1628365,2025-26,11,2,0,0,0.18181818181818182,0.36363636363636365,0.45454545454545453,0.0,0.0,0.18181818181818182,0.09090909090909091,0.0,0.45454545454545453,0.09090909090909091,10.0,0.5279087014961943,-0.2902731166856239
1628366,2025-26,176,53,147,40,0.10227272727272728,0.03409090909090909,0.028409090909090908,0.8352272727272727,0.011363636363636364,0.09659090909090909,0.011363636363636364,0.0,0.17045454545454544,0.09659090909090909,22.0,0.6081208672861296,-0.09074276907750672
1628368,2025-26,1047,509,395,131,0.25692454632282713,0.23304680038204392,0.13276026743075453,0.3772683858643744,0.013371537726838587,0.22158548233046801,0.10506208213944604,0.0038204393505253103,0.2808022922636103,0.10124164278892073,13.948424068767908,0.5492277754891911,0.035378682843536846
1628369,2025-26,287,118,143,47,0.2578397212543554,0.11498257839721254,0.1289198606271777,0.49825783972125437,0.017421602787456445,0.2787456445993031,0.024390243902439025,0.010452961672473868,0.3310104529616725,0.09059233449477352,16.33101045296167,0.5680171801426578,-0.02083299407337008
1628370,2025-26,632,277,314,124,0.18354430379746836,0.21835443037974683,0.10126582278481013,0.49683544303797467,0.05063291139240506,0.1787974683544304,0.10443037974683544,0.004746835443037975,0.20727848101265822,0.09018987341772151,16.651898734177216,0.5653309489902615,0.003622088230767817
1628371,2025-26,109,46,38,7,0.4954128440366973,0.07339449541284404,0.08256880733944955,0.3486238532110092,0.24770642201834864,0.29357798165137616,0.009174311926605505,0.0,0.01834862385321101,0.009174311926605505,10.53211009174312,0.43918361814908224,-0.13879803322706452
1628374,2025-26,805,384,324,115,0.33291925465838507,0.1701863354037267,0.09440993788819876,0.40248447204968946,0.09565217391304348,0.26335403726708073,0.05714285714285714,0.02732919254658385,0.062111801242236024,0.03354037267080745,13.408695652173913,0.5152131552610931,-0.007768211198534214
1628378,2025-26,1403,678,616,224,0.24305060584461868,0.19672131147540983,0.12116892373485388,0.4390591589451176,0.014255167498218105,0.22879543834640056,0.18032786885245902,0.009265858873841768,0.22451888809693513,0.11903064861012116,15.199572344975053,0.5610462228477902,0.044296401037383915
1628379,2025-26,443,236,245,117,0.16930022573363432,0.15124153498871332,0.12641083521444696,0.5530474040632054,0.0,0.16930022573363432,0.029345372460496615,0.004514672686230248,0.20090293453724606,0.04740406320541761,17.37923250564334,0.5761378173014775,0.10886919427664671
1628380,2025-26,64,37,21,9,0.46875,0.140625,0.0625,0.328125,0.015625,0.359375,0.125,0.125,0.0,0.0,10.390625,0.5113168403300891,0.08944184033008906
1628381,2025-26,659,364,219,89,0.40212443095599393,0.17298937784522003,0.09256449165402124,0.3323216995447648,0.1441578148710167,0.283763277693475,0.02276176024279211,0.07587253414264036,0.048558421851289835,0.0030349013657056147,11.088012139605462,0.4839651036467608,0.03631715220518272
1628384,2025-26,804,389,407,157,0.3781094527363184,0.05721393034825871,0.05845771144278607,0.5062189054726368,0.17288557213930347,0.20522388059701493,0.018656716417910446,0.007462686567164179,0.03855721393034826,0.07711442786069651,14.058457711442786,0.4901571732909261,-0.026011980937929613
1628386,2025-26,528,337,10,1,0.6193181818181818,0.30303030303030304,0.058712121212121215,0.01893939393939394,0.2556818181818182,0.3390151515151515,0.14583333333333334,0.16856060606060605,0.003787878787878788,0.0,4.515151515151516,0.3961929275072268,0.03445050326480259
1628389,2025-26,1145,506,400,127,0.2812227074235808,0.2550218340611354,0.11441048034934498,0.34934497816593885,0.0794759825327511,0.18602620087336244,0.08384279475982533,0.06550218340611354,0.10655021834061135,0.0314410480349345,12.866375545851529,0.521181852762274,-0.03689674985781338
1628392,2025-26,296,184,7,0,0.6452702702702703,0.27364864864864863,0.057432432432432436,0.02364864864864865,0.30405405405405406,0.28716216216216217,0.2668918918918919,0.0777027027027027,0.010135135135135136,0.0,4.327702702702703,0.3734239472653538,-0.004954431113024627
1628396,2025-26,117,64,4,2,0.6752136752136753,0.20512820512820512,0.08547008547008547,0.03418803418803419,0.07692307692307693,0.5811965811965812,0.07692307692307693,0.1282051282051282,0.008547008547008548,0.0,4.589743589743589,0.44065029646282183,-0.012341156528631103
1628398,2025-26,689,339,239,83,0.420899854862119,0.16400580551523947,0.06821480406386067,0.3468795355587808,0.040638606676342524,0.38171262699564584,0.08563134978229318,0.05370101596516691,0.0420899854862119,0.015965166908563134,11.592162554426706,0.5147886669727397,0.006806083518458128
1628401,2025-26,1108,437,640,209,0.11913357400722022,0.16606498194945848,0.1371841155234657,0.5776173285198556,0.01263537906137184,0.12184115523465704,0.13267148014440433,0.0,0.33664259927797835,0.048736462093862815,18.7427797833935,0.592391866216861,-0.013203801653175085
1628404,2025-26,592,301,242,100,0.36317567567567566,0.14020270270270271,0.08783783783783784,0.40878378378378377,0.02364864864864865,0.3260135135135135,0.07263513513513513,0.0016891891891891893,0.17060810810810811,0.04054054054054054,13.150337837837839,0.5318677591859571,0.040313705131902966
1628415,2025-26,959,417,369,127,0.13660062565172054,0.23983315954118875,0.23879040667361837,0.38477580813347234,0.005213764337851929,0.1470281543274244,0.0667361835245047,0.005213764337851929,0.2210636079249218,0.10427528675703858,15.867570385818562,0.5742191907663535,0.009047136543204437
1628418,2025-26,267,135,131,47,0.38202247191011235,0.09737827715355805,0.0299625468164794,0.49063670411985016,0.14606741573033707,0.21722846441947566,0.056179775280898875,0.033707865168539325,0.00749063670411985,0.003745318352059925,13.808988764044944,0.49526925805018696,0.0008872355782768571
1628420,2025-26,20,7,8,2,0.3,0.25,0.05,0.4,0.0,0.4,0.15,0.0,0.15,0.0,13.35,0.5524820669088613,-0.09751793309113882
1628436,2025-26,272,175,0,0,0.8860294117647058,0.09191176470588236,0.022058823529411766,0.0,0.33088235294117646,0.5441176470588235,0.03676470588235294,0.0661764705882353,0.0,0.0,1.6102941176470589,0.3242383786870654,-0.032379268371758085
1628449,2025-26,25,8,15,2,0.36,0.0,0.04,0.6,0.04,0.32,0.0,0.0,0.12,0.0,16.28,0.5370905247287667,-0.14290947527123327
1628467,2025-26,73,33,26,6,0.4657534246575342,0.1232876712328767,0.0547945205479452,0.3561643835616438,0.1643835616438356,0.273972602739726,0.0684931506849315,0.0273972602739726,0.0410958904109589,0.0,11.698630136986301,0.47098201711205767,-0.07696318836739441
1628502,2025-26,46,15,16,2,0.08695652173913043,0.45652173913043476,0.10869565217391304,0.34782608695652173,0.0,0.08695652173913043,0.2608695652173913,0.08695652173913043,0.043478260869565216,0.0,14.456521739130435,0.5653782952022355,-0.10853474827602538
1628960,2025-26,667,269,455,159,0.15592203898050974,0.13793103448275862,0.0239880059970015,0.6821589205397302,0.01199400299850075,0.18290854572713644,0.07196401799100449,0.0074962518740629685,0.239880059970015,0.05547226386806597,19.691154422788607,0.5954984571686653,-0.001203192006746956
1628963,2025-26,411,254,52,24,0.6909975669099757,0.17274939172749393,0.009732360097323601,0.12652068126520682,0.22384428223844283,0.44038929440389296,0.09732360097323602,0.0948905109489051,0.0072992700729927005,0.0024330900243309003,5.472019464720194,0.40059847222048384,0.01860333840053252
1628964,2025-26,11,5,0,0,0.8181818181818182,0.09090909090909091,0.09090909090909091,0.0,0.2727272727272727,0.45454545454545453,0.0,0.18181818181818182,0.0,0.0,2.909090909090909,0.35634644530368853,-0.18910810015085694
1628969,2025-26,963,472,420,156,0.2502596053997923,0.15160955347871236,0.16199376947040497,0.43613707165109034,0.03946002076843198,0.19730010384215993,0.03946002076843198,0.005192107995846314,0.14018691588785046,0.021806853582554516,14.47871235721703,0.5446453917864901,0.034780386594382096
1628970,2025-26,1042,479,445,148,0.34069097888675626,0.19577735124760076,0.036468330134357005,0.42706333973128596,0.07293666026871401,0.2514395393474088,0.10940499040307101,0.07869481765834933,0.08349328214971209,0.03262955854126679,13.299424184261037,0.523297478471008,-0.017009623256439232
1628971,2025-26,522,248,148,57,0.4540229885057471,0.19348659003831417,0.06896551724137931,0.2835249042145594,0.034482758620689655,0.4540229885057471,0.15708812260536398,0.009578544061302681,0.04980842911877394,0.0038314176245210726,10.159003831417625,0.5044164927087026,-0.02048772185068437
1628973,2025-26,1475,689,528,195,0.168135593220339,0.26169491525423727,0.2122033898305085,0.3579661016949153,0.0,0.1423728813559322,0.17966101694915254,0.007457627118644068,0.271864406779661,0.12677966101694915,14.755254237288135,0.5710604970731787,0.038179141140975315
1628975,2025-26,307,123,215,78,0.08143322475570032,0.0781758957654723,0.14006514657980457,0.7003257328990228,0.003257328990228013,0.08469055374592833,0.03908794788273615,0.0,0.2736156351791531,0.09446254071661238,20.50814332247557,0.6069390389882323,0.007590504786277985
1628976,2025-26,637,326,226,72,0.42700156985871274,0.12244897959183673,0.09576138147566719,0.35478806907378335,0.16012558869701726,0.24646781789638933,0.04395604395604396,0.04709576138147567,0.03296703296703297,0.0015698587127158557,12.006279434850864,0.4752013057642829,-0.013024753890348184
1628978,2025-26,835,339,644,244,0.15089820359281436,0.05389221556886228,0.023952095808383235,0.7712574850299401,0.019161676646706587,0.1317365269461078,0.04431137724550898,0.003592814371257485,0.1377245508982036,0.05149700598802395,20.3748502994012,0.5919088382868772,-0.002103137761026941
1628983,2025-26,1321,731,298,115,0.30582891748675245,0.19984859954579864,0.2687358062074186,0.22558667676003027,0.01514004542013626,0.29144587433762303,0.05526116578349735,0.001514004542013626,0.25889477668433003,0.21953065859197576,12.13777441332324,0.532468586596041,0.08583724670202125
1628988,2025-26,252,105,170,67,0.0992063492063492,0.1626984126984127,0.06349206349206349,0.6746031746031746,0.003968253968253968,0.11904761904761904,0.13095238095238096,0.015873015873015872,0.10317460317460317,0.031746031746031744,19.5,0.5958229101301898,0.012489576796856527
1628989,2025-26,596,269,325,100,0.28691275167785235,0.12416107382550336,0.0436241610738255,0.5453020134228188,0.025167785234899327,0.24161073825503357,0.10738255033557047,0.003355704697986577,0.09563758389261745,0.05201342281879195,15.676174496644295,0.5529198640482106,0.004262145927405203
1628991,2025-26,719,342,235,84,0.23226703755215578,0.36022253129346316,0.08066759388038942,0.32684283727399166,0.02086230876216968,0.2141863699582754,0.24200278164116829,0.13351877607788595,0.03616133518776078,0.009735744089012517,12.364394993045897,0.5451867496163174,0.020847389393786053
1628997,2025-26,189,85,57,20,0.4021164021164021,0.13756613756613756,0.15873015873015872,0.30158730158730157,0.0582010582010582,0.3862433862433862,0.031746031746031744,0.005291005291005291,0.047619047619047616,0.010582010582010581,11.687830687830688,0.5071014025939276,-0.04316314767062268
1628998,2025-26,10,2,5,0,0.3,0.1,0.1,0.5,0.1,0.2,0.1,0.0,0.1,0.0,14.8,0.547595365824381,-0.25240463417561904
1629001,2025-26,528,215,245,72,0.29924242424242425,0.17803030303030304,0.058712121212121215,0.4640151515151515,0.011363636363636364,0.32765151515151514,0.0946969696969697,0.01893939393939394,0.14393939393939395,0.043560606060606064,14.547348484848484,0.5564463351724388,-0.036356695130591477
1629004,2025-26,362,173,240,98,0.20994475138121546,0.0856353591160221,0.04143646408839779,0.6629834254143646,0.022099447513812154,0.22375690607734808,0.024861878453038673,0.0055248618784530384,0.1574585635359116,0.10220994475138122,17.820441988950275,0.5782603662011268,0.0561609186873146
1629006,2025-26,294,125,161,62,0.3469387755102041,0.06802721088435375,0.03741496598639456,0.5476190476190477,0.10884353741496598,0.272108843537415,0.034013605442176874,0.003401360544217687,0.023809523809523808,0.006802721088435374,14.656462585034014,0.5155433963260299,-0.05928653564675934
1629008,2025-26,958,444,485,176,0.25260960334029225,0.09081419624217119,0.15031315240083507,0.5062630480167014,0.05323590814196242,0.20772442588726514,0.04592901878914405,0.006263048016701462,0.16597077244258873,0.06680584551148225,16.423799582463467,0.5517032324510887,0.01516878568699681
1629011,2025-26,206,149,0,0,0.9902912621359223,0.009708737864077669,0.0,0.0,0.5145631067961165,0.48058252427184467,0.0,0.0,0.0,0.0,0.7135922330097088,0.2518531404600981,-0.02484588866611548
1629012,2025-26,742,360,279,112,0.36522911051212936,0.16846361185983827,0.09029649595687332,0.37601078167115903,0.004043126684636119,0.35983827493261455,0.11590296495956873,0.008086253369272238,0.18194070080862534,0.04582210242587601,12.81132075471698,0.538656225753071,0.02383142790940529
1629013,2025-26,364,159,263,103,0.17307692307692307,0.046703296703296704,0.057692307692307696,0.7225274725274725,0.013736263736263736,0.1565934065934066,0.016483516483516484,0.0027472527472527475,0.19230769230769232,0.07417582417582418,19.071428571428573,0.5866682846561249,0.02348147146931162
1629014,2025-26,648,285,379,146,0.10648148148148148,0.15123456790123457,0.1574074074074074,0.5848765432098766,0.0030864197530864196,0.14660493827160495,0.09259259259259259,0.012345679012345678,0.24382716049382716,0.14814814814814814,19.055555555555557,0.5983936027770289,0.03820841759184368
1629018,2025-26,473,183,342,123,0.046511627906976744,0.11627906976744186,0.11416490486257928,0.7230443974630021,0.0,0.0507399577167019,0.08668076109936575,0.0021141649048625794,0.1543340380549683,0.12050739957716702,21.054968287526428,0.6119795830249815,-0.0011282393851664851
1629020,2025-26,240,113,99,29,0.55,0.029166666666666667,0.008333333333333333,0.4125,0.19166666666666668,0.37916666666666665,0.008333333333333333,0.0,0.0,0.0,10.725,0.4484772245783184,-0.08068944208834827
1629021,2025-26,195,83,70,22,0.49230769230769234,0.1282051282051282,0.020512820512820513,0.358974358974359,0.041025641025641026,0.4358974358974359,0.05641025641025641,0.06153846153846154,0.010256410256410256,0.0,11.025641025641026,0.5000592801284589,-0.07429969423051541
1629023,2025-26,658,296,234,76,0.3601823708206687,0.22948328267477203,0.0547112462006079,0.3556231003039514,0.08814589665653495,0.2674772036474164,0.14893617021276595,0.07142857142857142,0.0668693009118541,0.010638297872340425,11.667173252279635,0.5107823833607356,-0.03936959232315501
1629026,2025-26,296,140,129,50,0.34121621621621623,0.11148648648648649,0.11148648648648649,0.4358108108108108,0.02364864864864865,0.32094594594594594,0.04054054054054054,0.0033783783783783786,0.16891891891891891,0.02364864864864865,14.280405405405405,0.5349982992617783,0.007971272234751303
1629027,2025-26,177,81,80,27,0.2033898305084746,0.1977401129943503,0.14689265536723164,0.4519774011299435,0.0,0.1864406779661017,0.2655367231638418,0.005649717514124294,0.288135593220339,0.12994350282485875,16.412429378531073,0.5767986278977454,0.034425746541813185
1629028,2025-26,601,403,0,0,0.5840266222961731,0.3544093178036606,0.06156405990016639,0.0,0.21630615640599002,0.33277870216306155,0.11314475873544093,0.15640599001663893,0.013311148086522463,0.0,4.818635607321132,0.4082415185917302,0.0787906034502992
1629029,2025-26,1457,693,694,254,0.1393273850377488,0.2230610844200412,0.16129032258064516,0.47632120796156485,0.002745367192862045,0.11805078929306795,0.16060398078242966,0.0013726835964310226,0.17638984214138642,0.2539464653397392,17.300617707618393,0.5843392914389514,0.05997415760230074
1629048,2025-26,225,152,11,2,0.8666666666666667,0.07111111111111111,0.013333333333333334,0.04888888888888889,0.30666666666666664,0.5377777777777778,0.022222222222222223,0.06222222222222222,0.0,0.0,2.96,0.3394208170987463,0.01497637265430185
1629057,2025-26,250,177,23,9,0.812,0.056,0.04,0.092,0.508,0.304,0.028,0.024,0.004,0.0,4.084,0.2946405039828174,0.0026405039828173438
1629060,2025-26,597,307,262,116,0.20603015075376885,0.11390284757118928,0.24120603015075376,0.4388609715242881,0.05695142378559464,0.16080402010050251,0.006700167504187605,0.006700167504187605,0.16080402010050251,0.05695142378559464,16.001675041876048,0.5457790673114744,0.060016923257873056
1629111,2025-26,548,282,193,74,0.4233576642335766,0.17883211678832117,0.04562043795620438,0.3521897810218978,0.06204379562043796,0.29927007299270075,0.02737226277372263,0.17883211678832117,0.0036496350364963502,0.0018248175182481751,11.186131386861314,0.5029573581201423,0.017555898266127745
1629130,2025-26,698,318,536,220,0.12893982808022922,0.07736389684813753,0.025787965616045846,0.7679083094555874,0.0057306590257879654,0.1174785100286533,0.08166189111747851,0.004297994269340974,0.16332378223495703,0.014326647564469915,20.303724928366762,0.599975048434634,0.05556244098477725
1629162,2025-26,79,33,40,17,0.3291139240506329,0.08860759493670886,0.0759493670886076,0.5063291139240507,0.0,0.26582278481012656,0.13924050632911392,0.0,0.16455696202531644,0.0379746835443038,14.683544303797468,0.5575521520891755,-0.0247263289234827
1629216,2025-26,216,76,173,59,0.06481481481481481,0.07407407407407407,0.06018518518518518,0.8009259259259259,0.0,0.06944444444444445,0.06481481481481481,0.0,0.19444444444444445,0.08796296296296297,21.63425925925926,0.6166152983435084,-0.03153284980463977
1629234,2025-26,156,93,7,1,0.5,0.391025641025641,0.0641025641025641,0.04487179487179487,0.2692307692307692,0.3076923076923077,0.09615384615384616,0.23076923076923078,0.019230769230769232,0.0,5.948717948717949,0.4120233667243911,0.00817721287823725
1629312,2025-26,23,12,14,8,0.21739130434782608,0.17391304347826086,0.0,0.6086956521739131,0.0,0.13043478260869565,0.21739130434782608,0.043478260869565216,0.043478260869565216,0.0,17.17391304347826,0.5785408698602321,0.10028000029501472
1629599,2025-26,113,55,49,17,0.23008849557522124,0.17699115044247787,0.1592920353982301,0.4336283185840708,0.017699115044247787,0.23008849557522124,0.061946902654867256,0.0,0.18584070796460178,0.017699115044247787,14.769911504424778,0.5506785204743513,0.037404184191165424
1629610,2025-26,19,11,9,4,0.47368421052631576,0.05263157894736842,0.0,0.47368421052631576,0.15789473684210525,0.3157894736842105,0.05263157894736842,0.0,0.10526315789473684,0.05263157894736842,12.31578947368421,0.4767432246755713,0.05569059309662394
1629611,2025-26,368,168,154,56,0.3423913043478261,0.14130434782608695,0.09782608695652174,0.41847826086956524,0.04619565217391304,0.2907608695652174,0.03804347826086957,0.002717391304347826,0.11141304347826086,0.11684782608695653,13.543478260869565,0.526703234464851,-0.016775026404714233
1629614,2025-26,753,333,296,107,0.2058432934926959,0.16334661354581673,0.23771580345285526,0.3930942895086321,0.005312084993359893,0.21248339973439576,0.05179282868525897,0.0013280212483399733,0.2735723771580345,0.1593625498007968,16.08100929614874,0.563860095354779,0.006091171051990141
1629618,2025-26,232,98,127,49,0.16810344827586207,0.12931034482758622,0.15517241379310345,0.5474137931034483,0.004310344827586207,0.14655172413793102,0.09051724137931035,0.008620689655172414,0.16810344827586207,0.15517241379310345,17.745689655172413,0.5798185915101424,0.0022323846135906544
1629622,2025-26,106,47,82,33,0.16037735849056603,0.0660377358490566,0.0,0.7735849056603774,0.02830188679245283,0.1509433962264151,0.03773584905660377,0.0,0.11320754716981132,0.009433962264150943,20.19811320754717,0.5887323631956694,0.03212858961076365
1629627,2025-26,807,484,4,1,0.7670384138785625,0.21313506815365552,0.01486988847583643,0.004956629491945477,0.10285006195786865,0.6728624535315985,0.1090458488228005,0.042131350681536554,0.03593556381660471,0.004956629491945477,3.12639405204461,0.41811563338165847,0.017867801907061165
1629628,2025-26,816,401,283,96,0.39338235294117646,0.23284313725490197,0.02696078431372549,0.34681372549019607,0.0428921568627451,0.3394607843137255,0.17279411764705882,0.02696078431372549,0.028186274509803922,0.012254901960784314,11.300245098039216,0.5149021578660018,0.006323726493452808
1629630,2025-26,322,132,85,20,0.2950310559006211,0.32298136645962733,0.11801242236024845,0.2639751552795031,0.031055900621118012,0.2857142857142857,0.18012422360248448,0.0,0.2236024844720497,0.10248447204968944,12.003105590062113,0.5302302533775964,-0.059831858423645745
1629631,2025-26,501,208,246,75,0.18562874251497005,0.17365269461077845,0.1497005988023952,0.49101796407185627,0.033932135728542916,0.16766467065868262,0.11976047904191617,0.001996007984031936,0.17365269461077845,0.05588822355289421,16.233532934131738,0.5630004427086788,-0.021829896612678534
1629632,2025-26,623,278,318,115,0.3017656500802568,0.09470304975922954,0.09309791332263243,0.5104333868378812,0.0016051364365971107,0.30818619582664525,0.056179775280898875,0.0032102728731942215,0.1958266452648475,0.0754414125200642,15.82182985553772,0.5606932312690307,0.006921160643027446
1629634,2025-26,9,3,0,0,0.6666666666666666,0.3333333333333333,0.0,0.0,0.0,0.5555555555555556,0.0,0.1111111111111111,0.2222222222222222,0.0,3.5555555555555554,0.44961716089047077,-0.21704950577619592
1629636,2025-26,672,309,308,122,0.2261904761904762,0.2113095238095238,0.10416666666666667,0.4583333333333333,0.0,0.21875,0.18303571428571427,0.004464285714285714,0.25892857142857145,0.08928571428571429,15.821428571428571,0.5703434569019883,0.030164885473416836
1629637,2025-26,262,198,3,3,0.8625954198473282,0.12595419847328243,0.0,0.011450381679389313,0.5,0.38549618320610685,0.05725190839694656,0.04198473282442748,0.0,0.0,2.354961832061069,0.2820495894740124,0.03777478031370707
1629638,2025-26,1195,548,629,251,0.27615062761506276,0.1087866108786611,0.0887029288702929,0.5263598326359833,0.0100418410041841,0.2711297071129707,0.06527196652719665,0.0066945606694560665,0.15313807531380752,0.06861924686192468,15.796652719665271,0.5592045479162084,0.01778195377394909
1629639,2025-26,515,247,222,84,0.14563106796116504,0.29902912621359223,0.12427184466019417,0.43106796116504853,0.003883495145631068,0.1553398058252427,0.23495145631067962,0.0,0.24854368932038834,0.07961165048543689,15.745631067961165,0.5778151346679371,0.057426785153374016
1629640,2025-26,797,414,273,99,0.4780426599749059,0.1618569636135508,0.01756587202007528,0.342534504391468,0.04015056461731493,0.39523212045169387,0.08657465495608532,0.0890840652446675,0.037641154328732745,0.005018820577164366,10.33375156838143,0.5051679153775122,0.024615845114023982
1629645,2025-26,514,239,143,46,0.33073929961089493,0.1867704280155642,0.20428015564202334,0.2782101167315175,0.06420233463035019,0.28599221789883267,0.08560311284046693,0.0019455252918287938,0.18093385214007782,0.17120622568093385,12.40272373540856,0.5176607395850454,-0.017358715667872837
1629646,2025-26,47,31,0,0,0.6808510638297872,0.2765957446808511,0.0425531914893617,0.0,0.19148936170212766,0.5957446808510638,0.1276595744680851,0.0425531914893617,0.0,0.0,3.595744680851064,0.4054528484900266,0.06502731657513294
1629651,2025-26,583,333,19,3,0.6861063464837049,0.2367066895368782,0.044596912521440824,0.032590051457975985,0.23842195540308747,0.41509433962264153,0.10120068610634649,0.16638078902229847,0.010291595197255575,0.008576329331046312,4.1406518010291595,0.39111523127467573,-0.03770123527763991
1629652,2025-26,524,202,372,128,0.13549618320610687,0.08587786259541985,0.06870229007633588,0.7099236641221374,0.03244274809160305,0.1049618320610687,0.015267175572519083,0.0,0.11641221374045801,0.04770992366412214,20.00381679389313,0.5808453260716768,-0.03365849072221633
1629655,2025-26,316,207,0,0,0.8481012658227848,0.13291139240506328,0.0189873417721519,0.0,0.3449367088607595,0.4873417721518987,0.0379746835443038,0.09177215189873418,0.0031645569620253164,0.0,2.2974683544303796,0.33204416211597476,-0.012892546744784683
1629656,2025-26,755,340,380,127,0.34966887417218545,0.06357615894039735,0.08344370860927153,0.5033112582781457,0.052980132450331126,0.3125827814569536,0.018543046357615896,0.0026490066225165563,0.16821192052980133,0.0781456953642384,15.203973509933775,0.5330982270118214,-0.016570647160363938
1629660,2025-26,215,102,100,42,0.16279069767441862,0.2744186046511628,0.09767441860465116,0.46511627906976744,0.0,0.16744186046511628,0.2837209302325581,0.0,0.2837209302325581,0.12558139534883722,16.386046511627907,0.5852303634805283,0.059648968131691016
1629661,2025-26,475,228,256,110,0.26526315789473687,0.0968421052631579,0.09894736842105263,0.5389473684210526,0.05263157894736842,0.24421052631578946,0.05473684210526316,0.002105263157894737,0.12842105263157894,0.02736842105263158,16.069473684210525,0.5480448586992434,0.028044858699243336
1629673,2025-26,444,165,288,96,0.22297297297297297,0.08333333333333333,0.04504504504504504,0.6486486486486487,0.0022522522522522522,0.22747747747747749,0.06531531531531531,0.0022522522522522522,0.22072072072072071,0.09684684684684684,18.684684684684683,0.5819887710872342,-0.046389607291144164
1629674,2025-26,499,326,8,1,0.7374749498997996,0.22044088176352705,0.026052104208416832,0.01603206412825651,0.25851703406813625,0.49298597194388777,0.11422845691382766,0.09218436873747494,0.004008016032064128,0.0,3.444889779559118,0.375061856779779,0.028368470006231883
1629675,2025-26,871,397,448,162,0.22732491389207807,0.21239954075774972,0.045924225028702644,0.5143513203214696,0.02870264064293915,0.18484500574052812,0.13088404133180254,0.09873708381171067,0.05166475315729047,0.0642939150401837,15.342135476463834,0.5593030894662191,0.015101022876092829
1629680,2025-26,134,58,93,37,0.22388059701492538,0.08208955223880597,0.0,0.6940298507462687,0.022388059701492536,0.208955223880597,0.05223880597014925,0.014925373134328358,0.05970149253731343,0.007462686567164179,18.03731343283582,0.5706131883821427,0.0034490092776650605
1629684,2025-26,183,78,134,52,0.10382513661202186,0.1092896174863388,0.0546448087431694,0.73224043715847,0.01092896174863388,0.08743169398907104,0.04371584699453552,0.02185792349726776,0.07103825136612021,0.0273224043715847,19.94535519125683,0.5966529879064858,0.022882496103207084
1629723,2025-26,199,94,99,28,0.4221105527638191,0.04522613065326633,0.035175879396984924,0.49748743718592964,0.02512562814070352,0.39195979899497485,0.05025125628140704,0.0,0.02512562814070352,0.01507537688442211,13.5678391959799,0.5233650071129878,-0.004273183841785988
1629726,2025-26,52,21,46,17,0.07692307692307693,0.019230769230769232,0.019230769230769232,0.8846153846153846,0.0,0.07692307692307693,0.038461538461538464,0.0,0.07692307692307693,0.0,22.76923076923077,0.6141396738139668,0.01798582766012069
1629731,2025-26,278,122,196,71,0.23741007194244604,0.02877697841726619,0.02877697841726619,0.7050359712230215,0.046762589928057555,0.18345323741007194,0.01079136690647482,0.014388489208633094,0.017985611510791366,0.0035971223021582736,17.985611510791365,0.561901687236797,0.0007506081001062981
1629750,2025-26,414,185,247,94,0.3115942028985507,0.057971014492753624,0.033816425120772944,0.5966183574879227,0.0893719806763285,0.24879227053140096,0.04106280193236715,0.004830917874396135,0.016908212560386472,0.007246376811594203,16.1256038647343,0.5320942332527825,-0.021045863365574957
1630162,2025-26,1231,602,514,205,0.2518277822908205,0.1372867587327376,0.1933387489845654,0.41754670999187654,0.04467912266450041,0.20308692120227456,0.07554833468724614,0.00487408610885459,0.2859463850528026,0.16328188464662877,15.28757108042242,0.5527500594282883,0.04178336568336544
1630163,2025-26,1244,506,740,272,0.16639871382636656,0.17684887459807075,0.06189710610932476,0.594855305466238,0.005627009646302251,0.1495176848874598,0.18006430868167203,0.0040192926045016075,0.20819935691318328,0.14469453376205788,18.383440514469452,0.5897683127929365,-0.0034792756315008555
1630164,2025-26,10,6,0,0,0.7,0.2,0.1,0.0,0.4,0.4,0.0,0.1,0.0,0.0,4.0,0.3363756545635349,-0.06362434543646511
1630165,2025-26,138,42,63,17,0.09420289855072464,0.2608695652173913,0.18840579710144928,0.45652173913043476,0.0,0.13043478260869565,0.13768115942028986,0.0,0.3333333333333333,0.08695652173913043,17.355072463768117,0.5869158006166291,-0.10873637329641445
1630166,2025-26,1064,492,393,125,0.40977443609022557,0.17293233082706766,0.047932330827067667,0.3693609022556391,0.022556390977443608,0.3975563909774436,0.09492481203007519,0.013157894736842105,0.09774436090225563,0.08740601503759399,12.223684210526315,0.5242842494615645,-0.013309735500841469
1630167,2025-26,199,100,105,37,0.33668341708542715,0.05527638190954774,0.08040201005025126,0.5276381909547738,0.12060301507537688,0.20603015075376885,0.03015075376884422,0.0,0.11055276381909548,0.010050251256281407,15.442211055276381,0.5128039085431498,0.01531647135722014
1630168,2025-26,860,413,383,144,0.31976744186046513,0.2255813953488372,0.009302325581395349,0.44534883720930235,0.0686046511627907,0.2302325581395349,0.11976744186046512,0.12093023255813953,0.00813953488372093,0.005813953488372093,13.31860465116279,0.5246636488531955,0.004896206992730412
1630170,2025-26,755,330,432,166,0.11125827814569536,0.10198675496688742,0.21456953642384105,0.5721854304635762,0.02913907284768212,0.08609271523178808,0.022516556291390728,0.0,0.2675496688741722,0.011920529801324504,18.629139072847682,0.5806326717697909,0.017718764485022798
1630171,2025-26,459,211,220,72,0.47276688453159044,0.04357298474945534,0.004357298474945534,0.4793028322440087,0.02832244008714597,0.4095860566448802,0.0457516339869281,0.034858387799564274,0.02178649237472767,0.026143790849673203,12.429193899782135,0.5171153899309536,-0.023189620962292545
1630172,2025-26,478,178,274,95,0.24267782426778242,0.1401673640167364,0.043933054393305436,0.5732217573221757,0.03138075313807531,0.2112970711297071,0.04811715481171548,0.03347280334728033,0.09414225941422594,0.014644351464435146,16.63389121338912,0.5581002628382423,-0.06951479992326393
1630173,2025-26,598,316,97,27,0.5367892976588629,0.25752508361204013,0.043478260869565216,0.16220735785953178,0.1354515050167224,0.4682274247491639,0.1254180602006689,0.048494983277591976,0.013377926421404682,0.011705685618729096,7.306020066889632,0.4560742311499113,-0.015497675204603767
1630174,2025-26,512,212,277,105,0.20703125,0.140625,0.111328125,0.541015625,0.02734375,0.208984375,0.078125,0.0,0.1484375,0.04296875,16.765625,0.565644756410562,-0.020292743589437945
1630175,2025-26,231,98,72,22,0.21645021645021645,0.3246753246753247,0.1471861471861472,0.3116883116883117,0.008658008658008658,0.22510822510822512,0.16883116883116883,0.03896103896103896,0.2077922077922078,0.06926406926406926,13.480519480519481,0.5535551519844399,-0.02220242377313586
1630178,2025-26,1501,694,600,221,0.31379080612924715,0.1658894070619587,0.12058627581612258,0.39973351099267157,0.020652898067954697,0.2918054630246502,0.12991339107261826,0.005996002664890073,0.17388407728181213,0.13790806129247168,14.371085942704864,0.5457724756100995,0.00813090332495614
1630180,2025-26,967,436,412,151,0.3619441571871768,0.1468459152016546,0.06514994829369183,0.42605997931747674,0.04653567735263702,0.3133402275077559,0.050672182006204755,0.02688728024819028,0.09203722854188211,0.03722854188210962,13.161323681489142,0.526475701103523,-0.02264529165759388
1630182,2025-26,181,83,138,58,0.1712707182320442,0.055248618784530384,0.011049723756906077,0.7624309392265194,0.03867403314917127,0.143646408839779,0.027624309392265192,0.0055248618784530384,0.022099447513812154,0.011049723756906077,18.85082872928177,0.5793852176691905,0.03794875358079269
1630183,2025-26,809,417,250,103,0.3164400494437577,0.24351050679851668,0.13102595797280595,0.30902348578491967,0.09270704573547589,0.2360939431396786,0.12978986402966625,0.002472187886279357,0.18541409147095178,0.048207663782447466,11.870210135970334,0.514020651772735,0.029471826061981066
1630188,2025-26,404,195,221,82,0.3787128712871287,0.05198019801980198,0.022277227722772276,0.5470297029702971,0.07920792079207921,0.2871287128712871,0.022277227722772276,0.034653465346534656,0.012376237623762377,0.009900990099009901,14.794554455445544,0.5192071252535153,0.0018803925802479693
1630191,2025-26,402,221,120,40,0.5497512437810945,0.1417910447761194,0.009950248756218905,0.29850746268656714,0.1318407960199005,0.3805970149253731,0.024875621890547265,0.14427860696517414,0.012437810945273632,0.004975124378109453,9.25870646766169,0.4637840175920146,0.01353526137310912
1630192,2025-26,151,71,54,14,0.5298013245033113,0.046357615894039736,0.06622516556291391,0.3576158940397351,0.16556291390728478,0.39072847682119205,0.006622516556291391,0.006622516556291391,0.026490066225165563,0.013245033112582781,11.112582781456954,0.4583428817420844,-0.07145844276122687
1630193,2025-26,905,401,476,178,0.14033149171270717,0.24419889502762432,0.08950276243093923,0.5259668508287293,0.004419889502762431,0.1414364640883978,0.20441988950276244,0.0033149171270718232,0.16464088397790055,0.05303867403314917,17.23204419889503,0.5822841343374723,0.025378056989405928
1630194,2025-26,339,209,40,13,0.6194690265486725,0.19174041297935104,0.07079646017699115,0.11799410029498525,0.14749262536873156,0.46017699115044247,0.0471976401179941,0.11209439528023599,0.014749262536873156,0.02064896755162242,6.445427728613569,0.4331213343441269,0.049640508385424886
1630198,2025-26,543,247,427,181,0.09944751381215469,0.0423572744014733,0.0718232044198895,0.7863720073664825,0.02394106813996317,0.08103130755064457,0.016574585635359115,0.001841620626151013,0.08839779005524862,0.09023941068139964,21.51197053406998,0.5986190755242664,0.05349937018356654
1630200,2025-26,617,341,130,41,0.5721231766612642,0.17990275526742303,0.03727714748784441,0.2106969205834684,0.0016207455429497568,0.5526742301458671,0.1847649918962723,0.004862236628849271,0.07455429497568881,0.004862236628849271,7.875202593192869,0.49148454557031807,0.044158775716185206
1630202,2025-26,1091,506,562,212,0.1466544454628781,0.20623281393217233,0.13198900091659027,0.5151237396883593,0.0,0.1677360219981668,0.0384967919340055,0.0,0.23006416131989002,0.15490375802016498,17.91017415215399,0.5805489467269757,0.044343630503327625
1630208,2025-26,201,103,18,5,0.6567164179104478,0.21393034825870647,0.03980099502487562,0.08955223880597014,0.24378109452736318,0.43781094527363185,0.05970149253731343,0.08955223880597014,0.004975124378109453,0.0,5.208955223880597,0.39424392016556487,-0.0933182688891615
1630209,2025-26,26,11,4,0,0.5769230769230769,0.23076923076923078,0.038461538461538464,0.15384615384615385,0.11538461538461539,0.38461538461538464,0.11538461538461539,0.19230769230769232,0.0,0.0,6.961538461538462,0.4529194808108732,-0.12400359611220374
1630214,2025-26,46,20,18,3,0.3695652173913043,0.21739130434782608,0.021739130434782608,0.391304347826087,0.021739130434782608,0.2826086956521739,0.17391304347826086,0.10869565217391304,0.06521739130434782,0.0,12.065217391304348,0.53201345917957,-0.0332039321247779
1630217,2025-26,1205,583,427,167,0.35518672199170126,0.16514522821576763,0.12531120331950207,0.35435684647302906,0.0016597510373443983,0.3809128630705394,0.12531120331950207,0.011618257261410789,0.1983402489626556,0.06390041493775933,12.991701244813278,0.5413313584454019,0.02514878583129404
1630224,2025-26,512,216,227,71,0.28515625,0.09765625,0.173828125,0.443359375,0.04296875,0.279296875,0.02734375,0.0,0.201171875,0.173828125,15.31640625,0.5458298161978766,-0.03229518380212337
1630228,2025-26,339,157,105,35,0.39823008849557523,0.1887905604719764,0.10324483775811209,0.30973451327433627,0.10914454277286136,0.2861356932153392,0.04424778761061947,0.014749262536873156,0.10324483775811209,0.04129793510324484,11.424778761061948,0.4919431290259252,-0.044930027316257726
1630230,2025-26,821,419,213,62,0.3227771010962241,0.3447015834348356,0.0730816077953715,0.25943970767356883,0.012180267965895249,0.3081607795371498,0.23142509135200975,0.007308160779537149,0.12667478684531058,0.010962241169305725,10.790499390986602,0.5268621992653792,0.0372154270363903
1630241,2025-26,484,223,375,158,0.11363636363636363,0.05578512396694215,0.05578512396694215,0.7747933884297521,0.0,0.11570247933884298,0.045454545454545456,0.006198347107438017,0.1921487603305785,0.045454545454545456,20.9400826446281,0.6060172343590354,0.06676103601192801
1630245,2025-26,747,386,280,123,0.4578313253012048,0.12182061579651941,0.04551539491298527,0.3748326639892905,0.020080321285140562,0.44176706827309237,0.11244979919678715,0.002677376171352075,0.08433734939759036,0.014725568942436412,11.54350736278447,0.5137509664059626,0.030484567476913083
1630249,2025-26,429,192,328,128,0.12354312354312354,0.08158508158508158,0.030303030303030304,0.7645687645687645,0.011655011655011656,0.1048951048951049,0.06060606060606061,0.002331002331002331,0.1351981351981352,0.04195804195804196,20.433566433566433,0.5973284245265026,0.04488087207895014
1630256,2025-26,109,56,32,10,0.44036697247706424,0.22935779816513763,0.03669724770642202,0.29357798165137616,0.01834862385321101,0.42201834862385323,0.045871559633027525,0.12844036697247707,0.009174311926605505,0.01834862385321101,9.908256880733944,0.50973858968686,0.023500057576768374
1630264,2025-26,215,135,48,17,0.5302325581395348,0.21395348837209302,0.03255813953488372,0.22325581395348837,0.08837209302325581,0.4232558139534884,0.12558139534883722,0.09767441860465116,0.013953488372093023,0.004651162790697674,8.158139534883722,0.4709571209659128,0.09886409771009885
1630286,2025-26,50,19,19,6,0.38,0.08,0.16,0.38,0.1,0.26,0.1,0.0,0.02,0.06,12.44,0.5109601991955091,-0.10903980080449088
1630311,2025-26,436,186,168,60,0.22477064220183487,0.2545871559633027,0.1353211009174312,0.3853211009174312,0.009174311926605505,0.21100917431192662,0.08944954128440367,0.006880733944954129,0.25,0.09862385321100918,14.245412844036696,0.5595283245858045,-0.013866170827039559
1630314,2025-26,617,291,155,36,0.47163695299837927,0.17179902755267423,0.1053484602917342,0.25121555915721233,0.017828200972447326,0.49108589951377635,0.07617504051863858,0.0032414910858995136,0.12965964343598055,0.04700162074554295,10.19773095623987,0.504080140359139,-0.024282906642481783
1630322,2025-26,88,33,79,27,0.06818181818181818,0.0,0.03409090909090909,0.8977272727272727,0.022727272727272728,0.03409090909090909,0.022727272727272728,0.0,0.18181818181818182,0.022727272727272728,22.829545454545453,0.6153142103966898,-0.00968578960331018
1630526,2025-26,100,37,41,10,0.45,0.07,0.07,0.41,0.04,0.43,0.01,0.0,0.04,0.01,11.97,0.5103803381488945,-0.11961966185110551
1630529,2025-26,478,183,260,80,0.303347280334728,0.09414225941422594,0.058577405857740586,0.5439330543933054,0.043933054393305436,0.25313807531380755,0.060669456066945605,0.010460251046025104,0.1192468619246862,0.02301255230125523,15.535564853556485,0.5437303328568359,-0.07342447885864517
1630530,2025-26,1050,494,565,214,0.27714285714285714,0.12857142857142856,0.05619047619047619,0.5380952380952381,0.10666666666666667,0.17714285714285713,0.09523809523809523,0.0019047619047619048,0.17714285714285713,0.0761904761904762,16.46952380952381,0.5324935545260034,0.0029697450021939353
1630532,2025-26,507,244,139,48,0.41420118343195267,0.22682445759368836,0.08481262327416174,0.27416173570019725,0.029585798816568046,0.3826429980276134,0.1854043392504931,0.04142011834319527,0.08678500986193294,0.07297830374753451,10.840236686390533,0.5144438829616855,-0.004293789622140831
1630533,2025-26,433,184,251,86,0.2863741339491917,0.09468822170900693,0.03926096997690531,0.5796766743648961,0.08083140877598152,0.21709006928406466,0.050808314087759814,0.0,0.07621247113163972,0.020785219399538105,15.824480369515012,0.5358459792187045,-0.03921175750184985
1630534,2025-26,280,122,128,34,0.4357142857142857,0.08214285714285714,0.025,0.45714285714285713,0.11071428571428571,0.3464285714285714,0.039285714285714285,0.0035714285714285713,0.06428571428571428,0.014285714285714285,12.7,0.4979867108405487,-0.0662990034451656
1630536,2025-26,247,127,76,29,0.4008097165991903,0.16194331983805668,0.12955465587044535,0.3076923076923077,0.0,0.4048582995951417,0.0728744939271255,0.0,0.16194331983805668,0.13765182186234817,11.748987854251013,0.5227286078083215,0.036898648294151515
1630538,2025-26,468,212,299,116,0.23504273504273504,0.05128205128205128,0.07478632478632478,0.6388888888888888,0.002136752136752137,0.24145299145299146,0.038461538461538464,0.0,0.21794871794871795,0.13034188034188035,17.92948717948718,0.5780508324029937,0.0310422853944467
1630540,2025-26,404,171,271,112,0.10891089108910891,0.054455445544554455,0.16584158415841585,0.6707920792079208,0.007425742574257425,0.10643564356435643,0.022277227722772276,0.0,0.2747524752475248,0.08663366336633663,19.84158415841584,0.5980481778337333,0.021315504566406573
1630541,2025-26,557,245,377,151,0.17594254937163376,0.0933572710951526,0.05385996409335727,0.6768402154398564,0.019748653500897665,0.1813285457809695,0.03231597845601436,0.003590664272890485,0.09874326750448834,0.019748653500897665,18.51346499102334,0.5796184863552414,0.019474859784325782
1630543,2025-26,237,151,3,0,0.8312236286919831,0.12658227848101267,0.029535864978902954,0.012658227848101266,0.18565400843881857,0.6033755274261603,0.0379746835443038,0.12236286919831224,0.016877637130801686,0.008438818565400843,2.8143459915611815,0.38422250877772723,0.021353310465490938
1630544,2025-26,303,109,155,50,0.1782178217821782,0.1848184818481848,0.1254125412541254,0.5115511551155115,0.009900990099009901,0.1848184818481848,0.11551155115511551,0.0,0.23432343234323433,0.1254125412541254,17.165016501650165,0.5760997895768551,-0.06416423682578515
1630545,2025-26,171,77,76,31,0.39766081871345027,0.08771929824561403,0.07017543859649122,0.4444444444444444,0.05847953216374269,0.36257309941520466,0.08771929824561403,0.0,0.11695906432748537,0.06432748538011696,13.222222222222221,0.5201576911970871,-0.029549911142094265
1630548,2025-26,38,16,24,6,0.13157894736842105,0.15789473684210525,0.07894736842105263,0.631578947368421,0.0,0.10526315789473684,0.0,0.05263157894736842,0.21052631578947367,0.05263157894736842,18.5,0.5866673184732648,0.0077199500522121545
1630549,2025-26,356,214,39,9,0.7556179775280899,0.12359550561797752,0.011235955056179775,0.10955056179775281,0.16292134831460675,0.5449438202247191,0.025280898876404494,0.13764044943820225,0.0056179775280898875,0.011235955056179775,4.76123595505618,0.4037774363664398,0.004901031872057815
1630551,2025-26,462,232,166,53,0.5411255411255411,0.08441558441558442,0.015151515151515152,0.3593073593073593,0.10606060606060606,0.4696969696969697,0.032467532467532464,0.021645021645021644,0.03463203463203463,0.010822510822510822,10.545454545454545,0.4766754952773884,-0.02116000255810946
1630552,2025-26,1228,600,341,120,0.34609120521172637,0.26058631921824105,0.11563517915309446,0.2776872964169381,0.0732899022801303,0.25895765472312704,0.1742671009771987,0.007328990228013029,0.13029315960912052,0.038273615635179156,11.482899022801304,0.5121330600434209,0.0007324085776228006
1630557,2025-26,394,184,237,87,0.3020304568527919,0.08629441624365482,0.01015228426395939,0.6015228426395939,0.025380710659898477,0.2969543147208122,0.05583756345177665,0.0025380710659898475,0.0532994923857868,0.02284263959390863,16.431472081218274,0.5536491175953389,0.020654193737470794
1630558,2025-26,533,261,228,90,0.3133208255159475,0.19136960600375236,0.0675422138836773,0.4277673545966229,0.0,0.3395872420262664,0.1275797373358349,0.005628517823639775,0.09380863039399624,0.08630393996247655,13.784240150093808,0.5505878565492268,0.04026890720588727
1630559,2025-26,762,373,328,118,0.2769028871391076,0.22965879265091863,0.06299212598425197,0.4304461942257218,0.005249343832020997,0.28083989501312334,0.10498687664041995,0.003937007874015748,0.23622047244094488,0.09317585301837271,14.65485564304462,0.5540877044002726,0.04358901673623056
1630560,2025-26,461,189,168,52,0.19088937093275488,0.210412147505423,0.23427331887201736,0.3644251626898048,0.004338394793926247,0.18004338394793926,0.1822125813449024,0.0021691973969631237,0.25379609544468545,0.175704989154013,15.071583514099784,0.5664863928383743,-0.023535299135595267
1630567,2025-26,1123,569,224,68,0.37043633125556547,0.25645592163846836,0.1736420302760463,0.19946571682991987,0.11219946571682991,0.26179875333926983,0.06322350845948353,0.06589492430988424,0.1371326803205699,0.015138023152270703,10.09973285841496,0.4870014824652995,-0.0063199779086987595
1630568,2025-26,357,206,127,55,0.46218487394957986,0.15126050420168066,0.03081232492997199,0.3557422969187675,0.0196078431372549,0.4677871148459384,0.08683473389355742,0.05322128851540616,0.0,0.0,11.260504201680673,0.5083840233521435,0.08541483567707336
1630570,2025-26,268,138,50,10,0.4925373134328358,0.29850746268656714,0.022388059701492536,0.1865671641791045,0.014925373134328358,0.458955223880597,0.25,0.033582089552238806,0.022388059701492536,0.014925373134328358,8.152985074626866,0.5012109776050182,0.01613635073934655
1630572,2025-26,631,330,296,115,0.3993660855784469,0.11727416798732171,0.014263074484944533,0.46909667194928684,0.07923930269413629,0.3011093502377179,0.06497622820919176,0.03803486529318542,0.01584786053882726,0.00792393026941363,13.231378763866879,0.5108514762374702,0.03383087401876972
1630573,2025-26,601,252,503,197,0.05324459234608985,0.036605657237936774,0.07321131447587355,0.8369384359400999,0.0016638935108153079,0.059900166389351084,0.008319467554076539,0.0,0.2079866888519135,0.011647254575707155,22.960066555740433,0.617603723838313,0.03690488856377061
1630574,2025-26,80,45,4,1,0.675,0.2625,0.0125,0.05,0.2375,0.425,0.1625,0.1,0.0125,0.0,4.325,0.3888021421019071,-0.04869785789809289
1630577,2025-26,689,301,512,195,0.17561683599419448,0.06095791001451379,0.020319303338171262,0.7431059506531205,0.0420899854862119,0.14078374455732948,0.05224963715529753,0.002902757619738752,0.05660377358490566,0.013062409288824383,19.124818577648767,0.5775224868381508,0.014387508608832977
1630578,2025-26,1123,583,131,40,0.44612644701691895,0.3392698130008905,0.09795191451469279,0.11665182546749778,0.08014247551202137,0.3241317898486198,0.06322350845948353,0.23686553873552982,0.05253784505788068,0.013357079252003561,8.075690115761354,0.4784915358333922,-0.0023633172387360624
1630579,2025-26,185,145,0,0,0.9081081081081082,0.08108108108108109,0.010810810810810811,0.0,0.5783783783783784,0.34054054054054056,0.05945945945945946,0.010810810810810811,0.0,0.0,1.6864864864864866,0.2486143084353123,0.032398092219096064
1630581,2025-26,717,321,283,103,0.3333333333333333,0.21338912133891214,0.058577405857740586,0.3947001394700139,0.011157601115760111,0.2859135285913529,0.21896792189679218,0.01394700139470014,0.1297071129707113,0.023709902370990237,12.90934449093445,0.5424241547628318,-0.009877100467293731
1630583,2025-26,476,228,200,70,0.29411764705882354,0.20168067226890757,0.08403361344537816,0.42016806722689076,0.04411764705882353,0.24369747899159663,0.19117647058823528,0.02100840336134454,0.04411764705882353,0.01050420168067227,13.586134453781513,0.5388186610077816,0.017810257646437178
1630587,2025-26,64,22,40,12,0.234375,0.078125,0.0625,0.625,0.046875,0.234375,0.015625,0.0,0.078125,0.0625,17.1875,0.5614229061928042,-0.09482709380719573
1630590,2025-26,96,43,32,10,0.2916666666666667,0.28125,0.09375,0.3333333333333333,0.010416666666666666,0.3541666666666667,0.14583333333333334,0.0,0.17708333333333334,0.07291666666666667,12.541666666666666,0.5434111577987133,-0.008672175534620075
1630591,2025-26,649,282,360,122,0.21571648690292758,0.12326656394453005,0.10631741140215717,0.5546995377503852,0.02465331278890601,0.1802773497688752,0.09399075500770417,0.0061633281972265025,0.22342064714946072,0.08320493066255778,17.180277349768875,0.5674100133757449,0.0019246512802134075
1630592,2025-26,278,110,152,54,0.25539568345323743,0.1618705035971223,0.03597122302158273,0.5467625899280576,0.0,0.25539568345323743,0.11510791366906475,0.039568345323741004,0.04316546762589928,0.0035971223021582736,15.744604316546763,0.564683390439616,-0.03963315632297387
1630595,2025-26,1189,548,366,125,0.30950378469301937,0.2304457527333894,0.15222876366694701,0.30782169890664424,0.04121110176619008,0.280067283431455,0.11017661900756939,0.0336417157275021,0.22792262405382674,0.08915054667788057,12.719091673675358,0.5357399511505865,-0.0033685433826347033
1630596,2025-26,859,469,210,62,0.4935972060535506,0.2048894062863795,0.0570430733410943,0.24447031431897556,0.25261932479627475,0.22933643771827705,0.06752037252619325,0.0989522700814901,0.059371362048894066,0.005820721769499418,9.110593713620489,0.43097900115679,-0.023037296864164558
1630598,2025-26,536,231,270,96,0.3283582089552239,0.12126865671641791,0.04664179104477612,0.503731343283582,0.03544776119402985,0.28544776119402987,0.09328358208955224,0.009328358208955223,0.08955223880597014,0.05223880597014925,14.60820895522388,0.5419951629249524,-0.027034687821316294
1630604,2025-26,111,54,52,18,0.27927927927927926,0.1981981981981982,0.05405405405405406,0.46846846846846846,0.07207207207207207,0.1891891891891892,0.10810810810810811,0.05405405405405406,0.02702702702702703,0.018018018018018018,14.216216216216216,0.5308104365401465,0.017296923026632938
1630610,2025-26,83,33,30,4,0.37349397590361444,0.18072289156626506,0.08433734939759036,0.3614457831325301,0.03614457831325301,0.3132530120481928,0.13253012048192772,0.0,0.1686746987951807,0.012048192771084338,12.457831325301205,0.5186419105354274,-0.08376772801878946
1630611,2025-26,460,230,222,78,0.4043478260869565,0.10434782608695652,0.008695652173913044,0.4826086956521739,0.015217391304347827,0.40652173913043477,0.05,0.02391304347826087,0.02391304347826087,0.013043478260869565,13.58695652173913,0.5332543908829719,0.03325439088297194
1630619,2025-26,115,66,0,0,0.9304347826086956,0.06956521739130435,0.0,0.0,0.3739130434782609,0.5652173913043478,0.017391304347826087,0.034782608695652174,0.0,0.0,1.434782608695652,0.3063710622904655,-0.1197158942312736
1630621,2025-26,14,5,4,0,0.14285714285714285,0.35714285714285715,0.21428571428571427,0.2857142857142857,0.0,0.07142857142857142,0.2857142857142857,0.07142857142857142,0.0,0.0,12.428571428571429,0.5665801013505813,-0.07627704150656156
1630623,2025-26,145,58,108,43,0.0896551724137931,0.08275862068965517,0.08275862068965517,0.7448275862068966,0.006896551724137931,0.0896551724137931,0.06896551724137931,0.013793103448275862,0.1310344827586207,0.020689655172413793,20.662068965517243,0.6047746599579883,0.004774659957988314
1630625,2025-26,12,4,1,0,0.5,0.25,0.16666666666666666,0.08333333333333333,0.0,0.6666666666666666,0.16666666666666666,0.0,0.0,0.08333333333333333,7.0,0.5212312083880597,-0.145435458278607
1630631,2025-26,449,187,287,101,0.1870824053452116,0.14699331848552338,0.026726057906458798,0.6391982182628062,0.0,0.18485523385300667,0.1358574610244989,0.0,0.21158129175946547,0.051224944320712694,17.875278396436524,0.5877925392813695,0.004273608323685785
1630639,2025-26,78,34,45,19,0.3974358974358974,0.02564102564102564,0.0,0.5769230769230769,0.05128205128205128,0.358974358974359,0.0,0.0,0.0,0.01282051282051282,14.333333333333334,0.523768398111657,-0.04033416599090711
1630643,2025-26,611,291,373,119,0.3060556464811784,0.07037643207855974,0.01309328968903437,0.6104746317512275,0.15220949263502456,0.15220949263502456,0.02618657937806874,0.03273322422258593,0.019639934533551555,0.004909983633387889,16.891980360065467,0.5130565129991747,-0.010675074562200182
1630644,2025-26,59,23,30,7,0.3898305084745763,0.0847457627118644,0.01694915254237288,0.5084745762711864,0.0,0.4067796610169492,0.05084745762711865,0.0,0.0847457627118644,0.03389830508474576,15.0,0.5372476163900619,-0.0729218751353618
1630649,2025-26,2,1,1,0,0.0,0.5,0.0,0.5,0.0,0.0,0.0,0.0,0.5,0.0,15.5,0.5789163396819317,0.07891633968193174
1630658,2025-26,5,2,0,0,0.2,0.8,0.0,0.0,0.0,0.2,0.4,0.0,0.2,0.0,5.6,0.5119301076933944,-0.0880698923066055
1630679,2025-26,196,74,116,38,0.1989795918367347,0.10714285714285714,0.10204081632653061,0.5918367346938775,0.00510204081632653,0.1836734693877551,0.08163265306122448,0.00510204081632653,0.15816326530612246,0.02040816326530612,17.23469387755102,0.5755944455854485,-0.04685453400638834
1630692,2025-26,555,229,302,112,0.2828828828828829,0.11351351351351352,0.05945945945945946,0.5441441441441441,0.009009009009009009,0.27927927927927926,0.07567567567567568,0.0036036036036036037,0.11351351351351352,0.03423423423423423,15.807207207207208,0.5576577194851772,-0.02972966790221021
1630695,2025-26,293,151,168,71,0.3037542662116041,0.08532423208191127,0.03754266211604096,0.5733788395904437,0.10580204778156997,0.20136518771331058,0.013651877133105802,0.04436860068259386,0.0,0.0,15.679180887372013,0.5258211448293171,0.04117950660406117
1630696,2025-26,325,135,129,38,0.35384615384615387,0.2123076923076923,0.036923076923076927,0.39692307692307693,0.0,0.37846153846153846,0.15692307692307692,0.036923076923076927,0.06461538461538462,0.003076923076923077,12.276923076923078,0.5420407923809076,-0.04257459223447696
1630699,2025-26,76,33,47,16,0.2631578947368421,0.02631578947368421,0.09210526315789473,0.618421052631579,0.039473684210526314,0.21052631578947367,0.039473684210526314,0.0,0.2236842105263158,0.013157894736842105,17.75,0.5618913975111609,-0.0038980761730496027
1630700,2025-26,777,402,117,22,0.5598455598455598,0.2676962676962677,0.021879021879021878,0.15057915057915058,0.07722007722007722,0.44272844272844275,0.2625482625482625,0.04633204633204633,0.015444015444015444,0.003861003861003861,6.861003861003861,0.46618777748325635,-0.01643770514222631
1630702,2025-26,429,182,262,104,0.14685314685314685,0.15384615384615385,0.08857808857808858,0.6107226107226107,0.018648018648018648,0.1561771561771562,0.09557109557109557,0.0,0.14219114219114218,0.09090909090909091,17.89044289044289,0.5829935647319819,0.007235988974406138
1630703,2025-26,342,143,162,57,0.2631578947368421,0.15204678362573099,0.1111111111111111,0.47368421052631576,0.03508771929824561,0.24853801169590642,0.09941520467836257,0.005847953216374269,0.2222222222222222,0.07602339181286549,15.26608187134503,0.5532488730492753,-0.028622471979964537
1630811,2025-26,171,68,102,38,0.07017543859649122,0.2222222222222222,0.1111111111111111,0.5964912280701754,0.005847953216374269,0.04678362573099415,0.15789473684210525,0.005847953216374269,0.23391812865497075,0.13450292397660818,19.309941520467838,0.5960627220339682,-0.006276459252581579
1630828,2025-26,8,3,7,2,0.0,0.0,0.125,0.875,0.0,0.0,0.0,0.0,0.125,0.0,23.25,0.6246815217545014,-0.00031847824549857684
1630846,2025-26,7,5,3,2,0.5714285714285714,0.0,0.0,0.42857142857142855,0.42857142857142855,0.14285714285714285,0.0,0.0,0.0,0.0,11.142857142857142,0.3748511555732038,0.08913686985891811
1631093,2025-26,256,114,134,50,0.2578125,0.09765625,0.12109375,0.5234375,0.01953125,0.2578125,0.05078125,0.0078125,0.11328125,0.0859375,16.61328125,0.558129638445552,0.0034421384455519677
1631094,2025-26,1152,529,275,84,0.4140625,0.1831597222222222,0.1640625,0.2387152777777778,0.057291666666666664,0.3802083333333333,0.06510416666666667,0.013020833333333334,0.18055555555555555,0.06336805555555555,10.641493055555555,0.5051351834601423,-0.035663427650968804
1631095,2025-26,975,438,488,177,0.19589743589743588,0.1558974358974359,0.1476923076923077,0.5005128205128205,0.06871794871794872,0.14461538461538462,0.017435897435897435,0.0010256410256410256,0.1753846153846154,0.02358974358974359,16.30871794871795,0.5486351429729783,-0.002134087796252404
1631096,2025-26,779,434,243,88,0.4249037227214377,0.17843388960205392,0.08472400513478819,0.3119383825417201,0.19383825417201542,0.2233632862644416,0.04749679075738126,0.01668806161745828,0.04749679075738126,0.03594351732991014,11.097560975609756,0.4639836174980243,0.021108136111631537
1631097,2025-26,677,291,238,75,0.32200886262924666,0.14771048744460857,0.17872968980797638,0.3515509601181684,0.03840472673559823,0.29394387001477107,0.0930576070901034,0.008862629246676515,0.2821270310192024,0.047267355982274745,13.8109305760709,0.5353500436843501,-0.03481243785183896
1631099,2025-26,300,126,112,31,0.16333333333333333,0.28,0.18333333333333332,0.37333333333333335,0.03666666666666667,0.16666666666666666,0.13,0.006666666666666667,0.15666666666666668,0.06333333333333334,15.343333333333334,0.5589387553523494,-0.021061244647650634
1631101,2025-26,868,392,306,103,0.3467741935483871,0.12327188940092165,0.1774193548387097,0.35253456221198154,0.07603686635944701,0.2995391705069124,0.052995391705069124,0.0034562211981566822,0.22004608294930875,0.17050691244239632,13.620967741935484,0.521583820694085,-0.026803276080108573
1631102,2025-26,19,9,8,3,0.15789473684210525,0.3684210526315789,0.05263157894736842,0.42105263157894735,0.05263157894736842,0.10526315789473684,0.21052631578947367,0.0,0.21052631578947367,0.15789473684210525,14.31578947368421,0.5492350100111838,0.022919220537499563
1631103,2025-26,91,43,37,14,0.4065934065934066,0.15384615384615385,0.03296703296703297,0.4065934065934066,0.03296703296703297,0.45054945054945056,0.08791208791208792,0.01098901098901099,0.12087912087912088,0.03296703296703297,12.692307692307692,0.5323582014834792,0.004885674010951746
1631104,2025-26,124,56,36,10,0.5,0.08064516129032258,0.12903225806451613,0.2903225806451613,0.016129032258064516,0.47580645161290325,0.056451612903225805,0.0,0.12903225806451613,0.0,10.725806451612904,0.5044188957224408,-0.04396820105175275
1631105,2025-26,803,522,0,0,0.7995018679950187,0.1581569115815691,0.04234122042341221,0.0,0.2503113325031133,0.5217932752179327,0.06351183063511831,0.08094645080946451,0.029887920298879204,0.0012453300124533001,3.1855541718555416,0.3678167993095044,0.017879065810127104
1631106,2025-26,580,241,259,93,0.3448275862068966,0.13793103448275862,0.0706896551724138,0.44655172413793104,0.056896551724137934,0.31724137931034485,0.056896551724137934,0.005172413793103448,0.07586206896551724,0.017241379310344827,13.808620689655172,0.5251326899420949,-0.059350068678594714
1631107,2025-26,314,115,167,45,0.2802547770700637,0.14012738853503184,0.04777070063694268,0.5318471337579618,0.009554140127388535,0.27388535031847133,0.10828025477707007,0.03184713375796178,0.03184713375796178,0.025477707006369428,15.210191082802547,0.5583738224259798,-0.07538413935745969
1631108,2025-26,725,320,446,180,0.2013793103448276,0.10896551724137932,0.07448275862068965,0.6151724137931035,0.04275862068965517,0.16137931034482758,0.06758620689655172,0.001379310344827586,0.19034482758620688,0.06896551724137931,17.495172413793103,0.5678531576076402,0.009232467952467738
1631109,2025-26,438,282,1,1,0.7671232876712328,0.20319634703196346,0.0273972602739726,0.00228310502283105,0.3036529680365297,0.4931506849315068,0.06164383561643835,0.11643835616438356,0.0,0.0,2.91324200913242,0.3542395388800337,-0.0019248446816101383
1631110,2025-26,129,64,45,11,0.5348837209302325,0.09302325581395349,0.023255813953488372,0.3488372093023256,0.18604651162790697,0.3488372093023256,0.015503875968992248,0.015503875968992248,0.023255813953488372,0.0,10.333333333333334,0.4485860120102505,-0.05528995698199757
1631111,2025-26,7,4,1,0,0.8571428571428571,0.0,0.0,0.14285714285714285,0.14285714285714285,0.7142857142857143,0.0,0.0,0.0,0.0,5.428571428571429,0.3909404619144279,-0.03763096665700072
1631113,2025-26,137,61,38,15,0.40145985401459855,0.24817518248175183,0.072992700729927,0.2773722627737226,0.0,0.40145985401459855,0.21897810218978103,0.0,0.0948905109489051,0.0364963503649635,11.058394160583942,0.5227989686160347,-0.031945556931410546
1631114,2025-26,446,216,77,23,0.4013452914798206,0.257847533632287,0.1681614349775785,0.1726457399103139,0.06726457399103139,0.3721973094170404,0.07623318385650224,0.002242152466367713,0.1860986547085202,0.10762331838565023,9.663677130044842,0.4973383820698407,-0.01835668519473327
1631115,2025-26,5,3,2,1,0.4,0.0,0.2,0.4,0.0,0.6,0.0,0.0,0.0,0.0,12.4,0.5438467767278536,0.14384677672785368
1631116,2025-26,27,11,14,6,0.25925925925925924,0.18518518518518517,0.037037037037037035,0.5185185185185185,0.037037037037037035,0.2962962962962963,0.07407407407407407,0.07407407407407407,0.1111111111111111,0.0,15.185185185185185,0.5609389127861606,-0.03165367980643197
1631117,2025-26,37,26,8,6,0.5945945945945946,0.1891891891891892,0.0,0.21621621621621623,0.2702702702702703,0.43243243243243246,0.0,0.05405405405405406,0.0,0.0,7.135135135135135,0.40841916719597426,0.111121869898677
1631119,2025-26,352,149,256,98,0.14488636363636365,0.07954545454545454,0.048295454545454544,0.7272727272727273,0.03409090909090909,0.11363636363636363,0.05397727272727273,0.011363636363636364,0.022727272727272728,0.008522727272727272,19.707386363636363,0.5823801721630262,0.005675626708480763
1631120,2025-26,64,24,32,8,0.21875,0.21875,0.0625,0.5,0.0,0.203125,0.171875,0.015625,0.203125,0.015625,16.1875,0.5676677265851346,-0.05733227341486535
1631121,2025-26,237,114,93,38,0.4430379746835443,0.11814345991561181,0.046413502109704644,0.3924050632911392,0.0970464135021097,0.3333333333333333,0.06329113924050633,0.004219409282700422,0.06329113924050633,0.04219409282700422,12.130801687763713,0.4947673182461887,-0.024220023525963197
1631123,2025-26,236,108,78,23,0.2923728813559322,0.2076271186440678,0.1694915254237288,0.3305084745762712,0.038135593220338986,0.3050847457627119,0.1228813559322034,0.00847457627118644,0.11016949152542373,0.19491525423728814,13.423728813559322,0.5386979909231951,-0.0036748904327370546
1631124,2025-26,319,149,150,58,0.27586206896551724,0.18495297805642633,0.06896551724137931,0.4702194357366771,0.012539184952978056,0.2601880877742947,0.21630094043887146,0.006269592476489028,0.09404388714733543,0.034482758620689655,14.830721003134796,0.5530818164058744,0.02016645590430699
1631126,2025-26,490,190,292,93,0.21428571428571427,0.10816326530612246,0.08163265306122448,0.5959183673469388,0.014285714285714285,0.21428571428571427,0.09183673469387756,0.0,0.1489795918367347,0.10612244897959183,18.038775510204083,0.5767444592042053,-0.03550043875497849
1631127,2025-26,6,5,1,1,0.6666666666666666,0.16666666666666666,0.0,0.16666666666666666,0.0,0.6666666666666666,0.16666666666666666,0.0,0.0,0.0,6.5,0.5005301959802924,0.3338635293136257
1631128,2025-26,389,202,143,43,0.5269922879177378,0.056555269922879174,0.04884318766066838,0.3676092544987147,0.08740359897172237,0.45758354755784064,0.017994858611825194,0.005141388174807198,0.05912596401028278,0.02313624678663239,11.174807197943444,0.48210647606013857,0.001386681715665583
1631131,2025-26,145,92,0,0,0.7241379310344828,0.2413793103448276,0.034482758620689655,0.0,0.1103448275862069,0.6,0.15172413793103448,0.07586206896551724,0.0,0.0,3.420689655172414,0.4112252813753363,0.04570803999602602
1631132,2025-26,74,31,9,1,0.5945945945945946,0.21621621621621623,0.06756756756756757,0.12162162162162163,0.3108108108108108,0.3108108108108108,0.0945945945945946,0.0945945945945946,0.0,0.0,6.418918918918919,0.3882669062608153,-0.1928141748202658
1631133,2025-26,213,97,95,32,0.47417840375586856,0.06572769953051644,0.014084507042253521,0.4460093896713615,0.06572769953051644,0.4413145539906103,0.014084507042253521,0.009389671361502348,0.018779342723004695,0.0,12.084507042253522,0.5014782570329506,-0.043122681934185614
1631157,2025-26,1030,486,453,184,0.2737864077669903,0.13592233009708737,0.15048543689320387,0.43980582524271844,0.014563106796116505,0.2737864077669903,0.06407766990291262,0.003883495145631068,0.18446601941747573,0.18058252427184465,15.096116504854368,0.5533139972007755,0.025158657394950268
1631159,2025-26,262,145,99,32,0.5572519083969466,0.04961832061068702,0.015267175572519083,0.37786259541984735,0.14885496183206107,0.4083969465648855,0.022900763358778626,0.015267175572519083,0.03435114503816794,0.011450381679389313,10.492366412213741,0.45856915042534185,0.012004264929158626
1631165,2025-26,384,169,251,91,0.171875,0.109375,0.06510416666666667,0.6536458333333334,0.059895833333333336,0.12239583333333333,0.06510416666666667,0.0026041666666666665,0.13020833333333334,0.041666666666666664,18.325520833333332,0.5670169246424868,0.007121091309153449
1631166,2025-26,66,38,25,11,0.2878787878787879,0.21212121212121213,0.12121212121212122,0.3787878787878788,0.0,0.24242424242424243,0.22727272727272727,0.09090909090909091,0.0,0.030303030303030304,13.484848484848484,0.545758440614704,0.12151601637227982
1631169,2025-26,252,126,153,64,0.28174603174603174,0.0992063492063492,0.011904761904761904,0.6071428571428571,0.10317460317460317,0.20238095238095238,0.03571428571428571,0.01984126984126984,0.05555555555555555,0.011904761904761904,16.535714285714285,0.5357248034242394,0.035724803424239504
1631170,2025-26,915,464,183,58,0.4087431693989071,0.3180327868852459,0.073224043715847,0.2,0.0273224043715847,0.3737704918032787,0.18579234972677597,0.06885245901639345,0.04918032786885246,0.014207650273224045,9.076502732240437,0.513272451284622,0.020376276421233963
1631172,2025-26,398,168,185,63,0.20351758793969849,0.15829145728643215,0.17336683417085427,0.4648241206030151,0.04271356783919598,0.16080402010050251,0.05527638190954774,0.002512562814070352,0.20603015075376885,0.17587939698492464,16.3643216080402,0.558305020368796,-0.01958442686738493
1631174,2025-26,112,42,66,22,0.26785714285714285,0.125,0.017857142857142856,0.5892857142857143,0.026785714285714284,0.21428571428571427,0.08928571428571429,0.03571428571428571,0.044642857142857144,0.07142857142857142,16.339285714285715,0.5569077128738076,-0.06809228712619236
1631199,2025-26,110,46,80,28,0.17272727272727273,0.09090909090909091,0.00909090909090909,0.7272727272727273,0.01818181818181818,0.19090909090909092,0.01818181818181818,0.0,0.1,0.03636363636363636,19.227272727272727,0.5848295870241109,0.003011405205929074
1631200,2025-26,276,129,122,34,0.5144927536231884,0.043478260869565216,0.0,0.4420289855072464,0.13405797101449277,0.4166666666666667,0.0,0.0036231884057971015,0.0,0.007246376811594203,11.601449275362318,0.47411880408488505,-0.05848989156728884
1631204,2025-26,177,69,106,44,0.15819209039548024,0.11864406779661017,0.12429378531073447,0.5988700564971752,0.0,0.14689265536723164,0.07909604519774012,0.011299435028248588,0.23728813559322035,0.1638418079096045,18.559322033898304,0.5885895238545298,-0.021579967670893874
1631205,2025-26,6,2,6,2,0.0,0.0,0.0,1.0,0.0,0.0,0.0,0.0,0.3333333333333333,0.0,24.333333333333332,0.6440862877458686,-0.022580378920798116
1631207,2025-26,155,68,66,24,0.4129032258064516,0.12903225806451613,0.03225806451612903,0.4258064516129032,0.03870967741935484,0.3935483870967742,0.1032258064516129,0.0,0.03870967741935484,0.04516129032258064,12.316129032258065,0.5256524614033449,-0.03563786117730022
1631210,2025-26,6,4,0,0,0.6666666666666666,0.16666666666666666,0.16666666666666666,0.0,0.5,0.16666666666666666,0.16666666666666666,0.0,0.0,0.0,4.333333333333333,0.30756203427612216,-0.025771299057211206
1631211,2025-26,12,3,9,2,0.16666666666666666,0.0,0.08333333333333333,0.75,0.0,0.08333333333333333,0.08333333333333333,0.0,0.25,0.0,21.25,0.6095884574796446,-0.14041154252035537
1631212,2025-26,581,285,197,81,0.36660929432013767,0.18588640275387264,0.10843373493975904,0.33907056798623064,0.10499139414802065,0.25989672977624784,0.12392426850258176,0.0068846815834767644,0.12220309810671257,0.03098106712564544,12.220309810671257,0.5026384726321225,-0.0068279645451581605
1631213,2025-26,277,109,165,53,0.24548736462093862,0.10830324909747292,0.05054151624548736,0.5956678700361011,0.021660649819494584,0.2527075812274368,0.07581227436823104,0.0,0.06859205776173286,0.04693140794223827,17.24548736462094,0.5650966862770669,-0.041401508668781506
1631214,2025-26,26,16,14,5,0.38461538461538464,0.038461538461538464,0.038461538461538464,0.5384615384615384,0.19230769230769232,0.19230769230769232,0.07692307692307693,0.0,0.07692307692307693,0.0,15.115384615384615,0.48437018870032156,0.09975480408493698
1631216,2025-26,26,14,21,11,0.11538461538461539,0.038461538461538464,0.038461538461538464,0.8076923076923077,0.038461538461538464,0.11538461538461539,0.0,0.0,0.07692307692307693,0.0,20.615384615384617,0.5960590134846574,0.13452055194619583
1631217,2025-26,363,229,2,1,0.8209366391184573,0.15702479338842976,0.01652892561983471,0.005509641873278237,0.30578512396694213,0.4820936639118457,0.09090909090909091,0.09090909090909091,0.008264462809917356,0.0,2.6666666666666665,0.34742330573536007,-0.021722699774281762
1631218,2025-26,124,71,1,1,0.9032258064516129,0.08870967741935484,0.0,0.008064516129032258,0.3387096774193548,0.5967741935483871,0.008064516129032258,0.04838709677419355,0.0,0.0,2.2580645161290325,0.32680272689335144,-0.1006166279453582
1631221,2025-26,842,352,578,232,0.0831353919239905,0.11520190023752969,0.11520190023752969,0.6864608076009501,0.0,0.1021377672209026,0.040380047505938245,0.0011876484560570072,0.36342042755344417,0.09144893111638955,20.815914489311165,0.609271131025215,0.027323387557281587
1631222,2025-26,523,240,243,78,0.3690248565965583,0.15487571701720843,0.011472275334608031,0.4646271510516252,0.0745697896749522,0.2944550669216061,0.07074569789674952,0.019120458891013385,0.04397705544933078,0.036328871892925434,13.413001912045889,0.5169740436627005,-0.0241349429529783
1631223,2025-26,30,15,11,3,0.5666666666666667,0.06666666666666667,0.0,0.36666666666666664,0.1,0.43333333333333335,0.03333333333333333,0.0,0.1,0.03333333333333333,10.1,0.47332975334640226,-0.02667024665359774
1631230,2025-26,399,215,81,21,0.6215538847117794,0.14035087719298245,0.03508771929824561,0.20300751879699247,0.18045112781954886,0.45112781954887216,0.05263157894736842,0.03258145363408521,0.022556390977443608,0.005012531328320802,7.225563909774436,0.4261705510522785,-0.034982331153235235
1631243,2025-26,290,131,130,40,0.3896551724137931,0.1,0.06206896551724138,0.4482758620689655,0.18275862068965518,0.18620689655172415,0.06206896551724138,0.034482758620689655,0.020689655172413793,0.0,12.644827586206896,0.48025872331980457,-0.06801713874916093
1631245,2025-26,328,154,118,42,0.4451219512195122,0.10975609756097561,0.08536585365853659,0.3597560975609756,0.07926829268292683,0.3719512195121951,0.057926829268292686,0.003048780487804878,0.11280487804878049,0.07317073170731707,12.164634146341463,0.5003343206531964,-0.030153484224852423
1631246,2025-26,292,103,177,55,0.1506849315068493,0.18493150684931506,0.05821917808219178,0.6061643835616438,0.0136986301369863,0.13013698630136986,0.11301369863013698,0.00684931506849315,0.21575342465753425,0.0273972602739726,17.681506849315067,0.5811578154441726,-0.06610245852843022
1631247,2025-26,36,9,16,1,0.4166666666666667,0.1111111111111111,0.027777777777777776,0.4444444444444444,0.05555555555555555,0.4444444444444444,0.027777777777777776,0.0,0.0,0.027777777777777776,12.25,0.5163528856966345,-0.2336471143033655
1631248,2025-26,333,151,243,97,0.0960960960960961,0.10510510510510511,0.06906906906906907,0.7297297297297297,0.015015015015015015,0.08108108108108109,0.07507507507507508,0.009009009009009009,0.15615615615615616,0.04804804804804805,20.36936936936937,0.5993775442751154,0.05283099772856881
1631250,2025-26,194,100,119,50,0.27319587628865977,0.09278350515463918,0.020618556701030927,0.6134020618556701,0.07216494845360824,0.17010309278350516,0.02577319587628866,0.10309278350515463,0.020618556701030927,0.010309278350515464,16.628865979381445,0.5409525486615545,0.05641646618732771
1631255,2025-26,235,142,90,38,0.5404255319148936,0.06382978723404255,0.01276595744680851,0.3829787234042553,0.30638297872340425,0.225531914893617,0.01276595744680851,0.05531914893617021,0.00425531914893617,0.0,10.391489361702128,0.41702203594818943,0.021277355097125583
1631260,2025-26,618,262,554,232,0.032362459546925564,0.02912621359223301,0.042071197411003236,0.8964401294498382,0.0016181229773462784,0.02912621359223301,0.012944983818770227,0.0,0.18608414239482202,0.06310679611650485,23.629449838187703,0.6259416417851487,0.04988986184987354
1631288,2025-26,152,74,73,28,0.2894736842105263,0.14473684210526316,0.08552631578947369,0.48026315789473684,0.07236842105263158,0.23026315789473684,0.1118421052631579,0.013157894736842105,0.09868421052631579,0.02631578947368421,14.256578947368421,0.5329003613269235,0.019742466590081442
1631321,2025-26,334,133,198,59,0.3023952095808383,0.07784431137724551,0.02694610778443114,0.592814371257485,0.11976047904191617,0.19461077844311378,0.05089820359281437,0.005988023952095809,0.041916167664670656,0.014970059880239521,15.850299401197605,0.5249759136362657,-0.07682049354936304
1631323,2025-26,471,194,328,123,0.21868365180467092,0.059447983014861996,0.025477707006369428,0.6963906581740976,0.01910828025477707,0.21231422505307856,0.03821656050955414,0.016985138004246284,0.08492569002123142,0.027600849256900213,18.367303609341825,0.5785945716874099,-0.009515831709617617
1631338,2025-26,11,6,5,1,0.5454545454545454,0.0,0.0,0.45454545454545453,0.18181818181818182,0.36363636363636365,0.0,0.0,0.09090909090909091,0.0,11.0,0.4555922399572143,0.001046785411759732
1631342,2025-26,279,120,186,62,0.21863799283154123,0.1039426523297491,0.010752688172043012,0.6666666666666666,0.08602150537634409,0.17921146953405018,0.05017921146953405,0.0,0.05017921146953405,0.0035842293906810036,18.0,0.5548713942162973,-0.015021078901982343
1631351,2025-26,75,25,53,15,0.22666666666666666,0.05333333333333334,0.013333333333333334,0.7066666666666667,0.0,0.24,0.013333333333333334,0.013333333333333334,0.09333333333333334,0.02666666666666667,18.706666666666667,0.5816792447089194,-0.08498742195774728
1631451,2025-26,41,9,23,3,0.21951219512195122,0.1951219512195122,0.024390243902439025,0.5609756097560976,0.024390243902439025,0.24390243902439024,0.0975609756097561,0.024390243902439025,0.14634146341463414,0.04878048780487805,16.195121951219512,0.5701647036003801,-0.21032310127766865
1631457,2025-26,7,3,1,0,0.5714285714285714,0.14285714285714285,0.14285714285714285,0.14285714285714285,0.0,0.5714285714285714,0.14285714285714285,0.0,0.14285714285714285,0.0,7.714285714285714,0.4789111022256749,-0.09251746920289655
1631466,2025-26,88,43,30,13,0.48863636363636365,0.17045454545454544,0.0,0.3409090909090909,0.06818181818181818,0.4090909090909091,0.11363636363636363,0.056818181818181816,0.011363636363636364,0.011363636363636364,10.397727272727273,0.499242268228257,-0.01212136813537934
1641705,2025-26,1080,553,350,122,0.38055555555555554,0.12314814814814815,0.17222222222222222,0.32407407407407407,0.18055555555555555,0.2037037037037037,0.04537037037037037,0.009259259259259259,0.1259259259259259,0.03518518518518519,12.339814814814815,0.4795378298044114,-0.008425133158551534
1641706,2025-26,1044,454,533,204,0.17337164750957854,0.20977011494252873,0.10632183908045977,0.5105363984674329,0.0603448275862069,0.11206896551724138,0.09003831417624521,0.01053639846743295,0.23659003831417624,0.032567049808429116,16.766283524904214,0.5587172191157895,-0.0064168805010687
1641707,2025-26,355,163,184,63,0.36056338028169016,0.10422535211267606,0.016901408450704224,0.5183098591549296,0.08169014084507042,0.28169014084507044,0.07605633802816901,0.022535211267605635,0.01971830985915493,0.022535211267605635,14.174647887323944,0.5213669112650333,-0.019478159157501895
1641708,2025-26,1044,557,116,25,0.5411877394636015,0.2442528735632184,0.10344827586206896,0.1111111111111111,0.20881226053639848,0.36398467432950193,0.12260536398467432,0.005747126436781609,0.09961685823754789,0.019157088122605363,7.323754789272031,0.42628989642196535,-0.04018519936347531
1641709,2025-26,577,303,24,6,0.6291161178509532,0.2634315424610052,0.0658578856152513,0.0415944540727903,0.18890814558058924,0.45753899480069327,0.09532062391681109,0.02079722703639515,0.08492201039861352,0.0017331022530329288,5.076256499133449,0.4135076351864293,-0.06136238214459322
1641710,2025-26,772,345,300,100,0.3743523316062176,0.16191709844559585,0.07512953367875648,0.38860103626943004,0.10362694300518134,0.3069948186528497,0.08031088082901554,0.007772020725388601,0.16968911917098445,0.04922279792746114,12.814766839378239,0.5063724309499669,-0.04673637734018865
1641711,2025-26,384,161,186,56,0.3020833333333333,0.09635416666666667,0.1171875,0.484375,0.06510416666666667,0.2604166666666667,0.033854166666666664,0.0078125,0.125,0.028645833333333332,14.9921875,0.5333661265055867,-0.04736304016108006
1641712,2025-26,313,123,136,44,0.3258785942492013,0.1757188498402556,0.06389776357827476,0.43450479233226835,0.03194888178913738,0.28753993610223644,0.06389776357827476,0.025559105431309903,0.12460063897763578,0.04153354632587859,13.543130990415335,0.5352269822303802,-0.07180177176323
1641713,2025-26,514,255,193,64,0.44163424124513617,0.15369649805447472,0.029182879377431907,0.3754863813229572,0.11478599221789883,0.3346303501945525,0.11089494163424124,0.0038910505836575876,0.058365758754863814,0.07782101167315175,11.780155642023347,0.49204311983212834,-0.011847930751529234
1641715,2025-26,169,77,56,16,0.46153846153846156,0.1242603550295858,0.08284023668639054,0.33136094674556216,0.14201183431952663,0.33136094674556216,0.09467455621301775,0.005917159763313609,0.14792899408284024,0.11834319526627218,11.585798816568047,0.47716744394929056,-0.06721125427556152
1641716,2025-26,733,307,356,133,0.252387448840382,0.16780354706684858,0.0941336971350614,0.48567530695770805,0.04638472032742155,0.21964529331514324,0.11323328785811733,0.01227830832196453,0.15279672578444747,0.027285129604365622,15.582537517053206,0.5498365310988078,-0.031336729474179925
1641717,2025-26,584,252,288,101,0.3784246575342466,0.09417808219178082,0.03424657534246575,0.4931506849315068,0.059931506849315065,0.3287671232876712,0.06678082191780822,0.00684931506849315,0.07876712328767123,0.032534246575342464,14.003424657534246,0.5254950690270102,-0.04299808165792135
1641718,2025-26,881,402,362,134,0.21566401816118047,0.21112372304199772,0.1623155505107832,0.4108967082860386,0.032917139614074914,0.2395005675368899,0.14755959137343927,0.0022701475595913734,0.2383654937570942,0.06923950056753689,15.12372304199773,0.5608242058383518,0.017123865316217846
1641722,2025-26,257,94,135,47,0.13229571984435798,0.0933852140077821,0.2490272373540856,0.5252918287937743,0.0311284046692607,0.11673151750972763,0.03501945525291829,0.0,0.311284046692607,0.0622568093385214,18.373540856031127,0.5778244599585083,-0.05641678517767856
1641723,2025-26,50,15,26,5,0.16,0.22,0.1,0.52,0.0,0.18,0.14,0.0,0.2,0.06,17.38,0.5774278259721314,-0.12257217402786863
1641724,2025-26,251,105,145,54,0.22709163346613545,0.1394422310756972,0.055776892430278883,0.5776892430278885,0.035856573705179286,0.22310756972111553,0.06772908366533864,0.00796812749003984,0.11553784860557768,0.055776892430278883,16.48207171314741,0.5642284208062858,-0.017444885966622636
1641725,2025-26,37,19,12,6,0.1891891891891892,0.24324324324324326,0.24324324324324326,0.32432432432432434,0.0,0.16216216216216217,0.13513513513513514,0.02702702702702703,0.24324324324324326,0.08108108108108109,13.837837837837839,0.5555889324089867,0.06910244592250009
1641726,2025-26,18,11,0,0,0.8888888888888888,0.1111111111111111,0.0,0.0,0.4444444444444444,0.3888888888888889,0.0,0.16666666666666666,0.0,0.0,1.6666666666666667,0.28916160370624244,-0.0997272851826464
1641727,2025-26,93,37,60,19,0.1935483870967742,0.10752688172043011,0.053763440860215055,0.6451612903225806,0.043010752688172046,0.20430107526881722,0.03225806451612903,0.010752688172043012,0.17204301075268819,0.08602150537634409,18.43010752688172,0.5742562445334782,-0.02789429310093039
1641729,2025-26,857,394,442,162,0.19603267211201866,0.18786464410735124,0.10035005834305717,0.5157526254375729,0.039673278879813305,0.16219369894982497,0.12485414235705951,0.003500583430571762,0.18203033838973162,0.056009334889148193,16.495915985997666,0.5619644581410403,0.021707748689465123
1641730,2025-26,631,250,393,129,0.20285261489698891,0.14421553090332806,0.030110935023771792,0.6228209191759112,0.044374009508716325,0.16798732171156894,0.09508716323296355,0.03486529318541997,0.05071315372424723,0.012678288431061807,17.210776545166404,0.565449571736035,-0.03835391479328348
1641731,2025-26,541,230,204,65,0.39186691312384475,0.15711645101663585,0.07393715341959335,0.37707948243992606,0.13863216266173753,0.2957486136783734,0.09242144177449169,0.0073937153419593345,0.08687615526802218,0.038817005545286505,12.353049907578558,0.49233967261760725,-0.08252169521973102
1641732,2025-26,3,1,2,0,0.3333333333333333,0.0,0.0,0.6666666666666666,0.0,0.3333333333333333,0.0,0.0,0.0,0.0,16.666666666666668,0.5541647977295663,-0.1125018689371004
1641733,2025-26,161,70,86,34,0.06832298136645963,0.2546583850931677,0.14285714285714285,0.5341614906832298,0.006211180124223602,0.043478260869565216,0.14906832298136646,0.006211180124223602,0.20496894409937888,0.13043478260869565,18.627329192546583,0.59280670732234,0.027589316017992194
1641737,2025-26,220,131,6,2,0.8772727272727273,0.09090909090909091,0.004545454545454545,0.02727272727272727,0.35454545454545455,0.5318181818181819,0.01818181818181818,0.022727272727272728,0.004545454545454545,0.0,2.2363636363636363,0.32587390651740256,-0.07867154802805199
1641738,2025-26,271,127,139,52,0.4059040590405904,0.05166051660516605,0.02952029520295203,0.5129151291512916,0.07380073800738007,0.33210332103321033,0.02214022140221402,0.025830258302583026,0.07380073800738007,0.007380073800738007,14.055350553505535,0.5151964696346848,-0.016168844018451756
1641739,2025-26,891,392,592,219,0.250280583613917,0.05948372615039282,0.025813692480359147,0.6644219977553311,0.050505050505050504,0.19753086419753085,0.04826038159371493,0.025813692480359147,0.09652076318742986,0.04601571268237935,17.58473625140292,0.5618700510078776,0.0018251576296508532
1641740,2025-26,228,99,101,33,0.3508771929824561,0.17105263157894737,0.03508771929824561,0.44298245614035087,0.039473684210526314,0.2850877192982456,0.2236842105263158,0.008771929824561403,0.017543859649122806,0.0043859649122807015,12.657894736842104,0.5316569723688501,-0.034132501315360386
1641744,2025-26,98,62,5,1,0.5918367346938775,0.336734693877551,0.02040816326530612,0.05102040816326531,0.19387755102040816,0.35714285714285715,0.02040816326530612,0.37755102040816324,0.0,0.0,4.755102040816326,0.41580454232867603,0.04845760355316586
1641747,2025-26,61,31,45,20,0.21311475409836064,0.01639344262295082,0.03278688524590164,0.7377049180327869,0.14754098360655737,0.06557377049180328,0.0,0.01639344262295082,0.03278688524590164,0.0,19.295081967213115,0.5379689753719754,0.046165696683450885
1641748,2025-26,119,39,60,15,0.29411764705882354,0.16806722689075632,0.03361344537815126,0.5042016806722689,0.13445378151260504,0.21008403361344538,0.1092436974789916,0.01680672268907563,0.09243697478991597,0.058823529411764705,14.840336134453782,0.5185335745282229,-0.15373533303480236
1641750,2025-26,291,219,5,0,0.8969072164948454,0.07216494845360824,0.013745704467353952,0.01718213058419244,0.46048109965635736,0.41924398625429554,0.030927835051546393,0.06529209621993128,0.003436426116838488,0.003436426116838488,2.1099656357388317,0.2892645096942972,0.041841829281926035
1641752,2025-26,27,9,13,4,0.2222222222222222,0.2222222222222222,0.07407407407407407,0.48148148148148145,0.037037037037037035,0.2222222222222222,0.14814814814814814,0.07407407407407407,0.0,0.0,14.851851851851851,0.5505553921993005,-0.11611127446736624
1641753,2025-26,7,4,3,0,0.42857142857142855,0.14285714285714285,0.0,0.42857142857142855,0.0,0.2857142857142857,0.14285714285714285,0.14285714285714285,0.0,0.0,11.142857142857142,0.5295226146806038,0.1009511861091752
1641755,2025-26,47,20,24,8,0.2978723404255319,0.0851063829787234,0.10638297872340426,0.5106382978723404,0.0,0.2978723404255319,0.06382978723404255,0.0,0.2553191489361702,0.0851063829787234,15.553191489361701,0.5620436119667176,-0.012424473139665382
1641757,2025-26,399,212,110,38,0.47869674185463656,0.20802005012531327,0.03759398496240601,0.2756892230576441,0.03007518796992481,0.46365914786967416,0.11528822055137844,0.007518796992481203,0.06265664160401002,0.022556390977443608,10.12280701754386,0.5012557651662186,0.03258408596822365
1641761,2025-26,9,5,0,0,0.7777777777777778,0.2222222222222222,0.0,0.0,0.3333333333333333,0.3333333333333333,0.2222222222222222,0.1111111111111111,0.0,0.0,3.5555555555555554,0.3432890525533563,-0.10115539189108813
1641763,2025-26,121,51,65,20,0.33884297520661155,0.11570247933884298,0.008264462809917356,0.5371900826446281,0.18181818181818182,0.17355371900826447,0.024793388429752067,0.01652892561983471,0.01652892561983471,0.01652892561983471,14.148760330578513,0.4923236536314811,-0.08618874306273377
1641764,2025-26,866,394,412,153,0.2251732101616628,0.16859122401847576,0.13048498845265588,0.47575057736720555,0.009237875288683603,0.23787528868360278,0.13048498845265588,0.003464203233256351,0.21939953810623555,0.049653579676674366,16.04272517321016,0.566015451231755,0.020980809199422468
1641765,2025-26,350,192,148,60,0.46,0.09714285714285714,0.02,0.4228571428571429,0.09428571428571429,0.3914285714285714,0.025714285714285714,0.002857142857142857,0.03142857142857143,0.02857142857142857,12.117142857142857,0.49308893123963005,0.041660359811058645
1641767,2025-26,387,168,232,84,0.3049095607235142,0.03617571059431524,0.059431524547803614,0.599483204134367,0.012919896640826873,0.2868217054263566,0.028423772609819122,0.0,0.07493540051679587,0.031007751937984496,16.666666666666668,0.5551412230968826,-0.010750249771334486
1641771,2025-26,77,34,40,15,0.35064935064935066,0.06493506493506493,0.06493506493506493,0.5194805194805194,0.09090909090909091,0.19480519480519481,0.07792207792207792,0.07792207792207792,0.012987012987012988,0.012987012987012988,15.428571428571429,0.5217950663579587,-0.03664649208359971
1641772,2025-26,314,150,115,27,0.5445859872611465,0.08917197452229299,0.0,0.3662420382165605,0.2070063694267516,0.3535031847133758,0.028662420382165606,0.025477707006369428,0.01910828025477707,0.0,9.904458598726114,0.4419451696494908,-0.08034782398108242
1641774,2025-26,317,152,144,50,0.23974763406940064,0.1829652996845426,0.12302839116719243,0.45425867507886436,0.050473186119873815,0.1861198738170347,0.1167192429022082,0.006309148264984227,0.10410094637223975,0.028391167192429023,15.750788643533124,0.5479243225598706,0.027419590698671836
1641775,2025-26,267,136,125,48,0.4419475655430712,0.06741573033707865,0.02247191011235955,0.4681647940074906,0.149812734082397,0.352059925093633,0.0,0.003745318352059925,0.018726591760299626,0.0149812734082397,12.842696629213483,0.486114805791123,-0.004521898328727181
1641778,2025-26,103,40,55,19,0.1650485436893204,0.13592233009708737,0.1650485436893204,0.5339805825242718,0.02912621359223301,0.1262135922330097,0.038834951456310676,0.0,0.20388349514563106,0.05825242718446602,17.563106796116504,0.5655259953913878,-0.046124490045505395
1641780,2025-26,24,4,5,0,0.5,0.20833333333333334,0.08333333333333333,0.20833333333333334,0.041666666666666664,0.375,0.20833333333333334,0.16666666666666666,0.0,0.0,8.541666666666666,0.48974961066090206,-0.3435837226724313
1641783,2025-26,620,279,321,120,0.23709677419354838,0.17096774193548386,0.07419354838709677,0.5177419354838709,0.056451612903225805,0.18548387096774194,0.12419354838709677,0.0532258064516129,0.08709677419354839,0.035483870967741936,15.37741935483871,0.5502358319770309,0.0002358319770309203
1641787,2025-26,1,0,0,0,0.0,1.0,0.0,0.0,0.0,0.0,0.0,0.0,0.0,0.0,6.0,0.5355615520408394,-0.46443844795916056
1641790,2025-26,59,30,5,3,0.7966101694915254,0.0847457627118644,0.03389830508474576,0.0847457627118644,0.2542372881355932,0.5084745762711864,0.05084745762711865,0.0847457627118644,0.0,0.0,4.47457627118644,0.36967716239494763,-0.12184826133386595
1641794,2025-26,9,2,5,1,0.2222222222222222,0.0,0.2222222222222222,0.5555555555555556,0.0,0.2222222222222222,0.0,0.0,0.2222222222222222,0.2222222222222222,18.0,0.5741951279491864,-0.20358264982859137
1641796,2025-26,559,277,192,62,0.43828264758497315,0.18604651162790697,0.03220035778175313,0.3434704830053667,0.059033989266547404,0.4007155635062612,0.1413237924865832,0.012522361359570662,0.03577817531305903,0.005366726296958855,10.980322003577818,0.5084830930348461,0.0040108211207137145
1641801,2025-26,13,6,6,2,0.23076923076923078,0.23076923076923078,0.07692307692307693,0.46153846153846156,0.0,0.23076923076923078,0.15384615384615385,0.07692307692307693,0.0,0.0,14.692307692307692,0.5552133874472693,0.0167518489857309
1641803,2025-26,9,4,5,2,0.2222222222222222,0.1111111111111111,0.1111111111111111,0.5555555555555556,0.0,0.2222222222222222,0.0,0.0,0.0,0.1111111111111111,16.555555555555557,0.5682597923552543,0.012704236799698676
1641807,2025-26,10,7,1,0,0.6,0.3,0.0,0.1,0.1,0.6,0.0,0.2,0.0,0.0,5.7,0.445745850113788,0.14574585011378793
1641809,2025-26,16,2,12,0,0.1875,0.0625,0.0,0.75,0.0,0.1875,0.0,0.0,0.0625,0.0,19.8125,0.5844104695000019,-0.29058953049999814
1641810,2025-26,20,10,13,7,0.2,0.05,0.1,0.65,0.05,0.15,0.05,0.05,0.15,0.0,17.9,0.5761859658808725,0.07618596588087245
1641813,2025-26,13,6,8,4,0.15384615384615385,0.15384615384615385,0.07692307692307693,0.6153846153846154,0.0,0.07692307692307693,0.15384615384615385,0.0,0.23076923076923078,0.23076923076923078,18.76923076923077,0.5932905584461645,0.05482901998462614
1641815,2025-26,7,3,1,0,0.42857142857142855,0.42857142857142855,0.0,0.14285714285714285,0.0,0.42857142857142855,0.0,0.0,0.2857142857142857,0.0,8.0,0.48806108813883664,-0.08336748328973481
1641816,2025-26,52,14,33,7,0.25,0.07692307692307693,0.038461538461538464,0.6346153846153846,0.038461538461538464,0.23076923076923078,0.038461538461538464,0.0,0.019230769230769232,0.038461538461538464,17.53846153846154,0.5581575312891512,-0.17261169948007954
1641824,2025-26,963,446,495,173,0.3956386292834891,0.07061266874350987,0.01973001038421599,0.514018691588785,0.09241952232606439,0.3063343717549325,0.04984423676012461,0.007268951194184839,0.07476635514018691,0.037383177570093455,14.046728971962617,0.5159377849765179,-0.020926181793990917
1641842,2025-26,544,235,198,50,0.46875,0.12316176470588236,0.04411764705882353,0.3639705882352941,0.10110294117647059,0.40808823529411764,0.07720588235294118,0.001838235294117647,0.034926470588235295,0.016544117647058824,11.128676470588236,0.4904404873204691,-0.07757421856188385
1641854,2025-26,258,116,93,33,0.32170542635658916,0.25193798449612403,0.06589147286821706,0.36046511627906974,0.050387596899224806,0.2713178294573643,0.12015503875968993,0.007751937984496124,0.15503875968992248,0.09302325581395349,12.391472868217054,0.5275015155252654,-0.022886081373959366
1641869,2025-26,99,48,46,20,0.2828282828282828,0.21212121212121213,0.04040404040404041,0.46464646464646464,0.0,0.31313131313131315,0.1717171717171717,0.0,0.1111111111111111,0.06060606060606061,14.262626262626263,0.5606948628198284,0.04554334766831325
1641871,2025-26,74,33,55,23,0.1891891891891892,0.06756756756756757,0.0,0.7432432432432432,0.02702702702702703,0.13513513513513514,0.02702702702702703,0.05405405405405406,0.013513513513513514,0.0,18.864864864864863,0.5766516298381137,0.02259757578405963
1641890,2025-26,50,21,35,10,0.22,0.06,0.02,0.7,0.14,0.08,0.04,0.0,0.04,0.02,17.6,0.5346228971547784,-0.04537710284522162
1641989,2025-26,161,54,88,21,0.32298136645962733,0.062111801242236024,0.06832298136645963,0.546583850931677,0.006211180124223602,0.34782608695652173,0.024844720496894408,0.0,0.11801242236024845,0.024844720496894408,15.79503105590062,0.5528179072029522,-0.11177836608897329
1641998,2025-26,10,6,0,0,0.6,0.3,0.1,0.0,0.1,0.3,0.2,0.2,0.1,0.0,6.6,0.4487926200871547,0.04879262008715468
1642066,2025-26,123,59,64,26,0.35772357723577236,0.10569105691056911,0.016260162601626018,0.5203252032520326,0.04878048780487805,0.3252032520325203,0.04878048780487805,0.008130081300813009,0.04065040650406504,0.04878048780487805,14.300813008130081,0.5308671573247377,0.01054195407270514
1642258,2025-26,536,244,258,95,0.35261194029850745,0.08022388059701492,0.08582089552238806,0.48134328358208955,0.11380597014925373,0.24067164179104478,0.041044776119402986,0.011194029850746268,0.06716417910447761,0.055970149253731345,14.514925373134329,0.5128678631102912,-0.03190825629269384
1642259,2025-26,656,316,150,50,0.40853658536585363,0.25609756097560976,0.10670731707317073,0.22865853658536586,0.11280487804878049,0.25609756097560976,0.0975609756097561,0.10213414634146341,0.053353658536585365,0.01524390243902439,10.036585365853659,0.49376868340302127,-0.024523999523808016
1642260,2025-26,51,22,15,6,0.5490196078431373,0.1568627450980392,0.0,0.29411764705882354,0.0,0.5098039215686274,0.1568627450980392,0.0196078431372549,0.09803921568627451,0.0196078431372549,10.529411764705882,0.49762573365007723,-0.0710017173303149
1642261,2025-26,191,87,111,38,0.2094240837696335,0.14659685863874344,0.06282722513089005,0.581151832460733,0.07329842931937172,0.14659685863874344,0.04712041884816754,0.0,0.17801047120418848,0.03664921465968586,17.387434554973822,0.550938112783355,0.006435494982307832
1642262,2025-26,509,238,131,28,0.4165029469548134,0.18467583497053044,0.14145383104125736,0.25736738703339884,0.15717092337917485,0.3143418467583497,0.068762278978389,0.0137524557956778,0.12180746561886051,0.03143418467583497,10.387033398821218,0.473575701872314,-0.05884080107464079
1642263,2025-26,946,407,576,227,0.13002114164904863,0.1331923890063425,0.12790697674418605,0.6088794926004228,0.017970401691331923,0.12790697674418605,0.06871035940803383,0.014799154334038054,0.3128964059196617,0.02748414376321353,19.380549682875266,0.5877240381640396,0.01795659630357449
1642264,2025-26,817,385,244,81,0.41003671970624234,0.20563035495716034,0.08567931456548347,0.29865361077111385,0.0795593635250918,0.35862913096695226,0.06854345165238677,0.0024479804161566705,0.13586291309669524,0.03671970624235006,10.984088127294982,0.4982989315252332,-0.03046483836460767
1642265,2025-26,412,163,133,42,0.35194174757281554,0.1820388349514563,0.14320388349514562,0.32281553398058255,0.012135922330097087,0.36650485436893204,0.08737864077669903,0.007281553398058253,0.18446601941747573,0.07524271844660194,12.592233009708737,0.5332864250352356,-0.07108250700359936
1642266,2025-26,404,180,269,110,0.24257425742574257,0.06188118811881188,0.0297029702970297,0.6658415841584159,0.05693069306930693,0.18564356435643564,0.05198019801980198,0.0024752475247524753,0.03217821782178218,0.022277227722772276,17.42079207920792,0.5550454892261798,0.0005900436816253518
1642267,2025-26,741,314,414,169,0.09041835357624832,0.11740890688259109,0.23346828609986506,0.5587044534412956,0.010796221322537112,0.09716599190283401,0.03508771929824561,0.004048582995951417,0.3940620782726046,0.11201079622132254,19.59379217273954,0.5971479878204731,0.020899674730054663
1642268,2025-26,515,255,100,27,0.39223300970873787,0.34368932038834954,0.06990291262135923,0.1941747572815534,0.02330097087378641,0.42718446601941745,0.1533980582524272,0.013592233009708738,0.13203883495145632,0.040776699029126215,9.545631067961166,0.512801574548549,0.007947205616510133
1642269,2025-26,292,121,114,30,0.3732876712328767,0.19863013698630136,0.03767123287671233,0.3904109589041096,0.06506849315068493,0.3767123287671233,0.09246575342465753,0.02054794520547945,0.08561643835616438,0.06506849315068493,13.116438356164384,0.5262226405858101,-0.059393797770354306
1642270,2025-26,684,356,246,84,0.5760233918128655,0.049707602339181284,0.014619883040935672,0.35964912280701755,0.2046783625730994,0.37719298245614036,0.007309941520467836,0.033625730994152045,0.01023391812865497,0.0029239766081871343,10.453216374269006,0.4385313830859967,-0.041000780656693325
1642271,2025-26,657,323,228,74,0.4231354642313546,0.2009132420091324,0.0289193302891933,0.3470319634703196,0.091324200913242,0.3668188736681887,0.0806697108066971,0.0197869101978691,0.0426179604261796,0.0060882800608828,11.018264840182649,0.4975684230574452,-0.010802962026268681
1642272,2025-26,480,204,257,99,0.225,0.14583333333333334,0.09375,0.5354166666666667,0.0020833333333333333,0.24166666666666667,0.04791666666666667,0.0020833333333333333,0.24583333333333332,0.075,16.85,0.5707874568765409,-0.004212543123459145
1642273,2025-26,577,253,260,99,0.2270363951473137,0.15944540727902945,0.16291161178509533,0.4506065857885615,0.019064124783362217,0.22010398613518198,0.07452339688041594,0.006932409012131715,0.2218370883882149,0.1195840554592721,16.006932409012133,0.5610695728481507,-0.0004555571345181697
1642274,2025-26,294,160,1,0,0.8299319727891157,0.1564625850340136,0.01020408163265306,0.003401360544217687,0.25170068027210885,0.5476190476190477,0.06462585034013606,0.10884353741496598,0.003401360544217687,0.0,2.4693877551020407,0.3608358556612873,-0.09494645726388273
1642275,2025-26,159,80,83,36,0.3584905660377358,0.11320754716981132,0.006289308176100629,0.5220125786163522,0.06918238993710692,0.3081761006289308,0.06289308176100629,0.031446540880503145,0.006289308176100629,0.012578616352201259,14.540880503144654,0.5231712685840652,0.026315922672115466
1642276,2025-26,649,344,233,92,0.5130970724191063,0.10631741140215717,0.02157164869029276,0.35901386748844377,0.2357473035439137,0.25577812018489987,0.04160246533127889,0.06779661016949153,0.007704160246533128,0.012326656394453005,10.480739599383668,0.439914222709636,-0.030039552328884778
1642277,2025-26,149,70,71,23,0.46308724832214765,0.040268456375838924,0.020134228187919462,0.47651006711409394,0.12751677852348994,0.3624161073825503,0.006711409395973154,0.0,0.026845637583892617,0.0,13.04026845637584,0.4878579693175673,-0.0423433729643119
1642278,2025-26,248,108,114,44,0.24596774193548387,0.21774193548387097,0.07661290322580645,0.4596774193548387,0.0,0.22983870967741934,0.1693548387096774,0.004032258064516129,0.21774193548387097,0.028225806451612902,15.076612903225806,0.5629277476232586,-0.0015883814089995285
1642280,2025-26,3,2,1,0,0.6666666666666666,0.0,0.0,0.3333333333333333,0.3333333333333333,0.3333333333333333,0.0,0.0,0.0,0.0,7.666666666666667,0.3802142576869453,0.04688092435361191
1642281,2025-26,670,330,298,133,0.3582089552238806,0.15223880597014924,0.04477611940298507,0.44477611940298506,0.05373134328358209,0.29850746268656714,0.1417910447761194,0.013432835820895522,0.01791044776119403,0.008955223880597015,13.01641791044776,0.5241940092354777,0.016731322668313453
1642282,2025-26,5,3,0,0,0.6,0.4,0.0,0.0,0.0,0.4,0.4,0.0,0.2,0.0,5.0,0.47920695592715756,0.07920695592715754
1642285,2025-26,556,263,325,146,0.08992805755395683,0.17266187050359713,0.1528776978417266,0.5845323741007195,0.0,0.08273381294964029,0.12769784172661872,0.0035971223021582736,0.3381294964028777,0.07194244604316546,19.115107913669064,0.600260878338341,0.07328246107215397
1642345,2025-26,366,239,1,0,0.674863387978142,0.2978142076502732,0.02459016393442623,0.00273224043715847,0.34153005464480873,0.3360655737704918,0.2185792349726776,0.08469945355191257,0.0,0.0,3.6721311475409837,0.359469038085903,0.01247450256677729
1642346,2025-26,362,164,169,56,0.4005524861878453,0.1132596685082873,0.019337016574585635,0.46685082872928174,0.13535911602209943,0.281767955801105,0.08011049723756906,0.0055248618784530384,0.03314917127071823,0.008287292817679558,12.80110497237569,0.4938801219047496,-0.053081204062101206
1642347,2025-26,504,185,262,84,0.2123015873015873,0.21825396825396826,0.0496031746031746,0.5198412698412699,0.005952380952380952,0.19444444444444445,0.2222222222222222,0.00992063492063492,0.11706349206349206,0.025793650793650792,16.13293650793651,0.5687128230570824,-0.06422368487942565
1642348,2025-26,320,143,180,67,0.221875,0.165625,0.05,0.5625,0.0375,0.20625,0.046875,0.003125,0.178125,0.01875,17.134375,0.5559308847950261,0.0028058847950260812
1642349,2025-26,590,286,176,61,0.35084745762711866,0.2711864406779661,0.07966101694915254,0.2983050847457627,0.006779661016949152,0.3711864406779661,0.16779661016949152,0.010169491525423728,0.1576271186440678,0.0288135593220339,11.438983050847458,0.5342124760736952,0.018958238785559578
1642352,2025-26,104,51,44,13,0.5,0.0673076923076923,0.009615384615384616,0.4230769230769231,0.19230769230769232,0.28846153846153844,0.057692307692307696,0.019230769230769232,0.04807692307692308,0.0,11.490384615384615,0.46001261151018236,-0.04960277310520228
1642353,2025-26,139,53,49,12,0.37410071942446044,0.2014388489208633,0.07194244604316546,0.35251798561151076,0.06474820143884892,0.3237410071942446,0.16546762589928057,0.02158273381294964,0.10071942446043165,0.014388489208633094,12.014388489208633,0.5173005460474487,-0.10140448992377432
1642354,2025-26,99,34,40,12,0.3333333333333333,0.20202020202020202,0.06060606060606061,0.40404040404040403,0.020202020202020204,0.2828282828282828,0.15151515151515152,0.0,0.10101010101010101,0.04040404040404041,13.656565656565656,0.5410498147158171,-0.11551584184983943
1642355,2025-26,115,47,57,22,0.17391304347826086,0.1391304347826087,0.19130434782608696,0.4956521739130435,0.06086956521739131,0.12173913043478261,0.05217391304347826,0.0,0.34782608695652173,0.12173913043478261,17.42608695652174,0.5593331988214265,-0.031971149004660415
1642357,2025-26,25,13,5,3,0.68,0.12,0.0,0.2,0.04,0.56,0.12,0.0,0.08,0.04,7.24,0.46494141625559027,-0.015058583744409715
1642358,2025-26,176,57,57,12,0.5170454545454546,0.13636363636363635,0.022727272727272728,0.32386363636363635,0.06818181818181818,0.5227272727272727,0.045454545454545456,0.022727272727272728,0.10227272727272728,0.03409090909090909,10.528409090909092,0.49592471469305566,-0.180211648943308
1642359,2025-26,48,16,32,7,0.1875,0.08333333333333333,0.0625,0.6666666666666666,0.020833333333333332,0.125,0.041666666666666664,0.020833333333333332,0.16666666666666666,0.0,18.9375,0.5837111734178906,-0.08295549324877605
1642362,2025-26,26,13,17,7,0.23076923076923078,0.11538461538461539,0.0,0.6538461538461539,0.0,0.19230769230769232,0.11538461538461539,0.0,0.07692307692307693,0.038461538461538464,16.615384615384617,0.5767422996214204,0.07674229962142037
1642363,2025-26,596,249,232,77,0.23993288590604026,0.2231543624161074,0.1476510067114094,0.38926174496644295,0.03691275167785235,0.23993288590604026,0.1174496644295302,0.010067114093959731,0.16275167785234898,0.0587248322147651,14.401006711409396,0.5514982715384644,-0.030716493562206793
1642364,2025-26,296,132,158,47,0.3581081081081081,0.08108108108108109,0.02702702702702703,0.5337837837837838,0.125,0.24662162162162163,0.037162162162162164,0.013513513513513514,0.060810810810810814,0.016891891891891893,14.97972972972973,0.5103030106810937,-0.043751043372960374
1642366,2025-26,439,193,277,93,0.214123006833713,0.10933940774487472,0.04555808656036447,0.6309794988610479,0.04100227790432802,0.1571753986332574,0.07972665148063782,0.05922551252847381,0.0387243735763098,0.00683371298405467,17.44874715261959,0.5635125450817227,0.003148080389239749
1642367,2025-26,44,26,1,0,0.75,0.20454545454545456,0.022727272727272728,0.022727272727272728,0.18181818181818182,0.5909090909090909,0.09090909090909091,0.06818181818181818,0.0,0.0,3.25,0.39244709689923885,-0.016643812191670215
1642368,2025-26,4,1,0,0,0.75,0.0,0.25,0.0,0.25,0.5,0.0,0.0,0.0,0.0,3.75,0.3761748601031951,-0.3738251398968049
1642377,2025-26,698,301,365,129,0.2148997134670487,0.1174785100286533,0.14469914040114612,0.5229226361031518,0.03581661891117478,0.17478510028653296,0.0830945558739255,0.0071633237822349575,0.17191977077363896,0.04297994269340974,16.530085959885387,0.5604859736749292,-0.008281934634526367
1642380,2025-26,68,28,44,18,0.20588235294117646,0.10294117647058823,0.04411764705882353,0.6470588235294118,0.0,0.19117647058823528,0.10294117647058823,0.0,0.11764705882352941,0.08823529411764706,17.794117647058822,0.5837889181860869,-0.004446375931560165
1642382,2025-26,186,98,86,31,0.46236559139784944,0.06451612903225806,0.010752688172043012,0.46236559139784944,0.25806451612903225,0.16666666666666666,0.053763440860215055,0.026881720430107527,0.005376344086021506,0.010752688172043012,12.96774193548387,0.44826925614863145,-0.02484902342126105
1642383,2025-26,461,177,244,75,0.20607375271149675,0.1843817787418655,0.08026030368763558,0.5292841648590022,0.008676789587852495,0.23427331887201736,0.09327548806941431,0.0021691973969631237,0.2993492407809111,0.0368763557483731,16.46637744034707,0.5748072796790742,-0.04124478105845292
1642384,2025-26,24,10,13,3,0.3333333333333333,0.0,0.125,0.5416666666666666,0.08333333333333333,0.25,0.041666666666666664,0.0,0.041666666666666664,0.08333333333333333,15.458333333333334,0.5240221499103004,-0.059311183423032876
1642389,2025-26,13,9,3,1,0.38461538461538464,0.38461538461538464,0.0,0.23076923076923078,0.07692307692307693,0.3076923076923077,0.3076923076923077,0.0,0.23076923076923078,0.0,9.615384615384615,0.4922482300733846,0.18455592238107688
1642396,2025-26,115,59,79,37,0.2,0.043478260869565216,0.06956521739130435,0.6869565217391305,0.034782608695652174,0.17391304347826086,0.043478260869565216,0.0,0.08695652173913043,0.0,18.643478260869564,0.5733111304715393,0.08635460873240886
1642400,2025-26,28,14,10,3,0.5714285714285714,0.07142857142857142,0.0,0.35714285714285715,0.03571428571428571,0.42857142857142855,0.03571428571428571,0.10714285714285714,0.0,0.0,9.964285714285714,0.49707329067020467,-0.0029267093297953295
1642402,2025-26,8,4,4,2,0.25,0.125,0.125,0.5,0.125,0.125,0.0,0.0,0.0,0.0,15.75,0.5210368041969872,0.02103680419698717
1642403,2025-26,7,3,2,0,0.5714285714285714,0.14285714285714285,0.0,0.2857142857142857,0.14285714285714285,0.42857142857142855,0.14285714285714285,0.0,0.0,0.0,8.857142857142858,0.4456972225424678,-0.12573134888610366
1642404,2025-26,89,28,67,19,0.02247191011235955,0.056179775280898875,0.16853932584269662,0.7528089887640449,0.0,0.033707865168539325,0.02247191011235955,0.0,0.15730337078651685,0.0,22.06741573033708,0.6156911139225815,-0.06970214450438483
1642419,2025-26,145,74,85,35,0.27586206896551724,0.0896551724137931,0.04827586206896552,0.5862068965517241,0.04827586206896552,0.23448275862068965,0.06206896551724138,0.006896551724137931,0.08275862068965517,0.013793103448275862,16.82758620689655,0.548263506558986,0.05860833414519295
1642434,2025-26,23,14,12,4,0.34782608695652173,0.08695652173913043,0.043478260869565216,0.5217391304347826,0.043478260869565216,0.2608695652173913,0.043478260869565216,0.0,0.043478260869565216,0.0,14.173913043478262,0.5332960328420395,0.14199168501595266
1642443,2025-26,25,10,9,3,0.36,0.16,0.12,0.36,0.0,0.36,0.04,0.0,0.04,0.08,12.52,0.5430462058054315,-0.05695379419456853
1642449,2025-26,36,18,0,0,0.9166666666666666,0.08333333333333333,0.0,0.0,0.1111111111111111,0.8055555555555556,0.027777777777777776,0.027777777777777776,0.0,0.0,2.111111111111111,0.3899486601240938,-0.1100513398759062
1642450,2025-26,568,232,195,73,0.3204225352112676,0.1637323943661972,0.17253521126760563,0.34330985915492956,0.03169014084507042,0.33274647887323944,0.07746478873239436,0.008802816901408451,0.2323943661971831,0.07570422535211267,13.336267605633802,0.5368196864919097,-0.05472960928273818
1642461,2025-26,262,132,144,57,0.3282442748091603,0.10687022900763359,0.015267175572519083,0.549618320610687,0.061068702290076333,0.2633587786259542,0.04961832061068702,0.026717557251908396,0.019083969465648856,0.003816793893129771,14.416030534351146,0.5306358499243978,0.03445264381752755
1642468,2025-26,1,0,0,0,0.0,0.0,1.0,0.0,0.0,0.0,0.0,0.0,1.0,0.0,17.0,0.5751697006732055,-0.42483029932679456
1642484,2025-26,83,26,45,14,0.1686746987951807,0.2289156626506024,0.060240963855421686,0.5421686746987951,0.0,0.1927710843373494,0.24096385542168675,0.0,0.0963855421686747,0.03614457831325301,17.06024096385542,0.5800180582669947,-0.10672892968481257
1642490,2025-26,17,11,2,0,0.5882352941176471,0.23529411764705882,0.058823529411764705,0.11764705882352941,0.0,0.5882352941176471,0.11764705882352941,0.17647058823529413,0.0,0.0,6.294117647058823,0.4805759540472657,0.12763477757667752
1642502,2025-26,72,32,16,4,0.5138888888888888,0.20833333333333334,0.05555555555555555,0.2222222222222222,0.06944444444444445,0.5,0.08333333333333333,0.08333333333333333,0.013888888888888888,0.0,8.23611111111111,0.4890854175962607,-0.0664701379592949
1642504,2025-26,102,53,59,27,0.2647058823529412,0.10784313725490197,0.049019607843137254,0.5784313725490197,0.00980392156862745,0.27450980392156865,0.0392156862745098,0.0,0.16666666666666666,0.0,16.333333333333332,0.5637420215028104,0.08334986464006539
1642530,2025-26,52,17,37,11,0.11538461538461539,0.1346153846153846,0.038461538461538464,0.7115384615384616,0.0,0.11538461538461539,0.057692307692307696,0.0,0.2692307692307692,0.07692307692307693,20.173076923076923,0.5984695811662097,-0.07460734191071333
1642843,2025-26,1194,559,245,72,0.32663316582914576,0.26549413735343386,0.20268006700167504,0.2051926298157454,0.0711892797319933,0.254606365159129,0.16666666666666666,0.03098827470686767,0.27638190954773867,0.020938023450586266,11.047738693467336,0.5133823477498153,-0.01844344789507585
1642844,2025-26,656,331,178,61,0.4893292682926829,0.1402439024390244,0.09908536585365854,0.27134146341463417,0.041158536585365856,0.4496951219512195,0.06707317073170732,0.004573170731707317,0.13567073170731708,0.039634146341463415,10.208841463414634,0.49333984446497414,-0.0020869848033185923
1642845,2025-26,1030,451,421,149,0.30097087378640774,0.15825242718446603,0.13203883495145632,0.4087378640776699,0.06796116504854369,0.22718446601941747,0.0941747572815534,0.000970873786407767,0.21941747572815534,0.06504854368932039,14.353398058252427,0.5313424212098584,-0.030793501120238653
1642846,2025-26,892,395,398,137,0.22309417040358745,0.10874439461883408,0.2219730941704036,0.4461883408071749,0.1031390134529148,0.13228699551569506,0.03811659192825112,0.0033632286995515697,0.24103139013452915,0.05941704035874439,15.967488789237668,0.5351581314224825,-0.02201675646989426
1642847,2025-26,1006,437,306,101,0.4403578528827038,0.15705765407554673,0.09840954274353876,0.30417495029821073,0.02186878727634195,0.43339960238568587,0.10238568588469185,0.0019880715705765406,0.1679920477137177,0.03777335984095427,11.429423459244532,0.5133764856165399,-0.05222987621248598
1642848,2025-26,647,271,321,115,0.12364760432766615,0.20865533230293662,0.17156105100463678,0.49613601236476046,0.015455950540958269,0.11591962905718702,0.1267387944358578,0.0077279752704791345,0.26275115919629055,0.08191653786707882,17.646058732612055,0.5817041407860221,0.0005604004459911494
1642849,2025-26,479,182,192,61,0.33402922755741127,0.20041753653444677,0.06471816283924843,0.40083507306889354,0.0,0.325678496868476,0.19624217118997914,0.0041753653444676405,0.11482254697286012,0.022964509394572025,12.954070981210856,0.5474201296378636,-0.07262162401558103
1642851,2025-26,1084,515,642,273,0.20571955719557194,0.1429889298892989,0.05904059040590406,0.5922509225092251,0.016605166051660517,0.19557195571955718,0.06365313653136531,0.0,0.1900369003690037,0.027675276752767528,17.40867158671587,0.5719545174414559,0.0470467683639651
1642852,2025-26,748,354,88,23,0.553475935828877,0.20989304812834225,0.11898395721925134,0.11764705882352941,0.07754010695187166,0.47058823529411764,0.08823529411764706,0.04946524064171123,0.07887700534759358,0.017379679144385027,7.411764705882353,0.4653851915395283,-0.06135277637491021
1642853,2025-26,215,87,130,45,0.32558139534883723,0.027906976744186046,0.04186046511627907,0.6046511627906976,0.07906976744186046,0.24186046511627907,0.009302325581395349,0.023255813953488372,0.004651162790697674,0.004651162790697674,15.586046511627908,0.5329095955851482,-0.06243924162415421
1642854,2025-26,169,91,75,29,0.47337278106508873,0.08284023668639054,0.0,0.4437869822485207,0.1834319526627219,0.2781065088757396,0.029585798816568046,0.05917159763313609,0.005917159763313609,0.0,11.633136094674557,0.4647763048991588,0.0032378433606972123
1642855,2025-26,3,0,2,0,0.3333333333333333,0.0,0.0,0.6666666666666666,0.0,0.3333333333333333,0.0,0.0,0.0,0.0,16.0,0.5541647977295663,-0.4458352022704337
1642856,2025-26,449,179,322,124,0.14699331848552338,0.066815144766147,0.06904231625835189,0.7171492204899778,0.013363028953229399,0.1514476614699332,0.0334075723830735,0.0022271714922048997,0.267260579064588,0.0334075723830735,20.07349665924276,0.5954459681414312,-0.005890334753891668
1642857,2025-26,238,102,156,66,0.23529411764705882,0.07983193277310924,0.029411764705882353,0.6554621848739496,0.0,0.2647058823529412,0.0546218487394958,0.0,0.058823529411764705,0.046218487394957986,17.42016806722689,0.577765569859627,0.006336998431055563
1642859,2025-26,188,89,79,28,0.2925531914893617,0.22872340425531915,0.05851063829787234,0.42021276595744683,0.0425531914893617,0.22872340425531915,0.20212765957446807,0.0,0.1595744680851064,0.0425531914893617,13.585106382978724,0.5421491526217227,0.015553407940871622
1642860,2025-26,618,271,247,78,0.2896440129449838,0.1925566343042071,0.11812297734627832,0.39967637540453077,0.043689320388349516,0.28317152103559873,0.10679611650485436,0.021035598705501618,0.18122977346278318,0.030744336569579287,14.046925566343042,0.5401128075647544,-0.02137586557440413
1642862,2025-26,95,38,60,24,0.21052631578947367,0.15789473684210525,0.0,0.631578947368421,0.0,0.2,0.10526315789473684,0.042105263157894736,0.021052631578947368,0.010526315789473684,17.473684210526315,0.5793219840615782,-0.020678015938421723
1642863,2025-26,105,56,21,5,0.6952380952380952,0.08571428571428572,0.01904761904761905,0.2,0.24761904761904763,0.4095238095238095,0.02857142857142857,0.10476190476190476,0.009523809523809525,0.0,6.419047619047619,0.3936053537275881,-0.07306131293907858
1642864,2025-26,246,117,116,42,0.3902439024390244,0.10975609756097561,0.028455284552845527,0.4715447154471545,0.056910569105691054,0.3617886178861789,0.06097560975609756,0.008130081300813009,0.036585365853658534,0.012195121951219513,13.361788617886178,0.5209234142710755,-0.003466829631363577
1642866,2025-26,98,65,0,0,0.9387755102040817,0.061224489795918366,0.0,0.0,0.336734693877551,0.6020408163265306,0.030612244897959183,0.01020408163265306,0.0,0.0,1.5204081632653061,0.3127244414388711,-0.024010252438679935
1642867,2025-26,342,198,50,17,0.7134502923976608,0.07894736842105263,0.06140350877192982,0.14619883040935672,0.16374269005847952,0.5116959064327485,0.08771929824561403,0.04093567251461988,0.005847953216374269,0.0,5.9035087719298245,0.4133622366945273,-0.0076903948844200265
1642868,2025-26,265,108,155,52,0.3169811320754717,0.06792452830188679,0.03018867924528302,0.5849056603773585,0.10943396226415095,0.21132075471698114,0.022641509433962263,0.011320754716981131,0.052830188679245285,0.022641509433962263,15.486792452830189,0.5231335804478814,-0.0693192497407979
1642869,2025-26,203,82,93,30,0.39408866995073893,0.11822660098522167,0.029556650246305417,0.458128078817734,0.06403940886699508,0.32019704433497537,0.03940886699507389,0.04433497536945813,0.09852216748768473,0.014778325123152709,13.428571428571429,0.5210524666580392,-0.07500664664245349
1642873,2025-26,20,10,0,0,0.8,0.15,0.05,0.0,0.25,0.55,0.05,0.15,0.0,0.0,2.9,0.3561392173508031,-0.14386078264919688
1642874,2025-26,440,178,211,68,0.4113636363636364,0.07727272727272727,0.031818181818181815,0.47954545454545455,0.031818181818181815,0.3704545454545455,0.03409090909090909,0.04772727272727273,0.05227272727272727,0.03409090909090909,13.831818181818182,0.5260568124641214,-0.06939773299042401
1642875,2025-26,671,383,74,24,0.3710879284649776,0.44709388971684055,0.07153502235469449,0.11028315946348734,0.07302533532041729,0.26825633383010433,0.33979135618479883,0.16691505216095381,0.00894187779433681,0.0,7.837555886736214,0.49474636717881704,0.06553623305065015
1642876,2025-26,31,16,3,1,0.7096774193548387,0.1935483870967742,0.0,0.0967741935483871,0.2903225806451613,0.5483870967741935,0.03225806451612903,0.0,0.0,0.0,4.67741935483871,0.3794923368669262,-0.10437863087500932
1642877,2025-26,275,106,108,28,0.4072727272727273,0.13818181818181818,0.06181818181818182,0.3927272727272727,0.08727272727272728,0.32727272727272727,0.05454545454545454,0.0036363636363636364,0.06909090909090909,0.02181818181818182,12.101818181818182,0.5016009382817282,-0.11294451626372631
1642878,2025-26,225,93,131,46,0.22666666666666666,0.09333333333333334,0.09777777777777778,0.5822222222222222,0.02666666666666667,0.19111111111111112,0.10222222222222223,0.008888888888888889,0.18666666666666668,0.09777777777777778,17.288888888888888,0.5708389368715009,-0.01582772979516578
1642879,2025-26,303,120,90,19,0.49834983498349833,0.18151815181518152,0.0231023102310231,0.297029702970297,0.052805280528052806,0.47194719471947194,0.1188118811881188,0.009900990099009901,0.066006600660066,0.0165016501650165,10.125412541254125,0.49499517385491343,-0.10896522218469051
1642880,2025-26,169,68,75,22,0.25443786982248523,0.2603550295857988,0.04142011834319527,0.4437869822485207,0.005917159763313609,0.27218934911242604,0.15976331360946747,0.047337278106508875,0.07692307692307693,0.03550295857988166,14.088757396449704,0.5593573086620997,-0.038275827432574905
1642882,2025-26,119,63,0,0,0.6638655462184874,0.2689075630252101,0.06722689075630252,0.0,0.13445378151260504,0.5462184873949579,0.15966386554621848,0.01680672268907563,0.058823529411764705,0.0,4.504201680672269,0.41850494610334865,-0.05208328919076899
1642883,2025-26,372,138,235,82,0.28225806451612906,0.06989247311827956,0.016129032258064516,0.6317204301075269,0.043010752688172046,0.25,0.03494623655913978,0.010752688172043012,0.06182795698924731,0.016129032258064516,16.870967741935484,0.5531168139276339,-0.07591544413688228
1642884,2025-26,4,3,0,0,1.0,0.0,0.0,0.0,0.25,0.5,0.0,0.25,0.0,0.0,1.0,0.3429461222545438,0.0929461222545438
1642885,2025-26,213,90,130,48,0.24882629107981222,0.06572769953051644,0.07511737089201878,0.6103286384976526,0.014084507042253521,0.2535211267605634,0.046948356807511735,0.009389671361502348,0.09859154929577464,0.028169014084507043,17.408450704225352,0.5678381269915889,-0.009626661740805564
1642886,2025-26,36,15,30,13,0.08333333333333333,0.05555555555555555,0.027777777777777776,0.8333333333333334,0.0,0.08333333333333333,0.05555555555555555,0.0,0.2777777777777778,0.027777777777777776,22.166666666666668,0.616165320157217,0.03283198682388366
1642905,2025-26,100,31,42,5,0.37,0.17,0.04,0.42,0.1,0.23,0.03,0.19,0.03,0.01,13.07,0.5097307353703842,-0.1802692646296159
1642907,2025-26,648,305,275,93,0.3055555555555556,0.19598765432098766,0.07407407407407407,0.4243827160493827,0.04938271604938271,0.2638888888888889,0.10648148148148148,0.004629629629629629,0.14660493827160495,0.05401234567901234,13.506172839506172,0.5356499005165638,0.0063289128622427415
1642910,2025-26,14,4,10,3,0.2857142857142857,0.0,0.0,0.7142857142857143,0.0,0.2857142857142857,0.0,0.0,0.0,0.07142857142857142,19.071428571428573,0.5670495580904957,-0.14723615619521851
1642911,2025-26,8,5,0,0,0.5,0.375,0.125,0.0,0.125,0.5,0.0,0.25,0.0,0.0,5.25,0.4530699779043381,0.07806997790433812
1642914,2025-26,288,134,143,61,0.2465277777777778,0.1875,0.06944444444444445,0.4965277777777778,0.03819444444444445,0.2222222222222222,0.16666666666666666,0.013888888888888888,0.1875,0.2048611111111111,15.753472222222221,0.5611886825713127,0.026466460349090504
1642917,2025-26,8,2,4,1,0.125,0.25,0.125,0.5,0.0,0.125,0.0,0.0,0.125,0.125,18.875,0.5695193350774799,-0.18048066492252013
1642918,2025-26,50,16,21,4,0.38,0.18,0.02,0.42,0.02,0.32,0.06,0.06,0.08,0.08,13.08,0.529625834293866,-0.15037416570613393
1642920,2025-26,384,179,196,80,0.21354166666666666,0.14322916666666666,0.1328125,0.5104166666666666,0.0546875,0.1796875,0.005208333333333333,0.010416666666666666,0.109375,0.018229166666666668,16.455729166666668,0.5499805441340333,0.016126377467366615
1642928,2025-26,179,105,4,2,0.6256983240223464,0.29608938547486036,0.055865921787709494,0.0223463687150838,0.3575418994413408,0.329608938547486,0.12290502793296089,0.1564245810055866,0.0,0.0,4.407821229050279,0.3689664154644128,-0.04444140576463751
1642933,2025-26,12,5,3,0,0.5,0.16666666666666666,0.08333333333333333,0.25,0.0,0.4166666666666667,0.3333333333333333,0.0,0.08333333333333333,0.08333333333333333,9.416666666666666,0.5129172756248708,-0.07041605770846249
1642935,2025-26,6,0,5,0,0.0,0.0,0.16666666666666666,0.8333333333333334,0.0,0.0,0.0,0.0,0.16666666666666666,0.16666666666666666,22.333333333333332,0.6265249763901399,-0.37347502360986
1642938,2025-26,27,11,18,6,0.18518518518518517,0.07407407407407407,0.07407407407407407,0.6666666666666666,0.0,0.14814814814814814,0.07407407407407407,0.0,0.18518518518518517,0.14814814814814814,19.666666666666668,0.5906163456754893,-0.0019762469171033525
1642939,2025-26,44,16,33,10,0.13636363636363635,0.045454545454545456,0.06818181818181818,0.75,0.0,0.11363636363636363,0.06818181818181818,0.0,0.045454545454545456,0.0,19.65909090909091,0.5957157654879301,-0.04064787087570626
1642942,2025-26,195,77,75,19,0.37948717948717947,0.21025641025641026,0.02564102564102564,0.38461538461538464,0.0,0.4205128205128205,0.10256410256410256,0.03076923076923077,0.06153846153846154,0.02564102564102564,12.112820512820512,0.5404724258437422,-0.06465577928446292
1642948,2025-26,390,162,135,48,0.14615384615384616,0.23333333333333334,0.2743589743589744,0.34615384615384615,0.0,0.16666666666666666,0.09743589743589744,0.0,0.2717948717948718,0.14358974358974358,15.946153846153846,0.5689143097267575,-0.015701074888627042
1642949,2025-26,100,64,5,1,0.81,0.12,0.02,0.05,0.35,0.43,0.06,0.09,0.0,0.0,3.69,0.3368614307583653,-0.02313856924163471
1642950,2025-26,77,36,19,2,0.6233766233766234,0.11688311688311688,0.012987012987012988,0.24675324675324675,0.06493506493506493,0.4935064935064935,0.06493506493506493,0.1038961038961039,0.012987012987012988,0.0,7.922077922077922,0.4641115905071047,-0.06835594196042777
1642951,2025-26,15,5,10,3,0.13333333333333333,0.06666666666666667,0.13333333333333333,0.6666666666666666,0.0,0.13333333333333333,0.06666666666666667,0.0,0.3333333333333333,0.06666666666666667,20.4,0.596770715880277,-0.06989595078638972
1642954,2025-26,346,162,212,71,0.2947976878612717,0.057803468208092484,0.03468208092485549,0.6127167630057804,0.04335260115606936,0.2630057803468208,0.02601156069364162,0.002890173410404624,0.057803468208092484,0.046242774566473986,16.430635838150287,0.5490101477561518,0.017218240241700933
1642955,2025-26,16,10,4,2,0.5625,0.1875,0.0,0.25,0.125,0.5,0.125,0.0,0.0,0.0,8.625,0.455671489288453,0.08067148928845302
1642959,2025-26,63,22,54,18,0.031746031746031744,0.06349206349206349,0.047619047619047616,0.8571428571428571,0.0,0.06349206349206349,0.031746031746031744,0.0,0.09523809523809523,0.015873015873015872,22.603174603174605,0.6218641693419638,-0.02892948145168711
1642962,2025-26,358,144,182,51,0.24860335195530725,0.12849162011173185,0.11452513966480447,0.5083798882681564,0.0335195530726257,0.22346368715083798,0.061452513966480445,0.0,0.15363128491620112,0.061452513966480445,15.793296089385475,0.5522350420939713,-0.04553032103452026
1642964,2025-26,71,27,24,7,0.352112676056338,0.19718309859154928,0.11267605633802817,0.3380281690140845,0.07042253521126761,0.2676056338028169,0.07042253521126761,0.014084507042253521,0.14084507042253522,0.014084507042253521,12.028169014084508,0.5147466646010146,-0.10497164525814029
1642967,2025-26,91,39,77,31,0.02197802197802198,0.054945054945054944,0.07692307692307693,0.8461538461538461,0.0,0.02197802197802198,0.02197802197802198,0.0,0.18681318681318682,0.12087912087912088,23.24175824175824,0.6241555582131358,0.05272698678456439
1643007,2025-26,158,60,125,41,0.17088607594936708,0.012658227848101266,0.02531645569620253,0.7911392405063291,0.056962025316455694,0.11392405063291139,0.0,0.0,0.0759493670886076,0.056962025316455694,21.132911392405063,0.5766383151714283,-0.04361484938553378
1643016,2025-26,100,50,31,6,0.54,0.15,0.0,0.31,0.0,0.61,0.03,0.02,0.1,0.03,9.8,0.5054978241880492,0.005497824188049227
1643018,2025-26,117,47,94,37,0.03418803418803419,0.06837606837606838,0.09401709401709402,0.8034188034188035,0.0,0.05128205128205128,0.08547008547008547,0.0,0.21367521367521367,0.1282051282051282,22.435897435897434,0.6239446304438583,0.025654032153259954
1643024,2025-26,6,2,3,0,0.3333333333333333,0.16666666666666666,0.0,0.5,0.0,0.3333333333333333,0.0,0.0,0.16666666666666666,0.0,14.0,0.5365520312729337,-0.13011463539373297
1643047,2025-26,11,6,3,0,0.6363636363636364,0.0,0.09090909090909091,0.2727272727272727,0.36363636363636365,0.18181818181818182,0.0,0.09090909090909091,0.0,0.0,9.181818181818182,0.38123487766039066,-0.07331057688506393
1643052,2025-26,94,51,30,9,0.4787234042553192,0.13829787234042554,0.06382978723404255,0.3191489361702128,0.13829787234042554,0.3829787234042553,0.06382978723404255,0.0425531914893617,0.0425531914893617,0.0425531914893617,10.127659574468085,0.47320119977498065,0.015754391264342305
1643060,2025-26,3,2,1,0,0.0,0.3333333333333333,0.3333333333333333,0.3333333333333333,0.0,0.3333333333333333,0.0,0.0,0.6666666666666666,0.0,15.0,0.6319722945809374,0.2986389612476041
1643133,2025-26,10,6,0,0,0.9,0.1,0.0,0.0,0.5,0.4,0.0,0.1,0.0,0.0,2.3,0.2679894389860603,-0.1320105610139397
1643141,2025-26,4,0,4,0,0.0,0.0,0.0,1.0,0.0,0.0,0.0,0.0,0.0,0.25,23.5,0.6380563796539513,-0.3619436203460487
1643158,2025-26,29,9,13,1,0.4827586206896552,0.06896551724137931,0.0,0.4482758620689655,0.10344827586206896,0.4482758620689655,0.0,0.0,0.0,0.0,12.482758620689655,0.4908741664224979,-0.19878100599129517
1643253,2025-26,70,25,31,9,0.2571428571428571,0.2,0.1,0.44285714285714284,0.04285714285714286,0.24285714285714285,0.11428571428571428,0.014285714285714285,0.14285714285714285,0.04285714285714286,14.871428571428572,0.5436071027403788,-0.09925004011676403
1643257,2025-26,7,4,4,1,0.42857142857142855,0.0,0.0,0.5714285714285714,0.14285714285714285,0.2857142857142857,0.0,0.0,0.0,0.0,14.571428571428571,0.4906988293287664,0.0621274007573378
