game_id,player_id,game_date,opponent,minutes,points,rebounds,assists,steals,blocks,turnovers,field_goal_attempts,field_goals_made,three_point_attempts,three_points_made,free_throw_attempts,free_throws_made
0022501198,2544,2026-04-12,UTA,16.33,18.0,4.0,6.0,3.0,0.0,4.0,15.0,6.0,3.0,0.0,7.0,6.0
0022501185,2544,2026-04-10,PHX,32.06,28.0,6.0,12.0,4.0,0.0,2.0,16.0,10.0,2.0,2.0,9.0,6.0
0022501170,2544,2026-04-09,GSW,31.48,26.0,8.0,11.0,2.0,1.0,4.0,17.0,11.0,5.0,3.0,2.0,1.0
0022501140,2544,2026-04-05,DAL,38.43,30.0,9.0,15.0,1.0,0.0,4.0,22.0,12.0,6.0,1.0,9.0,5.0
0022501116,2544,2026-04-02,OKC,25.59,13.0,6.0,2.0,1.0,1.0,2.0,7.0,3.0,4.0,1.0,8.0,6.0
0022501103,2544,2026-03-31,CLE,30.38,14.0,5.0,6.0,1.0,1.0,3.0,8.0,4.0,3.0,1.0,6.0,5.0
0022501098,2544,2026-03-30,WAS,33.02,21.0,10.0,12.0,0.0,1.0,4.0,16.0,8.0,3.0,1.0,6.0,4.0
0022501075,2544,2026-03-27,BKN,37.29,14.0,6.0,8.0,1.0,0.0,1.0,11.0,5.0,1.0,0.0,7.0,4.0
0022501052,2544,2026-03-25,IND,34.28,23.0,9.0,9.0,1.0,0.0,1.0,17.0,9.0,1.0,0.0,5.0,5.0
0022501038,2544,2026-03-23,DET,38.44,12.0,9.0,10.0,0.0,1.0,4.0,10.0,4.0,2.0,1.0,3.0,3.0
0022500313,101108,2025-12-01,MIA,14.45,8.0,0.0,3.0,0.0,0.0,1.0,7.0,3.0,3.0,2.0,0.0,0.0
0022500300,101108,2025-11-29,DAL,11.03,0.0,2.0,3.0,1.0,0.0,0.0,3.0,0.0,0.0,0.0,0.0,0.0
0022500079,101108,2025-11-28,MEM,15.01,5.0,2.0,0.0,0.0,0.0,1.0,4.0,2.0,1.0,1.0,0.0,0.0
0022500059,101108,2025-11-25,LAL,9.18,4.0,1.0,1.0,0.0,0.0,0.0,3.0,2.0,1.0,0.0,0.0,0.0
0022500278,101108,2025-11-23,CLE,17.01,2.0,1.0,5.0,0.0,0.0,2.0,1.0,1.0,0.0,0.0,0.0,0.0
0022500268,101108,2025-11-22,CHA,23.05,3.0,4.0,8.0,0.0,0.0,1.0,5.0,1.0,3.0,1.0,1.0,0.0
0022500264,101108,2025-11-20,ORL,23.04,4.0,2.0,4.0,1.0,0.0,4.0,6.0,2.0,2.0,0.0,0.0,0.0
0022500243,101108,2025-11-17,PHI,11.13,3.0,2.0,0.0,0.0,0.0,0.0,2.0,1.0,1.0,1.0,0.0,0.0
0022500182,101108,2025-11-06,PHX,9.3,2.0,2.0,2.0,1.0,0.0,0.0,3.0,1.0,2.0,0.0,0.0,0.0
0022500170,101108,2025-11-04,OKC,11.19,0.0,1.0,3.0,0.0,0.0,1.0,1.0,0.0,1.0,0.0,0.0,0.0
0022501191,200768,2026-04-12,MIL,4.55,0.0,0.0,0.0,0.0,0.0,0.0,5.0,0.0,5.0,0.0,0.0,0.0
0022501053,200768,2026-03-25,CHI,5.13,3.0,0.0,0.0,0.0,0.0,0.0,4.0,1.0,4.0,1.0,0.0,0.0
0022501015,200768,2026-03-19,SAC,8.31,0.0,0.0,0.0,0.0,1.0,1.0,1.0,0.0,1.0,0.0,0.0,0.0
0022500997,200768,2026-03-17,DEN,18.17,0.0,3.0,2.0,0.0,0.0,1.0,2.0,0.0,2.0,0.0,0.0,0.0
0022500980,200768,2026-03-15,POR,5.09,0.0,0.0,0.0,0.0,0.0,0.0,1.0,0.0,1.0,0.0,0.0,0.0
0022500953,200768,2026-03-12,DET,4.11,0.0,0.0,0.0,0.0,0.0,0.0,0.0,0.0,0.0,0.0,0.0,0.0
0022500895,200768,2026-03-04,UTA,9.11,2.0,2.0,1.0,0.0,0.0,0.0,2.0,0.0,2.0,0.0,2.0,2.0
0022500770,200768,2026-02-09,POR,18.01,6.0,1.0,1.0,1.0,1.0,0.0,2.0,1.0,2.0,1.0,4.0,3.0
0022500560,200768,2026-01-12,TOR,1.57,0.0,0.0,0.0,0.0,0.0,0.0,3.0,0.0,3.0,0.0,0.0,0.0
0022500410,200768,2025-12-23,BKN,10.13,0.0,1.0,2.0,0.0,0.0,1.0,0.0,0.0,0.0,0.0,0.0,0.0
0022501178,201142,2026-04-10,MIN,38.44,33.0,7.0,7.0,1.0,2.0,3.0,18.0,13.0,1.0,0.0,9.0,7.0
0022501169,201142,2026-04-09,PHI,37.44,29.0,7.0,5.0,0.0,0.0,3.0,18.0,10.0,6.0,3.0,8.0,6.0
0022501157,201142,2026-04-07,PHX,35.41,24.0,4.0,3.0,0.0,0.0,2.0,20.0,8.0,9.0,5.0,3.0,3.0
0022501142,201142,2026-04-05,GSW,37.15,31.0,8.0,8.0,0.0,3.0,3.0,17.0,10.0,6.0,3.0,9.0,8.0
0022501124,201142,2026-04-03,UTA,30.25,25.0,5.0,6.0,0.0,2.0,3.0,12.0,8.0,4.0,2.0,8.0,7.0
0022501110,201142,2026-04-01,MIL,39.18,19.0,5.0,9.0,0.0,1.0,2.0,16.0,7.0,6.0,2.0,4.0,3.0
0022501102,201142,2026-03-31,NYK,34.31,27.0,6.0,8.0,0.0,2.0,2.0,18.0,10.0,7.0,4.0,4.0,3.0
0022501088,201142,2026-03-29,NOP,28.46,20.0,4.0,6.0,1.0,0.0,2.0,16.0,7.0,7.0,1.0,5.0,5.0
0022501069,201142,2026-03-27,MEM,34.37,25.0,6.0,10.0,1.0,0.0,3.0,14.0,8.0,7.0,3.0,7.0,6.0
0022501058,201142,2026-03-25,MIN,43.07,30.0,3.0,8.0,2.0,1.0,6.0,22.0,9.0,5.0,2.0,12.0,10.0
0022501199,201143,2026-04-12,LAC,18.4,5.0,4.0,2.0,0.0,0.0,1.0,5.0,2.0,4.0,1.0,0.0,0.0
0022501184,201143,2026-04-10,SAC,17.46,10.0,0.0,2.0,0.0,1.0,0.0,8.0,4.0,4.0,2.0,0.0,0.0
0022500966,201143,2026-03-13,MIN,4.55,3.0,1.0,0.0,0.0,0.0,1.0,3.0,1.0,3.0,1.0,0.0,0.0
0022500943,201143,2026-03-10,CHI,34.04,13.0,9.0,5.0,0.0,4.0,1.0,18.0,5.0,10.0,3.0,0.0,0.0
0022500920,201143,2026-03-07,OKC,28.43,4.0,5.0,4.0,0.0,1.0,1.0,6.0,2.0,3.0,0.0,0.0,0.0
0022500902,201143,2026-03-05,HOU,32.43,17.0,6.0,5.0,1.0,2.0,1.0,15.0,7.0,6.0,3.0,0.0,0.0
0022500882,201143,2026-03-02,LAC,27.04,17.0,6.0,3.0,0.0,1.0,0.0,11.0,5.0,8.0,4.0,5.0,3.0
0022500866,201143,2026-02-28,LAL,22.09,8.0,5.0,2.0,0.0,2.0,0.0,3.0,2.0,3.0,2.0,2.0,2.0
0022500844,201143,2026-02-25,MEM,26.44,10.0,7.0,3.0,0.0,1.0,0.0,10.0,4.0,6.0,2.0,0.0,0.0
0022500820,201143,2026-02-22,DEN,26.59,22.0,1.0,7.0,3.0,2.0,2.0,11.0,8.0,7.0,6.0,0.0,0.0
0022501178,201144,2026-04-10,HOU,24.09,9.0,1.0,4.0,1.0,0.0,0.0,3.0,3.0,3.0,3.0,0.0,0.0
0022501152,201144,2026-04-07,IND,20.43,8.0,2.0,3.0,3.0,0.0,3.0,6.0,3.0,4.0,2.0,0.0,0.0
0022501137,201144,2026-04-05,CHA,21.53,11.0,2.0,0.0,1.0,1.0,2.0,6.0,3.0,5.0,3.0,2.0,2.0
0022501115,201144,2026-04-02,DET,22.07,14.0,2.0,2.0,2.0,0.0,1.0,8.0,4.0,7.0,4.0,2.0,2.0
0022501095,201144,2026-03-30,DAL,14.0,0.0,0.0,2.0,0.0,0.0,0.0,3.0,0.0,2.0,0.0,0.0,0.0
0022501080,201144,2026-03-28,DET,21.5,3.0,1.0,6.0,1.0,0.0,0.0,5.0,1.0,5.0,1.0,0.0,0.0
0022501058,201144,2026-03-25,HOU,28.43,5.0,5.0,6.0,1.0,1.0,1.0,6.0,2.0,5.0,1.0,0.0,0.0
0022501004,201144,2026-03-18,UTA,6.51,0.0,0.0,4.0,0.0,0.0,0.0,1.0,0.0,1.0,0.0,0.0,0.0
0022500857,201144,2026-02-26,LAC,3.26,0.0,1.0,0.0,0.0,0.0,0.0,1.0,0.0,1.0,0.0,0.0,0.0
0022500824,201144,2026-02-22,PHI,15.27,0.0,1.0,4.0,0.0,1.0,0.0,2.0,0.0,2.0,0.0,0.0,0.0
0022501194,201145,2026-04-12,MEM,24.11,6.0,5.0,1.0,1.0,1.0,3.0,8.0,2.0,4.0,0.0,2.0,2.0
0022501124,201145,2026-04-03,UTA,7.17,0.0,0.0,1.0,0.0,0.0,0.0,3.0,0.0,1.0,0.0,0.0,0.0
0022501102,201145,2026-03-31,NYK,1.47,0.0,1.0,0.0,0.0,0.0,0.0,2.0,0.0,2.0,0.0,0.0,0.0
0022501088,201145,2026-03-29,NOP,3.43,2.0,0.0,1.0,0.0,0.0,0.0,1.0,1.0,0.0,0.0,0.0,0.0
0022501018,201145,2026-03-20,ATL,4.19,0.0,0.0,1.0,0.0,0.0,0.0,1.0,0.0,1.0,0.0,0.0,0.0
0022500964,201145,2026-03-13,NOP,8.54,2.0,3.0,0.0,0.0,0.0,0.0,3.0,1.0,2.0,0.0,0.0,0.0
0022500950,201145,2026-03-11,DEN,7.33,0.0,1.0,0.0,0.0,0.0,0.0,3.0,0.0,3.0,0.0,0.0,0.0
0022500940,201145,2026-03-10,TOR,2.37,0.0,0.0,0.0,0.0,0.0,0.0,2.0,0.0,1.0,0.0,0.0,0.0
0022500927,201145,2026-03-08,SAS,4.13,7.0,0.0,0.0,0.0,0.0,0.0,3.0,2.0,2.0,1.0,2.0,2.0
0022500864,201145,2026-02-28,MIA,11.59,4.0,4.0,0.0,0.0,0.0,0.0,5.0,2.0,2.0,0.0,0.0,0.0
0022501015,201566,2026-03-19,PHI,26.4,11.0,3.0,8.0,1.0,2.0,4.0,10.0,4.0,6.0,2.0,4.0,1.0
0022500998,201566,2026-03-17,SAS,24.35,5.0,1.0,10.0,0.0,0.0,0.0,6.0,2.0,3.0,0.0,2.0,1.0
0022500975,201566,2026-03-14,LAC,36.47,12.0,12.0,10.0,4.0,0.0,4.0,15.0,4.0,8.0,2.0,4.0,2.0
0022500945,201566,2026-03-10,IND,25.29,16.0,7.0,9.0,0.0,0.0,1.0,10.0,5.0,4.0,2.0,6.0,4.0
0022500930,201566,2026-03-08,CHI,34.43,23.0,11.0,12.0,1.0,0.0,0.0,17.0,7.0,5.0,3.0,6.0,6.0
0022500907,201566,2026-03-05,NOP,33.33,19.0,2.0,10.0,2.0,0.0,2.0,15.0,7.0,6.0,2.0,5.0,3.0
0022500892,201566,2026-03-03,PHX,31.28,16.0,2.0,7.0,4.0,1.0,3.0,14.0,6.0,6.0,3.0,2.0,1.0
0022500878,201566,2026-03-01,LAL,21.58,14.0,4.0,5.0,0.0,0.0,4.0,16.0,6.0,7.0,1.0,1.0,1.0
0022500845,201566,2026-02-25,HOU,25.07,22.0,5.0,3.0,0.0,0.0,2.0,19.0,10.0,7.0,1.0,1.0,1.0
0022500829,201566,2026-02-23,MEM,32.45,25.0,2.0,7.0,1.0,0.0,4.0,17.0,8.0,7.0,3.0,7.0,6.0
0022501004,201567,2026-03-18,MIN,14.47,5.0,4.0,1.0,0.0,0.0,1.0,6.0,1.0,5.0,1.0,2.0,2.0
0022500949,201567,2026-03-11,NYK,9.47,6.0,6.0,2.0,1.0,0.0,1.0,4.0,2.0,3.0,2.0,0.0,0.0
0022500934,201567,2026-03-09,GSW,15.05,12.0,8.0,1.0,1.0,0.0,0.0,4.0,3.0,3.0,3.0,3.0,3.0
0022500919,201567,2026-03-07,MIL,13.38,3.0,6.0,0.0,0.0,0.0,1.0,3.0,1.0,3.0,1.0,0.0,0.0
0022500867,201567,2026-02-28,NOP,9.29,3.0,2.0,2.0,1.0,0.0,0.0,4.0,1.0,4.0,1.0,0.0,0.0
0022500856,201567,2026-02-26,NOP,20.11,6.0,8.0,4.0,2.0,0.0,3.0,5.0,2.0,3.0,1.0,1.0,1.0
0022500830,201567,2026-02-23,HOU,24.22,5.0,9.0,5.0,0.0,1.0,0.0,8.0,2.0,6.0,1.0,0.0,0.0
0022500804,201567,2026-02-20,MEM,5.14,6.0,1.0,2.0,0.0,0.0,0.0,2.0,2.0,2.0,2.0,1.0,0.0
0022500786,201567,2026-02-11,SAC,15.43,5.0,9.0,1.0,0.0,0.0,2.0,5.0,2.0,3.0,1.0,0.0,0.0
0022500750,201567,2026-02-07,ORL,12.18,13.0,6.0,0.0,0.0,0.0,0.0,3.0,3.0,3.0,3.0,4.0,4.0
0022500410,201569,2025-12-23,BKN,17.06,12.0,0.0,0.0,1.0,1.0,0.0,8.0,4.0,6.0,3.0,2.0,1.0
0022500318,201569,2025-12-02,WAS,12.48,3.0,0.0,0.0,0.0,0.0,0.0,4.0,1.0,2.0,1.0,0.0,0.0
0022500058,201569,2025-11-25,ORL,22.25,10.0,2.0,2.0,2.0,0.0,1.0,4.0,4.0,2.0,2.0,0.0,0.0
0022500195,201569,2025-11-09,DET,5.56,0.0,0.0,1.0,0.0,0.0,1.0,1.0,0.0,1.0,0.0,0.0,0.0
0022500123,201569,2025-10-28,WAS,4.33,0.0,0.0,0.0,0.0,0.0,0.0,0.0,0.0,0.0,0.0,0.0,0.0
0022500114,201569,2025-10-27,ORL,10.57,8.0,0.0,0.0,1.0,0.0,1.0,4.0,3.0,3.0,2.0,0.0,0.0
0022501199,201572,2026-04-12,GSW,22.46,7.0,8.0,0.0,1.0,0.0,1.0,8.0,3.0,4.0,1.0,0.0,0.0
0022501183,201572,2026-04-10,POR,36.1,21.0,6.0,1.0,0.0,0.0,2.0,15.0,8.0,11.0,5.0,0.0,0.0
0022501163,201572,2026-04-08,OKC,30.24,16.0,6.0,3.0,0.0,0.0,1.0,12.0,6.0,5.0,3.0,3.0,1.0
0022501156,201572,2026-04-07,DAL,25.16,9.0,11.0,3.0,0.0,4.0,1.0,8.0,4.0,3.0,1.0,1.0,0.0
0022501141,201572,2026-04-05,SAC,19.06,9.0,2.0,0.0,0.0,0.0,1.0,5.0,2.0,3.0,1.0,4.0,4.0
0022501119,201572,2026-04-02,SAS,24.01,6.0,6.0,3.0,0.0,1.0,0.0,12.0,3.0,4.0,0.0,0.0,0.0
0022501104,201572,2026-03-31,POR,35.46,18.0,7.0,2.0,0.0,3.0,1.0,16.0,7.0,8.0,2.0,2.0,2.0
0022501082,201572,2026-03-29,MIL,25.19,8.0,7.0,1.0,3.0,2.0,0.0,3.0,2.0,1.0,0.0,5.0,4.0
0022501066,201572,2026-03-27,IND,33.14,16.0,9.0,4.0,0.0,2.0,1.0,11.0,6.0,6.0,3.0,1.0,1.0
0022501062,201572,2026-03-25,TOR,25.16,14.0,5.0,0.0,2.0,5.0,1.0,10.0,5.0,6.0,3.0,1.0,1.0
0022501199,201587,2026-04-12,GSW,22.2,9.0,2.0,2.0,0.0,1.0,0.0,5.0,3.0,5.0,3.0,0.0,0.0
0022501183,201587,2026-04-10,POR,5.24,0.0,1.0,0.0,0.0,0.0,0.0,1.0,0.0,1.0,0.0,0.0,0.0
0022501163,201587,2026-04-08,OKC,4.51,3.0,0.0,0.0,0.0,0.0,0.0,1.0,1.0,1.0,1.0,0.0,0.0
0022501119,201587,2026-04-02,SAS,5.3,0.0,2.0,1.0,0.0,0.0,1.0,0.0,0.0,0.0,0.0,0.0,0.0
0022501104,201587,2026-03-31,POR,5.36,0.0,0.0,0.0,0.0,0.0,0.0,0.0,0.0,0.0,0.0,0.0,0.0
0022501082,201587,2026-03-29,MIL,11.53,3.0,2.0,1.0,0.0,0.0,0.0,4.0,1.0,4.0,1.0,0.0,0.0
0022501066,201587,2026-03-27,IND,14.29,3.0,5.0,0.0,2.0,0.0,0.0,5.0,1.0,4.0,1.0,0.0,0.0
0022501062,201587,2026-03-25,TOR,14.34,9.0,2.0,1.0,0.0,1.0,0.0,4.0,3.0,4.0,3.0,0.0,0.0
0022501046,201587,2026-03-23,MIL,21.23,3.0,4.0,0.0,2.0,0.0,1.0,4.0,1.0,4.0,1.0,0.0,0.0
0022501029,201587,2026-03-21,DAL,20.23,6.0,6.0,1.0,1.0,0.0,0.0,3.0,2.0,3.0,2.0,0.0,0.0
0022501071,201599,2026-03-27,TOR,19.07,8.0,7.0,0.0,0.0,1.0,0.0,5.0,3.0,0.0,0.0,2.0,2.0
0022501064,201599,2026-03-26,DET,16.5,4.0,5.0,3.0,1.0,1.0,0.0,4.0,2.0,0.0,0.0,0.0,0.0
0022500948,201599,2026-03-11,TOR,13.08,3.0,4.0,2.0,0.0,0.0,0.0,3.0,1.0,0.0,0.0,2.0,1.0
0022500925,201599,2026-03-08,WAS,19.23,2.0,5.0,1.0,0.0,1.0,0.0,0.0,0.0,0.0,0.0,2.0,2.0
0022500891,201599,2026-03-03,LAL,16.08,6.0,6.0,2.0,1.0,1.0,1.0,4.0,3.0,0.0,0.0,0.0,0.0
0022500877,201599,2026-03-01,LAC,11.24,2.0,2.0,1.0,0.0,0.0,1.0,1.0,1.0,0.0,0.0,0.0,0.0
0022500867,201599,2026-02-28,UTA,12.39,3.0,7.0,0.0,1.0,0.0,1.0,2.0,1.0,0.0,0.0,2.0,1.0
0022500856,201599,2026-02-26,UTA,12.58,4.0,7.0,0.0,0.0,0.0,2.0,2.0,2.0,0.0,0.0,0.0,0.0
0022500838,201599,2026-02-24,GSW,22.23,6.0,8.0,2.0,1.0,2.0,1.0,3.0,2.0,0.0,0.0,3.0,2.0
0022500812,201599,2026-02-21,PHI,31.3,6.0,15.0,0.0,0.0,4.0,2.0,3.0,2.0,0.0,0.0,4.0,2.0
0022501173,201935,2026-04-10,ATL,25.01,20.0,0.0,5.0,0.0,0.0,5.0,13.0,6.0,6.0,2.0,6.0,6.0
0022501158,201935,2026-04-08,ATL,33.51,21.0,5.0,4.0,2.0,0.0,2.0,23.0,6.0,10.0,4.0,5.0,5.0
0022501136,201935,2026-04-05,IND,34.17,28.0,4.0,7.0,3.0,1.0,2.0,17.0,8.0,11.0,5.0,8.0,7.0
0022501117,201935,2026-04-02,GSW,36.44,19.0,2.0,5.0,0.0,0.0,4.0,11.0,7.0,6.0,3.0,2.0,2.0
0022501103,201935,2026-03-31,LAL,27.41,17.0,0.0,3.0,0.0,0.0,3.0,13.0,6.0,5.0,2.0,5.0,3.0
0022501096,201935,2026-03-30,UTA,38.39,13.0,6.0,14.0,1.0,1.0,1.0,9.0,4.0,5.0,1.0,6.0,4.0
0022501068,201935,2026-03-27,MIA,29.3,17.0,5.0,14.0,2.0,0.0,1.0,11.0,4.0,6.0,2.0,7.0,7.0
0022501055,201935,2026-03-25,MIA,42.3,18.0,9.0,7.0,0.0,1.0,5.0,10.0,4.0,9.0,3.0,7.0,7.0
0022501049,201935,2026-03-24,ORL,37.1,26.0,3.0,7.0,1.0,1.0,2.0,16.0,8.0,6.0,4.0,7.0,6.0
0022501025,201935,2026-03-21,NOP,36.16,20.0,6.0,10.0,1.0,1.0,2.0,17.0,8.0,9.0,4.0,0.0,0.0
0022501199,201939,2026-04-12,LAC,28.39,24.0,6.0,3.0,1.0,1.0,3.0,14.0,7.0,9.0,4.0,8.0,6.0
0022501184,201939,2026-04-10,SAC,27.16,11.0,3.0,5.0,2.0,0.0,3.0,8.0,3.0,6.0,2.0,3.0,3.0
0022501154,201939,2026-04-07,SAC,25.0,17.0,5.0,2.0,1.0,0.0,3.0,12.0,5.0,11.0,4.0,3.0,3.0
0022501142,201939,2026-04-05,HOU,26.08,29.0,2.0,4.0,1.0,0.0,1.0,21.0,11.0,10.0,5.0,3.0,2.0
0022500696,201939,2026-01-30,DET,25.24,23.0,1.0,2.0,0.0,1.0,4.0,16.0,7.0,10.0,4.0,5.0,5.0
0022500678,201939,2026-01-28,UTA,28.01,27.0,1.0,2.0,2.0,0.0,5.0,14.0,7.0,10.0,4.0,10.0,9.0
0022500644,201939,2026-01-25,MIN,27.38,26.0,2.0,7.0,4.0,0.0,2.0,18.0,7.0,10.0,3.0,9.0,9.0
0022500630,201939,2026-01-22,DAL,34.27,38.0,4.0,1.0,0.0,0.0,2.0,27.0,14.0,15.0,8.0,2.0,2.0
0022500618,201939,2026-01-20,TOR,24.41,16.0,3.0,3.0,1.0,0.0,1.0,16.0,6.0,7.0,2.0,3.0,2.0
0022500612,201939,2026-01-19,MIA,27.48,19.0,3.0,11.0,0.0,0.0,3.0,13.0,6.0,10.0,5.0,2.0,2.0
0022501141,201942,2026-04-05,LAC,10.22,9.0,0.0,0.0,0.0,1.0,1.0,5.0,4.0,1.0,1.0,0.0,0.0
0022501128,201942,2026-04-03,NOP,23.28,14.0,2.0,5.0,2.0,0.0,0.0,11.0,7.0,0.0,0.0,0.0,0.0
0022501108,201942,2026-04-01,TOR,34.52,28.0,1.0,4.0,0.0,0.0,1.0,18.0,7.0,4.0,2.0,12.0,12.0
0022501078,201942,2026-03-28,ATL,30.0,22.0,4.0,3.0,0.0,0.0,3.0,18.0,9.0,2.0,1.0,3.0,3.0
0022501065,201942,2026-03-26,ORL,38.29,33.0,6.0,11.0,0.0,0.0,0.0,24.0,12.0,1.0,0.0,10.0,9.0
0022501047,201942,2026-03-24,CHA,28.47,7.0,4.0,5.0,0.0,0.0,2.0,10.0,3.0,2.0,0.0,3.0,1.0
0022501033,201942,2026-03-22,BKN,31.51,10.0,0.0,8.0,0.0,1.0,2.0,7.0,3.0,2.0,0.0,4.0,4.0
0022501015,201942,2026-03-19,PHI,23.26,13.0,3.0,5.0,0.0,0.0,2.0,10.0,6.0,1.0,0.0,2.0,1.0
0022500998,201942,2026-03-17,SAS,16.55,2.0,1.0,1.0,0.0,0.0,0.0,4.0,1.0,0.0,0.0,0.0,0.0
0022500982,201942,2026-03-15,UTA,38.03,41.0,4.0,11.0,3.0,0.0,5.0,21.0,11.0,3.0,1.0,21.0,18.0
0022501200,201950,2026-04-12,SAC,32.31,23.0,7.0,3.0,0.0,1.0,4.0,18.0,8.0,8.0,2.0,6.0,5.0
0022501183,201950,2026-04-10,LAC,31.42,9.0,3.0,4.0,1.0,0.0,3.0,6.0,2.0,3.0,0.0,5.0,5.0
0022501161,201950,2026-04-08,SAS,31.29,13.0,10.0,6.0,0.0,0.0,3.0,17.0,6.0,7.0,1.0,0.0,0.0
0022501147,201950,2026-04-06,DEN,38.56,19.0,6.0,11.0,0.0,0.0,0.0,19.0,7.0,12.0,5.0,0.0,0.0
0022501118,201950,2026-04-02,NOP,37.22,27.0,5.0,9.0,1.0,0.0,4.0,22.0,10.0,15.0,7.0,0.0,0.0
0022501104,201950,2026-03-31,LAC,31.49,30.0,6.0,2.0,2.0,0.0,3.0,21.0,10.0,15.0,7.0,3.0,3.0
0022501087,201950,2026-03-29,WAS,21.49,11.0,1.0,2.0,0.0,0.0,1.0,6.0,3.0,5.0,3.0,2.0,2.0
0022501074,201950,2026-03-27,DAL,35.04,23.0,4.0,3.0,1.0,0.0,4.0,19.0,8.0,9.0,3.0,4.0,4.0
0022501061,201950,2026-03-25,MIL,25.53,13.0,5.0,8.0,1.0,0.0,3.0,7.0,4.0,5.0,4.0,1.0,1.0
0022501045,201950,2026-03-23,BKN,27.15,11.0,7.0,4.0,0.0,0.0,6.0,10.0,5.0,5.0,1.0,0.0,0.0
0022501194,201959,2026-04-12,HOU,19.08,4.0,4.0,1.0,0.0,0.0,0.0,4.0,1.0,0.0,0.0,2.0,2.0
0022501162,201959,2026-04-08,DEN,4.57,2.0,2.0,0.0,0.0,0.0,0.0,3.0,1.0,0.0,0.0,0.0,0.0
0022501135,201959,2026-04-05,MIL,7.21,0.0,6.0,1.0,0.0,0.0,0.0,1.0,0.0,1.0,0.0,0.0,0.0
0022501069,201959,2026-03-27,HOU,8.42,8.0,1.0,3.0,1.0,0.0,1.0,2.0,2.0,0.0,0.0,4.0,4.0
0022501056,201959,2026-03-25,SAS,10.01,7.0,1.0,0.0,0.0,0.0,0.0,4.0,3.0,1.0,1.0,0.0,0.0
0022501037,201959,2026-03-23,ATL,5.38,0.0,1.0,0.0,0.0,0.0,0.0,1.0,0.0,0.0,0.0,0.0,0.0
0022501023,201959,2026-03-21,CHA,11.58,7.0,3.0,0.0,0.0,0.0,0.0,4.0,3.0,2.0,1.0,0.0,0.0
0022500651,201959,2026-03-18,DEN,9.26,1.0,4.0,1.0,0.0,0.0,0.0,0.0,0.0,0.0,0.0,2.0,1.0
0022500987,201959,2026-03-16,CHI,8.06,2.0,2.0,0.0,1.0,1.0,0.0,2.0,1.0,0.0,0.0,0.0,0.0
0022500961,201959,2026-03-13,DET,11.35,3.0,3.0,0.0,0.0,0.0,0.0,5.0,1.0,2.0,1.0,0.0,0.0
0022501192,202066,2026-04-12,BKN,4.19,3.0,1.0,1.0,1.0,0.0,0.0,1.0,1.0,1.0,1.0,0.0,0.0
0022501101,202066,2026-03-31,DET,1.23,0.0,0.0,0.0,0.0,0.0,0.0,0.0,0.0,0.0,0.0,0.0,0.0
0022501086,202066,2026-03-29,ORL,3.17,0.0,0.0,0.0,0.0,0.0,0.0,1.0,0.0,1.0,0.0,0.0,0.0
0022501062,202066,2026-03-25,LAC,3.45,0.0,1.0,0.0,0.0,0.0,0.0,1.0,0.0,1.0,0.0,0.0,0.0
0022501036,202066,2026-03-22,PHX,7.51,5.0,1.0,2.0,0.0,1.0,2.0,1.0,1.0,1.0,1.0,3.0,2.0
0022501002,202066,2026-03-18,CHI,6.41,2.0,1.0,2.0,0.0,0.0,2.0,3.0,1.0,2.0,0.0,0.0,0.0
0022500940,202066,2026-03-10,HOU,3.18,0.0,0.0,0.0,0.0,0.0,0.0,0.0,0.0,0.0,0.0,0.0,0.0
0022500924,202066,2026-03-08,DAL,4.11,3.0,1.0,0.0,0.0,0.0,0.0,1.0,0.0,1.0,0.0,4.0,3.0
0022500819,202066,2026-02-22,MIL,2.27,0.0,0.0,0.0,0.0,0.0,0.0,0.0,0.0,0.0,0.0,0.0,0.0
0022500675,202066,2026-01-28,NYK,2.28,0.0,0.0,0.0,0.0,0.0,0.0,0.0,0.0,0.0,0.0,0.0,0.0
0022501191,202331,2026-04-12,MIL,21.17,11.0,5.0,2.0,0.0,0.0,1.0,7.0,4.0,4.0,1.0,2.0,2.0
0022501175,202331,2026-04-10,IND,33.27,21.0,5.0,2.0,1.0,0.0,1.0,19.0,9.0,9.0,3.0,1.0,0.0
0022501169,202331,2026-04-09,HOU,24.09,7.0,4.0,1.0,1.0,0.0,4.0,8.0,2.0,5.0,0.0,4.0,3.0
0022501146,202331,2026-04-06,SAS,38.06,16.0,4.0,4.0,2.0,0.0,1.0,15.0,5.0,5.0,4.0,4.0,2.0
0022501131,202331,2026-04-04,DET,28.2,20.0,5.0,4.0,2.0,0.0,3.0,14.0,7.0,5.0,3.0,4.0,3.0
0022501121,202331,2026-04-03,MIN,38.01,23.0,6.0,6.0,4.0,1.0,6.0,15.0,6.0,7.0,3.0,10.0,8.0
0022501105,202331,2026-04-01,WAS,30.23,39.0,5.0,6.0,3.0,0.0,0.0,22.0,15.0,12.0,6.0,4.0,3.0
0022501091,202331,2026-03-30,MIA,34.45,19.0,4.0,2.0,1.0,0.0,1.0,18.0,7.0,11.0,4.0,1.0,1.0
0022501077,202331,2026-03-28,CHA,36.22,26.0,13.0,2.0,4.0,1.0,3.0,19.0,9.0,11.0,4.0,5.0,4.0
0022501053,202331,2026-03-25,CHI,26.2,28.0,6.0,4.0,4.0,1.0,0.0,22.0,11.0,13.0,6.0,0.0,0.0
0022501197,202685,2026-04-12,SAS,18.56,16.0,11.0,4.0,0.0,1.0,1.0,16.0,8.0,2.0,0.0,0.0,0.0
0022501182,202685,2026-04-10,OKC,32.12,23.0,17.0,4.0,0.0,2.0,3.0,14.0,9.0,2.0,1.0,4.0,4.0
0022501162,202685,2026-04-08,MEM,12.45,14.0,4.0,0.0,0.0,2.0,3.0,6.0,6.0,0.0,0.0,3.0,2.0
0022501147,202685,2026-04-06,POR,9.48,14.0,3.0,1.0,0.0,0.0,0.0,7.0,6.0,2.0,1.0,2.0,1.0
0022501130,202685,2026-04-04,SAS,5.33,7.0,3.0,0.0,0.0,0.0,0.0,6.0,3.0,0.0,0.0,2.0,1.0
0022501112,202685,2026-04-01,UTA,13.14,13.0,6.0,0.0,0.0,1.0,1.0,6.0,3.0,0.0,0.0,8.0,7.0
0022501090,202685,2026-03-29,GSW,5.07,0.0,1.0,1.0,0.0,0.0,0.0,0.0,0.0,0.0,0.0,0.0,0.0
0022500651,202685,2026-03-18,MEM,5.47,4.0,3.0,0.0,0.0,1.0,0.0,3.0,2.0,0.0,0.0,0.0,0.0
0022500997,202685,2026-03-17,PHI,19.13,8.0,9.0,1.0,0.0,0.0,1.0,10.0,3.0,1.0,0.0,6.0,2.0
0022500974,202685,2026-03-14,LAL,3.15,2.0,1.0,0.0,0.0,0.0,2.0,1.0,1.0,0.0,0.0,0.0,0.0
0022501197,202687,2026-04-12,DEN,5.37,2.0,1.0,0.0,0.0,0.0,1.0,1.0,1.0,0.0,0.0,0.0,0.0
0022501119,202687,2026-04-02,LAC,3.09,0.0,1.0,0.0,0.0,1.0,0.0,0.0,0.0,0.0,0.0,0.0,0.0
0022501056,202687,2026-03-25,MEM,8.57,0.0,4.0,0.0,0.0,0.0,0.0,1.0,0.0,0.0,0.0,0.0,0.0
0022501041,202687,2026-03-23,MIA,2.52,0.0,0.0,0.0,0.0,0.0,0.0,0.0,0.0,0.0,0.0,0.0,0.0
0022501028,202687,2026-03-21,IND,4.08,4.0,1.0,0.0,0.0,0.0,1.0,2.0,2.0,0.0,0.0,0.0,0.0
0022500998,202687,2026-03-17,SAC,8.32,1.0,3.0,0.0,0.0,0.0,0.0,2.0,0.0,0.0,0.0,2.0,1.0
0022500927,202687,2026-03-08,HOU,3.37,0.0,1.0,0.0,0.0,0.0,1.0,0.0,0.0,0.0,0.0,0.0,0.0
0022500904,202687,2026-03-05,DET,0.45,0.0,1.0,0.0,0.0,0.0,0.0,0.0,0.0,0.0,0.0,0.0,0.0
0022500888,202687,2026-03-03,PHI,12.0,5.0,1.0,1.0,0.0,0.0,0.0,2.0,2.0,0.0,0.0,1.0,1.0
0022500868,202687,2026-03-01,NYK,3.37,0.0,0.0,0.0,0.0,0.0,0.0,0.0,0.0,0.0,0.0,0.0,0.0
0022501193,202691,2026-04-12,CHI,10.05,12.0,0.0,1.0,1.0,0.0,0.0,10.0,4.0,9.0,4.0,0.0,0.0
0022501156,202691,2026-04-07,LAC,26.17,11.0,3.0,2.0,0.0,3.0,1.0,17.0,4.0,10.0,1.0,2.0,2.0
0022501140,202691,2026-04-05,LAL,18.1,11.0,0.0,2.0,0.0,0.0,0.0,8.0,4.0,6.0,3.0,0.0,0.0
0022501127,202691,2026-04-03,ORL,22.21,18.0,1.0,2.0,0.0,0.0,1.0,13.0,7.0,10.0,4.0,0.0,0.0
0022501095,202691,2026-03-30,MIN,22.03,5.0,2.0,2.0,0.0,0.0,2.0,8.0,1.0,6.0,1.0,2.0,2.0
0022501074,202691,2026-03-27,POR,18.03,7.0,2.0,3.0,0.0,1.0,1.0,10.0,2.0,8.0,2.0,1.0,1.0
0022501059,202691,2026-03-25,DEN,10.44,8.0,0.0,0.0,0.0,0.0,0.0,6.0,3.0,2.0,2.0,0.0,0.0
0022501044,202691,2026-03-23,GSW,27.33,15.0,1.0,1.0,1.0,1.0,1.0,10.0,5.0,9.0,5.0,0.0,0.0
0022501029,202691,2026-03-21,LAC,27.02,12.0,0.0,2.0,0.0,1.0,1.0,6.0,4.0,4.0,4.0,0.0,0.0
0022501006,202691,2026-03-18,ATL,21.57,17.0,0.0,1.0,1.0,0.0,0.0,12.0,6.0,10.0,4.0,2.0,1.0
0022501183,202695,2026-04-10,POR,37.26,24.0,8.0,5.0,1.0,0.0,1.0,20.0,10.0,5.0,1.0,3.0,3.0
0022501163,202695,2026-04-08,OKC,30.0,20.0,8.0,3.0,1.0,0.0,3.0,18.0,8.0,5.0,2.0,4.0,2.0
0022501156,202695,2026-04-07,DAL,30.09,34.0,4.0,3.0,1.0,0.0,3.0,19.0,11.0,10.0,6.0,9.0,6.0
0022501141,202695,2026-04-05,SAC,29.51,26.0,6.0,3.0,0.0,0.0,1.0,18.0,9.0,9.0,3.0,5.0,5.0
0022501119,202695,2026-04-02,SAS,31.42,24.0,6.0,5.0,2.0,0.0,0.0,16.0,10.0,5.0,4.0,0.0,0.0
0022501104,202695,2026-03-31,POR,35.3,23.0,8.0,3.0,1.0,1.0,3.0,15.0,7.0,5.0,0.0,10.0,9.0
0022501082,202695,2026-03-29,MIL,22.34,20.0,8.0,2.0,1.0,0.0,1.0,16.0,8.0,7.0,4.0,0.0,0.0
0022501066,202695,2026-03-27,IND,34.32,28.0,8.0,4.0,3.0,0.0,0.0,26.0,13.0,6.0,1.0,2.0,1.0
0022501062,202695,2026-03-25,TOR,30.2,27.0,6.0,2.0,0.0,1.0,3.0,19.0,9.0,6.0,2.0,8.0,7.0
0022501046,202695,2026-03-23,MIL,24.47,28.0,5.0,3.0,3.0,1.0,2.0,18.0,8.0,10.0,3.0,9.0,9.0
0022501174,202696,2026-04-10,NOP,18.46,14.0,4.0,5.0,0.0,1.0,0.0,7.0,5.0,5.0,3.0,2.0,1.0
0022501168,202696,2026-04-09,NYK,23.45,10.0,5.0,2.0,0.0,0.0,2.0,7.0,4.0,4.0,2.0,0.0,0.0
0022501149,202696,2026-04-07,CHA,22.42,2.0,7.0,2.0,2.0,0.0,1.0,10.0,1.0,5.0,0.0,0.0,0.0
0022501132,202696,2026-04-05,TOR,13.0,4.0,4.0,1.0,0.0,0.0,2.0,5.0,2.0,2.0,0.0,0.0,0.0
0022500908,202696,2026-03-06,DAL,1.47,0.0,0.0,0.0,0.0,0.0,0.0,0.0,0.0,0.0,0.0,0.0,0.0
0022500894,202696,2026-03-04,CHA,16.46,7.0,4.0,1.0,0.0,1.0,0.0,10.0,2.0,3.0,1.0,2.0,2.0
0022500880,202696,2026-03-02,MIL,26.17,10.0,5.0,7.0,0.0,1.0,0.0,12.0,5.0,4.0,0.0,0.0,0.0
0022500874,202696,2026-03-01,PHI,20.43,11.0,12.0,0.0,0.0,1.0,1.0,9.0,4.0,6.0,3.0,0.0,0.0
0022500859,202696,2026-02-27,BKN,25.2,28.0,11.0,4.0,0.0,1.0,1.0,13.0,9.0,3.0,3.0,7.0,7.0
0022500847,202696,2026-02-25,DEN,22.58,2.0,8.0,1.0,0.0,0.0,0.0,7.0,1.0,4.0,0.0,0.0,0.0
0022501188,202699,2026-04-12,IND,21.49,24.0,4.0,1.0,3.0,0.0,0.0,12.0,9.0,4.0,4.0,2.0,2.0
0022501171,202699,2026-04-10,CHA,24.54,8.0,6.0,0.0,0.0,0.0,1.0,5.0,3.0,1.0,1.0,3.0,1.0
0022501160,202699,2026-04-08,MIL,23.09,10.0,5.0,3.0,1.0,1.0,2.0,8.0,3.0,3.0,2.0,2.0,2.0
0022501131,202699,2026-04-04,PHI,26.33,19.0,4.0,2.0,4.0,0.0,1.0,13.0,7.0,3.0,1.0,4.0,4.0
0022501115,202699,2026-04-02,MIN,6.07,2.0,0.0,1.0,0.0,0.0,0.0,1.0,1.0,0.0,0.0,0.0,0.0
0022501101,202699,2026-03-31,TOR,32.56,12.0,5.0,6.0,0.0,0.0,1.0,9.0,4.0,3.0,1.0,4.0,3.0
0022501080,202699,2026-03-28,MIN,28.01,18.0,4.0,4.0,1.0,3.0,2.0,10.0,7.0,4.0,2.0,3.0,2.0
0022501064,202699,2026-03-26,NOP,25.55,12.0,9.0,7.0,0.0,1.0,0.0,12.0,5.0,3.0,1.0,1.0,1.0
0022501051,202699,2026-03-25,ATL,35.26,22.0,3.0,3.0,1.0,0.0,1.0,17.0,9.0,5.0,2.0,2.0,2.0
0022501038,202699,2026-03-23,LAL,31.54,14.0,7.0,5.0,1.0,2.0,1.0,14.0,5.0,5.0,2.0,3.0,2.0
0022500612,202710,2026-01-19,MIA,20.5,17.0,3.0,4.0,2.0,0.0,2.0,11.0,6.0,1.0,0.0,5.0,5.0
0022500584,202710,2026-01-15,NYK,31.58,32.0,8.0,4.0,2.0,0.0,0.0,22.0,14.0,3.0,1.0,5.0,3.0
0022500570,202710,2026-01-13,POR,26.26,16.0,6.0,5.0,0.0,0.0,0.0,7.0,5.0,2.0,1.0,5.0,5.0
0022500556,202710,2026-01-11,ATL,33.42,30.0,7.0,6.0,2.0,0.0,2.0,19.0,10.0,6.0,2.0,8.0,8.0
0022500539,202710,2026-01-09,SAC,22.47,15.0,6.0,6.0,0.0,0.0,2.0,10.0,6.0,1.0,0.0,3.0,3.0
0022500526,202710,2026-01-07,MIL,31.57,21.0,5.0,3.0,1.0,0.0,2.0,15.0,6.0,5.0,1.0,9.0,8.0
0022500508,202710,2026-01-05,LAC,33.25,24.0,6.0,2.0,4.0,1.0,2.0,16.0,7.0,4.0,1.0,11.0,9.0
0022500492,202710,2026-01-03,UTA,33.31,15.0,3.0,7.0,3.0,0.0,2.0,9.0,4.0,2.0,1.0,8.0,6.0
0022500462,202710,2025-12-31,CHA,30.52,19.0,5.0,7.0,1.0,0.0,3.0,8.0,4.0,1.0,0.0,12.0,11.0
0022500449,202710,2025-12-29,BKN,31.12,21.0,5.0,4.0,1.0,0.0,1.0,9.0,5.0,0.0,0.0,12.0,11.0
0022500531,203076,2026-01-08,UTA,35.11,21.0,11.0,4.0,1.0,1.0,2.0,20.0,10.0,2.0,0.0,1.0,1.0
0022500515,203076,2026-01-06,SAC,35.37,19.0,16.0,2.0,0.0,2.0,3.0,23.0,7.0,1.0,0.0,7.0,5.0
0022500491,203076,2026-01-03,HOU,39.02,26.0,12.0,3.0,0.0,5.0,5.0,15.0,9.0,2.0,0.0,9.0,8.0
0022500473,203076,2026-01-01,PHI,36.55,13.0,8.0,2.0,1.0,0.0,3.0,13.0,6.0,1.0,0.0,2.0,1.0
0022500011,203076,2025-12-25,GSW,10.53,3.0,3.0,0.0,1.0,2.0,0.0,4.0,1.0,0.0,0.0,4.0,1.0
0022500415,203076,2025-12-23,DEN,35.52,31.0,9.0,4.0,3.0,0.0,1.0,19.0,12.0,2.0,1.0,6.0,6.0
0022500404,203076,2025-12-22,NOP,35.2,35.0,17.0,2.0,1.0,1.0,4.0,28.0,16.0,3.0,1.0,3.0,2.0
0022500387,203076,2025-12-20,PHI,33.57,24.0,15.0,2.0,0.0,1.0,1.0,20.0,11.0,2.0,0.0,2.0,2.0
0022500376,203076,2025-12-18,DET,37.22,15.0,14.0,2.0,0.0,3.0,2.0,18.0,7.0,2.0,1.0,0.0,0.0
0022501214,203076,2025-12-12,BKN,32.41,24.0,14.0,3.0,3.0,2.0,3.0,21.0,10.0,1.0,0.0,5.0,4.0
0022500190,203078,2025-11-08,PHX,19.37,12.0,0.0,3.0,1.0,0.0,1.0,9.0,4.0,4.0,2.0,2.0,2.0
0022500182,203078,2025-11-06,PHX,19.39,5.0,1.0,1.0,0.0,0.0,2.0,14.0,2.0,5.0,1.0,0.0,0.0
0022500164,203078,2025-11-03,MIA,20.09,12.0,1.0,2.0,1.0,0.0,3.0,8.0,5.0,4.0,2.0,2.0,0.0
0022500027,203078,2025-10-31,NOP,21.11,9.0,1.0,2.0,0.0,0.0,1.0,8.0,3.0,2.0,1.0,2.0,2.0
0022500099,203078,2025-10-24,PHX,20.06,6.0,1.0,2.0,0.0,0.0,1.0,4.0,2.0,0.0,0.0,2.0,2.0
0022500087,203078,2025-10-22,UTA,20.13,5.0,1.0,0.0,1.0,0.0,1.0,5.0,2.0,4.0,1.0,0.0,0.0
0022501191,203083,2026-04-12,MIL,22.31,12.0,12.0,3.0,1.0,1.0,0.0,10.0,5.0,3.0,2.0,0.0,0.0
0022501175,203083,2026-04-10,IND,28.33,10.0,16.0,1.0,1.0,0.0,0.0,10.0,4.0,1.0,0.0,2.0,2.0
0022501169,203083,2026-04-09,HOU,29.59,5.0,15.0,5.0,1.0,1.0,3.0,2.0,2.0,0.0,0.0,4.0,1.0
0022501146,203083,2026-04-06,SAS,8.34,5.0,3.0,1.0,0.0,0.0,0.0,4.0,2.0,1.0,0.0,1.0,1.0
0022501131,203083,2026-04-04,DET,18.15,4.0,3.0,2.0,1.0,0.0,1.0,5.0,2.0,2.0,0.0,0.0,0.0
0022501121,203083,2026-04-03,MIN,9.04,4.0,6.0,0.0,1.0,1.0,1.0,1.0,1.0,0.0,0.0,2.0,2.0
0022501105,203083,2026-04-01,WAS,23.47,6.0,9.0,4.0,2.0,0.0,0.0,5.0,2.0,2.0,2.0,0.0,0.0
0022501077,203083,2026-03-28,CHA,6.2,0.0,2.0,1.0,0.0,1.0,0.0,1.0,0.0,0.0,0.0,0.0,0.0
0022501053,203083,2026-03-25,CHI,5.13,0.0,2.0,0.0,0.0,0.0,1.0,3.0,0.0,2.0,0.0,0.0,0.0
0022501040,203083,2026-03-23,OKC,18.3,6.0,4.0,2.0,0.0,0.0,1.0,3.0,2.0,2.0,2.0,0.0,0.0
0022501197,203084,2026-04-12,DEN,25.09,12.0,1.0,1.0,1.0,0.0,0.0,11.0,5.0,5.0,2.0,0.0,0.0
0022501180,203084,2026-04-10,DAL,28.08,15.0,2.0,1.0,0.0,0.0,0.0,9.0,6.0,4.0,2.0,1.0,1.0
0022501161,203084,2026-04-08,POR,26.47,9.0,2.0,2.0,1.0,0.0,3.0,4.0,2.0,2.0,0.0,6.0,5.0
0022501146,203084,2026-04-06,PHI,17.08,2.0,1.0,0.0,0.0,0.0,0.0,3.0,1.0,2.0,0.0,0.0,0.0
0022501130,203084,2026-04-04,DEN,16.31,8.0,1.0,1.0,1.0,0.0,1.0,4.0,3.0,3.0,2.0,0.0,0.0
0022501119,203084,2026-04-02,LAC,20.43,3.0,0.0,2.0,0.0,1.0,0.0,2.0,1.0,1.0,1.0,0.0,0.0
0022501113,203084,2026-04-01,GSW,27.11,13.0,6.0,3.0,1.0,0.0,0.0,7.0,4.0,6.0,3.0,3.0,2.0
0022501094,203084,2026-03-30,CHI,17.17,3.0,1.0,0.0,1.0,0.0,0.0,5.0,1.0,2.0,0.0,2.0,1.0
0022501076,203084,2026-03-28,MIL,18.24,3.0,1.0,1.0,0.0,0.0,0.0,3.0,1.0,3.0,1.0,0.0,0.0
0022501056,203084,2026-03-25,MEM,21.58,11.0,2.0,2.0,0.0,0.0,0.0,7.0,4.0,6.0,3.0,0.0,0.0
0022501184,203110,2026-04-10,SAC,23.33,7.0,4.0,6.0,1.0,0.0,3.0,3.0,2.0,2.0,1.0,2.0,2.0
0022501170,203110,2026-04-09,LAL,22.06,2.0,5.0,6.0,1.0,0.0,4.0,1.0,0.0,1.0,0.0,2.0,2.0
0022501154,203110,2026-04-07,SAC,27.06,1.0,6.0,7.0,1.0,1.0,3.0,3.0,0.0,3.0,0.0,2.0,1.0
0022501142,203110,2026-04-05,HOU,34.03,7.0,6.0,12.0,1.0,0.0,1.0,4.0,3.0,1.0,1.0,0.0,0.0
0022501117,203110,2026-04-02,CLE,35.11,8.0,9.0,9.0,1.0,3.0,2.0,11.0,3.0,8.0,2.0,0.0,0.0
0022501113,203110,2026-04-01,SAS,20.41,14.0,2.0,1.0,1.0,1.0,0.0,7.0,4.0,6.0,4.0,2.0,2.0
0022501090,203110,2026-03-29,DEN,29.33,13.0,4.0,8.0,1.0,0.0,2.0,11.0,5.0,7.0,2.0,1.0,1.0
0022501073,203110,2026-03-27,WAS,32.11,6.0,4.0,10.0,1.0,2.0,3.0,4.0,2.0,3.0,1.0,2.0,1.0
0022501060,203110,2026-03-25,BKN,33.36,7.0,5.0,3.0,2.0,1.0,3.0,4.0,2.0,3.0,1.0,4.0,2.0
0022501044,203110,2026-03-23,DAL,38.29,11.0,7.0,6.0,3.0,0.0,6.0,11.0,5.0,5.0,0.0,2.0,1.0
0022501193,203114,2026-04-12,CHI,5.42,8.0,1.0,1.0,0.0,0.0,1.0,3.0,2.0,3.0,2.0,2.0,2.0
0022501180,203114,2026-04-10,SAS,25.22,14.0,3.0,3.0,0.0,0.0,0.0,8.0,5.0,3.0,2.0,2.0,2.0
0022501164,203114,2026-04-08,PHX,17.35,4.0,3.0,2.0,0.0,0.0,3.0,5.0,0.0,2.0,0.0,4.0,4.0
0022501156,203114,2026-04-07,LAC,19.35,2.0,2.0,3.0,0.0,0.0,2.0,5.0,1.0,1.0,0.0,0.0,0.0
0022501140,203114,2026-04-05,LAL,17.39,8.0,2.0,0.0,0.0,0.0,0.0,5.0,3.0,3.0,2.0,0.0,0.0
0022501127,203114,2026-04-03,ORL,12.1,0.0,1.0,1.0,0.0,0.0,2.0,4.0,0.0,3.0,0.0,0.0,0.0
0022500652,203114,2026-03-31,MIL,22.25,8.0,5.0,2.0,0.0,0.0,1.0,11.0,3.0,4.0,1.0,2.0,1.0
0022501095,203114,2026-03-30,MIN,22.36,9.0,6.0,1.0,1.0,0.0,5.0,10.0,4.0,1.0,1.0,0.0,0.0
0022501059,203114,2026-03-25,DEN,17.37,11.0,3.0,5.0,0.0,0.0,1.0,8.0,4.0,2.0,1.0,2.0,2.0
0022501044,203114,2026-03-23,GSW,12.14,2.0,2.0,3.0,0.0,0.0,1.0,3.0,1.0,2.0,0.0,0.0,0.0
0022501173,203468,2026-04-10,CLE,24.09,29.0,4.0,4.0,2.0,0.0,2.0,16.0,11.0,8.0,6.0,2.0,1.0
0022501158,203468,2026-04-08,CLE,32.05,12.0,4.0,4.0,2.0,2.0,2.0,16.0,6.0,3.0,0.0,0.0,0.0
0022501143,203468,2026-04-06,NYK,34.37,17.0,3.0,6.0,2.0,2.0,2.0,19.0,7.0,8.0,3.0,0.0,0.0
0022501122,203468,2026-04-03,BKN,25.26,25.0,2.0,7.0,1.0,0.0,0.0,12.0,8.0,7.0,4.0,6.0,5.0
0022501107,203468,2026-04-01,ORL,33.36,9.0,1.0,3.0,3.0,1.0,2.0,13.0,4.0,4.0,1.0,1.0,0.0
0022501092,203468,2026-03-30,BOS,30.18,14.0,1.0,6.0,0.0,2.0,2.0,17.0,6.0,6.0,2.0,0.0,0.0
0022501078,203468,2026-03-28,SAC,30.06,22.0,4.0,5.0,1.0,0.0,1.0,17.0,9.0,7.0,2.0,4.0,2.0
0022501067,203468,2026-03-27,BOS,33.44,21.0,5.0,2.0,0.0,0.0,0.0,20.0,8.0,10.0,3.0,3.0,2.0
0022501051,203468,2026-03-25,DET,34.56,27.0,1.0,5.0,1.0,0.0,4.0,21.0,10.0,12.0,5.0,2.0,2.0
0022501037,203468,2026-03-23,MEM,22.0,15.0,4.0,9.0,1.0,0.0,2.0,11.0,5.0,5.0,3.0,2.0,2.0
0022501173,203471,2026-04-10,ATL,15.41,7.0,2.0,4.0,2.0,0.0,0.0,8.0,2.0,2.0,1.0,2.0,2.0
0022501158,203471,2026-04-08,ATL,14.43,5.0,1.0,3.0,0.0,0.0,2.0,4.0,2.0,1.0,0.0,1.0,1.0
0022501145,203471,2026-04-06,MEM,29.16,22.0,5.0,11.0,0.0,0.0,3.0,12.0,8.0,2.0,1.0,6.0,5.0
0022501136,203471,2026-04-05,IND,20.01,6.0,2.0,3.0,0.0,0.0,1.0,6.0,2.0,1.0,0.0,2.0,2.0
0022501117,203471,2026-04-02,GSW,20.18,12.0,2.0,6.0,1.0,0.0,2.0,7.0,4.0,2.0,1.0,3.0,3.0
0022501103,203471,2026-03-31,LAL,18.52,9.0,3.0,3.0,1.0,1.0,3.0,7.0,3.0,2.0,1.0,2.0,2.0
0022501096,203471,2026-03-30,UTA,21.13,3.0,4.0,3.0,1.0,0.0,0.0,4.0,1.0,2.0,0.0,2.0,1.0
0022501068,203471,2026-03-27,MIA,19.55,8.0,0.0,5.0,1.0,0.0,0.0,7.0,3.0,1.0,0.0,3.0,2.0
0022501055,203471,2026-03-25,MIA,27.44,4.0,6.0,6.0,0.0,0.0,0.0,5.0,1.0,1.0,0.0,2.0,2.0
0022501049,203471,2026-03-24,ORL,15.55,6.0,1.0,2.0,0.0,0.0,0.0,5.0,3.0,1.0,0.0,0.0,0.0
0022501119,203482,2026-04-02,LAC,3.09,0.0,2.0,0.0,0.0,0.0,0.0,1.0,0.0,1.0,0.0,0.0,0.0
0022501076,203482,2026-03-28,MIL,5.2,1.0,2.0,2.0,1.0,0.0,0.0,0.0,0.0,0.0,0.0,2.0,1.0
0022501056,203482,2026-03-25,MEM,8.57,9.0,1.0,3.0,0.0,0.0,1.0,2.0,2.0,1.0,1.0,4.0,4.0
0022501041,203482,2026-03-23,MIA,2.52,2.0,1.0,0.0,0.0,0.0,1.0,1.0,1.0,0.0,0.0,0.0,0.0
0022501028,203482,2026-03-21,IND,4.08,0.0,0.0,0.0,0.0,0.0,0.0,1.0,0.0,1.0,0.0,0.0,0.0
0022500998,203482,2026-03-17,SAC,14.11,4.0,6.0,3.0,1.0,1.0,0.0,4.0,1.0,2.0,0.0,2.0,2.0
0022500927,203482,2026-03-08,HOU,3.37,3.0,0.0,1.0,0.0,0.0,0.0,1.0,1.0,1.0,1.0,0.0,0.0
0022500888,203482,2026-03-03,PHI,12.0,0.0,3.0,2.0,0.0,1.0,1.0,2.0,0.0,2.0,0.0,0.0,0.0
0022500868,203482,2026-03-01,NYK,3.37,5.0,0.0,0.0,0.0,0.0,0.0,2.0,2.0,1.0,1.0,0.0,0.0
0022500851,203482,2026-02-26,BKN,3.2,0.0,0.0,0.0,0.0,0.0,0.0,0.0,0.0,0.0,0.0,0.0,0.0
0022500787,203484,2026-02-11,DEN,26.1,5.0,3.0,2.0,2.0,0.0,0.0,8.0,2.0,5.0,1.0,0.0,0.0
0022500768,203484,2026-02-09,GSW,21.34,15.0,1.0,2.0,1.0,0.0,1.0,6.0,3.0,1.0,1.0,9.0,8.0
0022500755,203484,2026-02-07,POR,30.56,11.0,4.0,0.0,1.0,0.0,3.0,14.0,5.0,4.0,1.0,0.0,0.0
0022500731,203484,2026-02-04,SAC,22.29,15.0,2.0,2.0,1.0,0.0,2.0,9.0,6.0,3.0,1.0,2.0,2.0
0022500714,203484,2026-02-02,MIN,19.03,4.0,3.0,3.0,0.0,0.0,1.0,6.0,2.0,1.0,0.0,0.0,0.0
0022500700,203484,2026-01-31,MIN,21.25,12.0,2.0,1.0,0.0,0.0,0.0,10.0,5.0,3.0,0.0,3.0,2.0
0022500691,203484,2026-01-30,NOP,24.36,11.0,2.0,2.0,1.0,0.0,2.0,5.0,4.0,1.0,0.0,4.0,3.0
0022500676,203484,2026-01-28,CHA,21.1,0.0,2.0,4.0,3.0,0.0,1.0,5.0,0.0,3.0,0.0,0.0,0.0
0022500662,203484,2026-01-26,HOU,18.2,11.0,3.0,1.0,0.0,0.0,0.0,9.0,5.0,4.0,1.0,0.0,0.0
0022500639,203484,2026-01-23,NOP,22.59,4.0,3.0,3.0,0.0,0.0,0.0,9.0,1.0,6.0,0.0,2.0,2.0
0022501197,203486,2026-04-12,DEN,15.45,2.0,3.0,1.0,0.0,0.0,0.0,1.0,1.0,0.0,0.0,0.0,0.0
0022501113,203486,2026-04-01,GSW,6.39,0.0,0.0,0.0,1.0,0.0,1.0,0.0,0.0,0.0,0.0,0.0,0.0
0022501056,203486,2026-03-25,MEM,10.19,2.0,4.0,2.0,1.0,0.0,2.0,1.0,1.0,0.0,0.0,0.0,0.0
0022500990,203486,2026-03-16,LAC,5.55,1.0,3.0,0.0,0.0,0.0,0.0,0.0,0.0,0.0,0.0,2.0,1.0
0022500958,203486,2026-03-12,DEN,7.39,0.0,2.0,1.0,2.0,0.0,0.0,0.0,0.0,0.0,0.0,0.0,0.0
0022500942,203486,2026-03-10,BOS,0.41,0.0,1.0,0.0,0.0,0.0,0.0,0.0,0.0,0.0,0.0,0.0,0.0
0022500402,203486,2025-12-22,CLE,10.0,5.0,5.0,0.0,0.0,0.0,3.0,4.0,2.0,0.0,0.0,1.0,1.0
0022500390,203486,2025-12-20,DET,7.1,0.0,1.0,1.0,1.0,0.0,0.0,0.0,0.0,0.0,0.0,0.0,0.0
0022500371,203486,2025-12-18,ATL,3.07,0.0,1.0,0.0,0.0,0.0,0.0,0.0,0.0,0.0,0.0,0.0,0.0
0022501218,203486,2025-12-14,CLE,10.27,4.0,4.0,4.0,1.0,0.0,0.0,2.0,2.0,0.0,0.0,0.0,0.0
0022501152,203497,2026-04-07,IND,33.22,5.0,12.0,3.0,1.0,2.0,2.0,5.0,2.0,0.0,0.0,1.0,1.0
0022501137,203497,2026-04-05,CHA,29.48,12.0,10.0,2.0,1.0,1.0,3.0,9.0,6.0,0.0,0.0,2.0,0.0
0022501121,203497,2026-04-03,PHI,29.27,5.0,16.0,1.0,0.0,0.0,1.0,8.0,2.0,1.0,0.0,1.0,1.0
0022501115,203497,2026-04-02,DET,27.11,6.0,7.0,1.0,0.0,1.0,1.0,3.0,2.0,0.0,0.0,4.0,2.0
0022501095,203497,2026-03-30,DAL,28.16,14.0,10.0,1.0,1.0,2.0,2.0,8.0,6.0,0.0,0.0,2.0,2.0
0022501080,203497,2026-03-28,DET,31.59,14.0,12.0,0.0,0.0,1.0,2.0,9.0,6.0,0.0,0.0,4.0,2.0
0022501058,203497,2026-03-25,HOU,28.03,14.0,14.0,1.0,1.0,5.0,1.0,13.0,7.0,0.0,0.0,0.0,0.0
0022501035,203497,2026-03-22,BOS,26.18,9.0,14.0,1.0,1.0,4.0,0.0,5.0,3.0,0.0,0.0,4.0,3.0
0022501020,203497,2026-03-20,POR,38.24,18.0,15.0,1.0,2.0,1.0,0.0,14.0,7.0,0.0,0.0,6.0,4.0
0022501004,203497,2026-03-18,UTA,28.46,21.0,12.0,0.0,1.0,2.0,3.0,12.0,9.0,0.0,0.0,4.0,3.0
0022500604,203500,2026-01-18,NOP,27.25,5.0,10.0,2.0,0.0,0.0,1.0,3.0,2.0,0.0,0.0,2.0,1.0
0022500581,203500,2026-01-15,OKC,25.01,6.0,11.0,0.0,0.0,2.0,0.0,6.0,3.0,0.0,0.0,0.0,0.0
0022500565,203500,2026-01-13,CHI,18.12,4.0,7.0,1.0,2.0,0.0,0.0,5.0,2.0,0.0,0.0,2.0,0.0
0022500557,203500,2026-01-11,SAC,23.46,3.0,6.0,1.0,0.0,1.0,2.0,0.0,0.0,0.0,0.0,4.0,3.0
0022500540,203500,2026-01-09,POR,32.42,5.0,9.0,3.0,0.0,1.0,1.0,2.0,2.0,0.0,0.0,4.0,1.0
0022500527,203500,2026-01-07,POR,30.08,7.0,11.0,4.0,2.0,2.0,2.0,6.0,3.0,0.0,0.0,2.0,1.0
0022500505,203500,2026-01-05,PHX,31.19,8.0,11.0,2.0,1.0,0.0,2.0,7.0,4.0,0.0,0.0,4.0,0.0
0022500453,203500,2025-12-29,IND,22.17,8.0,5.0,0.0,0.0,0.0,0.0,4.0,3.0,0.0,0.0,6.0,2.0
0022500438,203500,2025-12-27,CLE,22.1,9.0,8.0,1.0,2.0,0.0,3.0,6.0,3.0,0.0,0.0,6.0,3.0
0022500012,203500,2025-12-25,LAL,25.33,4.0,9.0,2.0,0.0,0.0,1.0,3.0,2.0,0.0,0.0,0.0,0.0
0022501182,203501,2026-04-10,OKC,27.38,13.0,1.0,3.0,1.0,0.0,0.0,12.0,4.0,9.0,3.0,3.0,2.0
0022501162,203501,2026-04-08,MEM,19.28,13.0,4.0,2.0,0.0,0.0,0.0,10.0,5.0,8.0,3.0,0.0,0.0
0022501147,203501,2026-04-06,POR,23.11,3.0,1.0,1.0,1.0,1.0,1.0,7.0,1.0,5.0,1.0,0.0,0.0
0022501130,203501,2026-04-04,SAS,26.04,10.0,5.0,0.0,1.0,0.0,0.0,6.0,3.0,4.0,2.0,2.0,2.0
0022501112,203501,2026-04-01,UTA,10.25,3.0,1.0,0.0,0.0,0.0,0.0,2.0,1.0,2.0,1.0,0.0,0.0
0022501090,203501,2026-03-29,GSW,26.07,16.0,3.0,2.0,2.0,0.0,0.0,10.0,5.0,8.0,4.0,2.0,2.0
0022501072,203501,2026-03-27,UTA,28.2,21.0,0.0,0.0,1.0,0.0,0.0,12.0,5.0,12.0,5.0,7.0,6.0
0022501059,203501,2026-03-25,DAL,26.56,4.0,1.0,2.0,0.0,0.0,1.0,3.0,1.0,2.0,1.0,2.0,1.0
0022501050,203501,2026-03-24,PHX,22.48,18.0,3.0,2.0,0.0,0.0,0.0,12.0,6.0,8.0,4.0,3.0,2.0
0022501032,203501,2026-03-22,POR,21.6,6.0,4.0,1.0,0.0,0.0,0.0,5.0,1.0,5.0,1.0,3.0,3.0
0022500979,203507,2026-03-15,IND,23.08,31.0,14.0,8.0,0.0,0.0,1.0,22.0,11.0,0.0,0.0,13.0,9.0
0022500957,203507,2026-03-12,MIA,29.11,31.0,6.0,3.0,1.0,1.0,3.0,24.0,12.0,2.0,0.0,11.0,7.0
0022500941,203507,2026-03-10,PHX,31.58,22.0,6.0,3.0,1.0,0.0,4.0,18.0,10.0,1.0,0.0,5.0,2.0
0022500919,203507,2026-03-07,UTA,27.02,27.0,9.0,8.0,4.0,0.0,2.0,14.0,9.0,2.0,0.0,15.0,9.0
0022500897,203507,2026-03-04,ATL,26.13,24.0,5.0,4.0,1.0,0.0,2.0,15.0,10.0,0.0,0.0,8.0,4.0
0022500880,203507,2026-03-02,BOS,25.29,19.0,11.0,2.0,0.0,1.0,3.0,18.0,7.0,2.0,0.0,7.0,5.0
0022500640,203507,2026-01-23,DEN,32.1,22.0,13.0,7.0,0.0,0.0,4.0,8.0,4.0,0.0,0.0,16.0,14.0
0022500625,203507,2026-01-21,OKC,31.29,19.0,14.0,7.0,1.0,0.0,3.0,11.0,8.0,0.0,0.0,6.0,3.0
0022500014,203507,2026-01-19,ATL,29.37,21.0,17.0,6.0,1.0,1.0,3.0,12.0,7.0,1.0,0.0,12.0,7.0
0022500582,203507,2026-01-15,SAS,22.0,21.0,5.0,1.0,2.0,0.0,3.0,12.0,7.0,1.0,1.0,9.0,6.0
0022501199,203552,2026-04-12,LAC,12.1,6.0,1.0,2.0,0.0,0.0,0.0,7.0,2.0,4.0,2.0,0.0,0.0
0022501170,203552,2026-04-09,LAL,23.18,11.0,2.0,0.0,0.0,0.0,0.0,9.0,4.0,3.0,1.0,2.0,2.0
0022501154,203552,2026-04-07,SAC,16.18,9.0,0.0,1.0,0.0,0.0,1.0,4.0,2.0,3.0,2.0,4.0,3.0
0022501142,203552,2026-04-05,HOU,12.39,6.0,0.0,0.0,1.0,0.0,1.0,3.0,1.0,3.0,1.0,3.0,3.0
0022501113,203552,2026-04-01,SAS,10.03,12.0,2.0,0.0,0.0,0.0,0.0,8.0,5.0,4.0,2.0,0.0,0.0
0022501090,203552,2026-03-29,DEN,7.1,0.0,1.0,0.0,0.0,0.0,0.0,1.0,0.0,1.0,0.0,0.0,0.0
0022500966,203552,2026-03-13,MIN,7.08,0.0,1.0,1.0,0.0,0.0,0.0,2.0,0.0,0.0,0.0,0.0,0.0
0022500934,203552,2026-03-09,UTA,12.09,13.0,1.0,3.0,0.0,0.0,0.0,6.0,4.0,3.0,2.0,3.0,3.0
0022500333,203552,2025-12-04,PHI,14.11,0.0,2.0,1.0,1.0,0.0,0.0,2.0,0.0,1.0,0.0,0.0,0.0
0022500323,203552,2025-12-02,OKC,17.54,14.0,2.0,2.0,1.0,0.0,0.0,7.0,6.0,3.0,2.0,0.0,0.0
0022501191,203648,2026-04-12,PHI,27.1,8.0,2.0,6.0,1.0,1.0,1.0,6.0,3.0,0.0,0.0,4.0,2.0
0022501160,203648,2026-04-08,DET,4.06,0.0,0.0,0.0,0.0,0.0,0.0,1.0,0.0,1.0,0.0,0.0,0.0
0022501135,203648,2026-04-05,MEM,1.53,2.0,0.0,0.0,1.0,0.0,0.0,1.0,1.0,0.0,0.0,2.0,0.0
0022501126,203648,2026-04-03,BOS,5.12,0.0,1.0,0.0,1.0,0.0,1.0,1.0,0.0,1.0,0.0,0.0,0.0
0022501061,203648,2026-03-25,POR,8.16,1.0,3.0,2.0,1.0,0.0,2.0,1.0,0.0,0.0,0.0,2.0,1.0
0022501046,203648,2026-03-23,LAC,7.34,0.0,2.0,2.0,0.0,0.0,1.0,1.0,0.0,0.0,0.0,0.0,0.0
0022501014,203648,2026-03-19,UTA,7.43,4.0,3.0,1.0,0.0,0.0,1.0,2.0,1.0,0.0,0.0,2.0,2.0
0022500979,203648,2026-03-15,IND,0.57,0.0,0.0,0.0,0.0,0.0,0.0,0.0,0.0,0.0,0.0,0.0,0.0
0022500970,203648,2026-03-14,ATL,4.07,0.0,1.0,0.0,0.0,1.0,0.0,0.0,0.0,0.0,0.0,0.0,0.0
0022500926,203648,2026-03-08,ORL,9.22,4.0,3.0,1.0,1.0,0.0,1.0,1.0,1.0,0.0,0.0,4.0,2.0
0022500746,203897,2026-02-06,LAC,18.16,6.0,2.0,4.0,1.0,1.0,0.0,6.0,2.0,3.0,0.0,2.0,2.0
0022500731,203897,2026-02-04,MEM,22.11,11.0,1.0,0.0,1.0,0.0,1.0,9.0,3.0,3.0,1.0,4.0,4.0
0022500707,203897,2026-02-01,WAS,35.25,35.0,6.0,2.0,1.0,0.0,2.0,26.0,13.0,10.0,4.0,5.0,5.0
0022500689,203897,2026-01-30,BOS,23.27,17.0,4.0,1.0,0.0,0.0,1.0,9.0,5.0,4.0,1.0,7.0,6.0
0022500680,203897,2026-01-29,PHI,28.41,17.0,1.0,3.0,2.0,0.0,3.0,16.0,5.0,6.0,2.0,5.0,5.0
0022500638,203897,2026-01-23,CLE,22.31,10.0,0.0,0.0,1.0,0.0,1.0,8.0,4.0,5.0,2.0,0.0,0.0
0022500626,203897,2026-01-21,TOR,37.33,19.0,1.0,5.0,1.0,1.0,2.0,17.0,7.0,8.0,2.0,4.0,3.0
0022500619,203897,2026-01-20,MIA,22.14,18.0,1.0,5.0,0.0,0.0,1.0,10.0,7.0,4.0,3.0,2.0,1.0
0022500606,203897,2026-01-18,POR,28.55,18.0,0.0,1.0,1.0,0.0,1.0,13.0,5.0,8.0,3.0,6.0,5.0
0022500592,203897,2026-01-16,WAS,32.22,16.0,2.0,3.0,1.0,2.0,0.0,12.0,6.0,6.0,3.0,2.0,1.0
0022501190,203903,2026-04-12,CHA,15.39,2.0,3.0,0.0,2.0,0.0,0.0,5.0,1.0,1.0,0.0,0.0,0.0
0022501176,203903,2026-04-10,TOR,18.15,10.0,1.0,4.0,0.0,0.0,1.0,8.0,4.0,1.0,0.0,2.0,2.0
0022501168,203903,2026-04-09,BOS,14.14,8.0,1.0,2.0,0.0,0.0,0.0,7.0,4.0,1.0,0.0,0.0,0.0
0022501143,203903,2026-04-06,ATL,8.45,3.0,2.0,0.0,0.0,0.0,3.0,2.0,1.0,1.0,0.0,1.0,1.0
0022501123,203903,2026-04-03,CHI,9.26,4.0,5.0,3.0,1.0,0.0,0.0,6.0,2.0,1.0,0.0,0.0,0.0
0022501003,203903,2026-04-01,MEM,11.14,8.0,1.0,0.0,0.0,0.0,0.0,4.0,3.0,0.0,0.0,2.0,2.0
0022501102,203903,2026-03-31,HOU,19.1,10.0,2.0,0.0,0.0,0.0,0.0,6.0,4.0,0.0,0.0,2.0,2.0
0022501089,203903,2026-03-29,OKC,21.02,2.0,3.0,0.0,0.0,0.0,0.0,6.0,1.0,1.0,0.0,0.0,0.0
0022501063,203903,2026-03-26,CHA,18.04,8.0,1.0,1.0,1.0,0.0,0.0,8.0,4.0,0.0,0.0,0.0,0.0
0022501048,203903,2026-03-24,NOP,20.46,10.0,3.0,5.0,1.0,0.0,0.0,6.0,4.0,0.0,0.0,2.0,2.0
0022501160,203914,2026-04-08,DET,8.0,0.0,1.0,1.0,1.0,0.0,0.0,0.0,0.0,0.0,0.0,0.0,0.0
0022501150,203914,2026-04-07,BKN,21.06,7.0,3.0,1.0,0.0,2.0,0.0,9.0,3.0,4.0,1.0,0.0,0.0
0022501126,203914,2026-04-03,BOS,14.48,5.0,1.0,3.0,1.0,0.0,1.0,4.0,2.0,2.0,1.0,0.0,0.0
0022501014,203914,2026-03-19,UTA,7.34,6.0,0.0,1.0,1.0,0.0,2.0,3.0,2.0,3.0,2.0,0.0,0.0
0022500979,203914,2026-03-15,IND,21.4,6.0,0.0,1.0,1.0,0.0,0.0,4.0,2.0,4.0,2.0,0.0,0.0
0022500970,203914,2026-03-14,ATL,5.22,0.0,0.0,0.0,0.0,0.0,0.0,1.0,0.0,1.0,0.0,0.0,0.0
0022500880,203914,2026-03-02,BOS,12.39,6.0,1.0,1.0,0.0,1.0,0.0,4.0,2.0,4.0,2.0,0.0,0.0
0022500870,203914,2026-03-01,CHI,3.54,0.0,1.0,1.0,1.0,0.0,0.0,0.0,0.0,0.0,0.0,0.0,0.0
0022500860,203914,2026-02-27,NYK,6.13,2.0,0.0,1.0,1.0,0.0,0.0,2.0,1.0,1.0,0.0,0.0,0.0
0022500819,203914,2026-02-22,TOR,6.33,2.0,0.0,0.0,0.0,0.0,0.0,3.0,1.0,2.0,0.0,0.0,0.0
0022501074,203924,2026-03-27,DAL,29.02,19.0,4.0,0.0,1.0,2.0,1.0,8.0,4.0,4.0,2.0,12.0,9.0
0022501061,203924,2026-03-25,MIL,24.13,18.0,2.0,0.0,0.0,1.0,3.0,16.0,7.0,10.0,4.0,0.0,0.0
0022501020,203924,2026-03-20,MIN,31.53,26.0,5.0,1.0,3.0,1.0,4.0,16.0,10.0,9.0,4.0,2.0,2.0
0022501001,203924,2026-03-18,IND,31.56,8.0,3.0,1.0,0.0,0.0,0.0,11.0,3.0,6.0,0.0,2.0,2.0
0022500985,203924,2026-03-16,BKN,31.55,12.0,4.0,5.0,1.0,1.0,2.0,13.0,5.0,5.0,2.0,0.0,0.0
0022500980,203924,2026-03-15,PHI,31.3,20.0,2.0,1.0,1.0,0.0,2.0,13.0,7.0,11.0,6.0,2.0,0.0
0022500967,203924,2026-03-13,UTA,25.2,9.0,3.0,0.0,0.0,0.0,4.0,5.0,3.0,4.0,2.0,1.0,1.0
0022500944,203924,2026-03-10,CHA,35.21,24.0,3.0,3.0,1.0,0.0,3.0,10.0,7.0,6.0,3.0,7.0,7.0
0022500929,203924,2026-03-08,IND,32.01,21.0,2.0,1.0,2.0,2.0,3.0,10.0,6.0,6.0,4.0,7.0,5.0
0022500910,203924,2026-03-06,HOU,38.09,21.0,2.0,2.0,2.0,0.0,1.0,14.0,6.0,5.0,2.0,9.0,7.0
0022501200,203926,2026-04-12,POR,25.4,7.0,3.0,0.0,1.0,0.0,0.0,5.0,2.0,4.0,2.0,2.0,1.0
0022501184,203926,2026-04-10,GSW,13.59,3.0,1.0,1.0,0.0,0.0,1.0,5.0,0.0,3.0,0.0,3.0,3.0
0022501154,203926,2026-04-07,GSW,28.53,16.0,4.0,2.0,1.0,1.0,2.0,13.0,5.0,10.0,4.0,2.0,2.0
0022501141,203926,2026-04-05,LAC,10.54,3.0,0.0,3.0,0.0,0.0,0.0,3.0,1.0,3.0,1.0,0.0,0.0
0022501128,203926,2026-04-03,NOP,18.13,3.0,3.0,2.0,0.0,0.0,0.0,6.0,1.0,5.0,1.0,0.0,0.0
0022501108,203926,2026-04-01,TOR,9.07,3.0,0.0,0.0,0.0,0.0,0.0,3.0,1.0,3.0,1.0,0.0,0.0
0022501084,203926,2026-03-29,BKN,23.28,12.0,3.0,0.0,0.0,0.0,1.0,8.0,4.0,8.0,4.0,0.0,0.0
0022501065,203926,2026-03-26,ORL,12.11,6.0,0.0,2.0,0.0,0.0,0.0,5.0,2.0,4.0,2.0,0.0,0.0
0022501047,203926,2026-03-24,CHA,29.47,9.0,1.0,2.0,0.0,1.0,0.0,8.0,4.0,4.0,1.0,0.0,0.0
0022501033,203926,2026-03-22,BKN,16.12,9.0,2.0,2.0,0.0,0.0,1.0,4.0,3.0,4.0,3.0,0.0,0.0
0022501162,203932,2026-04-08,MEM,22.16,6.0,2.0,6.0,0.0,1.0,0.0,6.0,2.0,2.0,0.0,2.0,2.0
0022501147,203932,2026-04-06,POR,31.09,23.0,9.0,5.0,0.0,0.0,0.0,14.0,8.0,9.0,4.0,4.0,3.0
0022501130,203932,2026-04-04,SAS,41.05,15.0,6.0,3.0,0.0,0.0,2.0,12.0,7.0,4.0,1.0,0.0,0.0
0022501112,203932,2026-04-01,UTA,27.59,6.0,2.0,2.0,2.0,0.0,2.0,7.0,1.0,4.0,1.0,4.0,3.0
0022501072,203932,2026-03-27,UTA,30.54,17.0,7.0,1.0,1.0,1.0,1.0,12.0,6.0,4.0,0.0,6.0,5.0
0022501050,203932,2026-03-24,PHX,26.13,16.0,6.0,3.0,0.0,0.0,2.0,9.0,5.0,1.0,1.0,10.0,5.0
0022501032,203932,2026-03-22,POR,28.27,12.0,3.0,4.0,0.0,0.0,0.0,7.0,4.0,4.0,2.0,2.0,2.0
0022501021,203932,2026-03-20,TOR,28.48,16.0,5.0,3.0,0.0,1.0,1.0,10.0,6.0,2.0,1.0,5.0,3.0
0022500997,203932,2026-03-17,PHI,18.51,12.0,5.0,2.0,1.0,0.0,2.0,8.0,4.0,3.0,2.0,2.0,2.0
0022500974,203932,2026-03-14,LAL,34.49,27.0,5.0,2.0,0.0,2.0,3.0,16.0,9.0,10.0,5.0,7.0,4.0
0022501198,203935,2026-04-12,UTA,26.18,5.0,2.0,10.0,1.0,0.0,3.0,7.0,1.0,5.0,1.0,2.0,2.0
0022501185,203935,2026-04-10,PHX,18.03,6.0,5.0,7.0,2.0,1.0,2.0,5.0,2.0,2.0,0.0,2.0,2.0
0022501024,203935,2026-03-21,ORL,30.5,2.0,1.0,1.0,1.0,0.0,1.0,3.0,0.0,2.0,0.0,2.0,2.0
0022501010,203935,2026-03-19,MIA,27.31,13.0,2.0,4.0,2.0,0.0,2.0,6.0,2.0,4.0,1.0,9.0,8.0
0022501007,203935,2026-03-18,HOU,33.48,5.0,3.0,4.0,2.0,0.0,1.0,7.0,2.0,5.0,1.0,0.0,0.0
0022500989,203935,2026-03-16,HOU,35.58,11.0,0.0,1.0,0.0,0.0,0.0,9.0,4.0,7.0,3.0,0.0,0.0
0022500974,203935,2026-03-14,DEN,35.18,21.0,3.0,2.0,5.0,1.0,0.0,15.0,8.0,12.0,5.0,0.0,0.0
0022500946,203935,2026-03-10,MIN,31.2,8.0,2.0,1.0,2.0,0.0,0.0,7.0,3.0,4.0,1.0,1.0,1.0
0022500922,203935,2026-03-08,NYK,29.17,5.0,3.0,4.0,2.0,0.0,1.0,10.0,1.0,5.0,0.0,4.0,3.0
0022500914,203935,2026-03-06,IND,28.46,11.0,3.0,3.0,0.0,0.0,2.0,6.0,4.0,4.0,3.0,0.0,0.0
0022501178,203937,2026-04-10,HOU,32.56,17.0,6.0,9.0,2.0,0.0,0.0,12.0,7.0,0.0,0.0,5.0,3.0
0022501159,203937,2026-04-08,ORL,23.52,8.0,7.0,2.0,2.0,2.0,1.0,5.0,3.0,1.0,0.0,2.0,2.0
0022501152,203937,2026-04-07,IND,16.27,6.0,3.0,4.0,1.0,1.0,0.0,5.0,3.0,0.0,0.0,0.0,0.0
0022501137,203937,2026-04-05,CHA,16.59,2.0,1.0,3.0,1.0,0.0,0.0,3.0,1.0,0.0,0.0,0.0,0.0
0022501121,203937,2026-04-03,PHI,14.16,6.0,1.0,5.0,0.0,0.0,0.0,6.0,3.0,1.0,0.0,0.0,0.0
0022501115,203937,2026-04-02,DET,25.32,2.0,7.0,2.0,2.0,3.0,2.0,2.0,1.0,0.0,0.0,0.0,0.0
0022501095,203937,2026-03-30,DAL,18.09,0.0,3.0,4.0,1.0,1.0,1.0,2.0,0.0,0.0,0.0,0.0,0.0
0022501080,203937,2026-03-28,DET,15.54,2.0,2.0,1.0,2.0,0.0,1.0,2.0,1.0,0.0,0.0,0.0,0.0
0022501058,203937,2026-03-25,HOU,30.01,3.0,5.0,3.0,1.0,1.0,1.0,6.0,1.0,0.0,0.0,1.0,1.0
0022501035,203937,2026-03-22,BOS,15.59,6.0,4.0,3.0,1.0,0.0,1.0,5.0,3.0,0.0,0.0,0.0,0.0
0022501193,203939,2026-04-12,CHI,24.23,7.0,12.0,2.0,1.0,0.0,0.0,4.0,3.0,2.0,1.0,0.0,0.0
0022501180,203939,2026-04-10,SAS,24.48,4.0,11.0,5.0,2.0,1.0,3.0,4.0,2.0,1.0,0.0,0.0,0.0
0022501164,203939,2026-04-08,PHX,16.07,4.0,3.0,3.0,1.0,0.0,0.0,5.0,2.0,1.0,0.0,0.0,0.0
0022501156,203939,2026-04-07,LAC,19.28,4.0,8.0,1.0,0.0,0.0,1.0,0.0,0.0,0.0,0.0,4.0,4.0
0022501140,203939,2026-04-05,LAL,6.22,0.0,2.0,2.0,0.0,1.0,0.0,1.0,0.0,0.0,0.0,0.0,0.0
0022501127,203939,2026-04-03,ORL,24.31,0.0,5.0,1.0,1.0,1.0,2.0,0.0,0.0,0.0,0.0,0.0,0.0
0022500652,203939,2026-03-31,MIL,14.39,3.0,3.0,0.0,1.0,0.0,0.0,1.0,1.0,0.0,0.0,2.0,1.0
0022501095,203939,2026-03-30,MIN,23.37,9.0,8.0,2.0,1.0,0.0,1.0,0.0,0.0,0.0,0.0,10.0,9.0
0022501074,203939,2026-03-27,POR,20.45,4.0,5.0,3.0,1.0,0.0,3.0,3.0,2.0,0.0,0.0,2.0,0.0
0022501059,203939,2026-03-25,DEN,16.21,7.0,4.0,0.0,1.0,1.0,0.0,2.0,1.0,0.0,0.0,7.0,5.0
0022501152,203944,2026-04-07,IND,27.49,19.0,2.0,4.0,0.0,0.0,1.0,13.0,5.0,7.0,3.0,6.0,6.0
0022501137,203944,2026-04-05,CHA,32.04,26.0,8.0,4.0,0.0,0.0,5.0,16.0,9.0,5.0,1.0,9.0,7.0
0022501121,203944,2026-04-03,PHI,36.49,21.0,7.0,3.0,2.0,0.0,4.0,15.0,9.0,2.0,1.0,6.0,2.0
0022501115,203944,2026-04-02,DET,34.4,27.0,6.0,6.0,1.0,0.0,3.0,15.0,9.0,5.0,2.0,10.0,7.0
0022501095,203944,2026-03-30,DAL,31.24,24.0,3.0,4.0,0.0,0.0,0.0,14.0,9.0,4.0,3.0,7.0,3.0
0022501080,203944,2026-03-28,DET,30.46,11.0,8.0,4.0,0.0,1.0,4.0,13.0,2.0,3.0,0.0,7.0,7.0
0022501058,203944,2026-03-25,HOU,42.08,24.0,6.0,6.0,2.0,0.0,5.0,27.0,11.0,4.0,0.0,4.0,2.0
0022501035,203944,2026-03-22,BOS,29.08,9.0,9.0,4.0,2.0,0.0,3.0,14.0,3.0,4.0,1.0,4.0,2.0
0022501020,203944,2026-03-20,POR,36.44,19.0,5.0,4.0,1.0,0.0,4.0,16.0,6.0,1.0,0.0,9.0,7.0
0022501004,203944,2026-03-18,UTA,27.02,21.0,1.0,8.0,4.0,0.0,2.0,10.0,7.0,2.0,1.0,7.0,6.0
0022501189,203952,2026-04-12,ATL,25.42,4.0,2.0,2.0,1.0,0.0,0.0,9.0,1.0,4.0,0.0,2.0,2.0
0022501172,203952,2026-04-10,WAS,22.55,11.0,3.0,5.0,1.0,0.0,4.0,6.0,3.0,4.0,2.0,5.0,3.0
0022501165,203952,2026-04-09,TOR,21.36,5.0,1.0,2.0,0.0,1.0,1.0,6.0,2.0,4.0,1.0,0.0,0.0
0022501151,203952,2026-04-07,TOR,32.41,24.0,5.0,1.0,0.0,0.0,3.0,13.0,8.0,7.0,4.0,5.0,4.0
0022501129,203952,2026-04-04,WAS,26.14,21.0,2.0,3.0,1.0,1.0,1.0,11.0,7.0,5.0,4.0,4.0,3.0
0022501106,203952,2026-04-01,BOS,32.07,13.0,4.0,2.0,0.0,2.0,0.0,7.0,4.0,4.0,3.0,2.0,2.0
0022501091,203952,2026-03-30,PHI,35.41,14.0,8.0,0.0,3.0,2.0,2.0,13.0,6.0,5.0,2.0,1.0,0.0
0022501083,203952,2026-03-29,IND,37.29,15.0,6.0,5.0,2.0,2.0,1.0,14.0,5.0,6.0,3.0,2.0,2.0
0022501068,203952,2026-03-27,CLE,19.58,12.0,1.0,0.0,0.0,1.0,0.0,5.0,3.0,3.0,3.0,4.0,3.0
0022501055,203952,2026-03-25,CLE,23.37,12.0,3.0,2.0,2.0,0.0,0.0,9.0,5.0,5.0,2.0,0.0,0.0
0022501146,203954,2026-04-06,SAS,39.09,34.0,12.0,1.0,0.0,4.0,4.0,19.0,8.0,6.0,2.0,19.0,16.0
0022501121,203954,2026-04-03,MIN,34.28,19.0,13.0,7.0,0.0,3.0,1.0,17.0,6.0,6.0,1.0,7.0,6.0
0022501091,203954,2026-03-30,MIA,34.06,26.0,7.0,3.0,0.0,1.0,3.0,25.0,10.0,6.0,2.0,5.0,4.0
0022501077,203954,2026-03-28,CHA,35.48,29.0,6.0,2.0,0.0,2.0,0.0,19.0,8.0,6.0,3.0,13.0,10.0
0022501053,203954,2026-03-25,CHI,28.06,35.0,6.0,7.0,0.0,1.0,3.0,17.0,12.0,3.0,3.0,9.0,8.0
0022500849,203954,2026-02-26,MIA,31.12,26.0,11.0,4.0,1.0,0.0,2.0,20.0,8.0,6.0,2.0,9.0,8.0
0022500831,203954,2026-02-24,IND,26.15,27.0,6.0,5.0,0.0,1.0,4.0,17.0,11.0,4.0,1.0,5.0,4.0
0022500754,203954,2026-02-07,PHX,32.6,33.0,9.0,3.0,0.0,1.0,2.0,19.0,9.0,7.0,4.0,13.0,11.0
0022500740,203954,2026-02-05,LAL,38.35,35.0,7.0,7.0,1.0,2.0,3.0,19.0,13.0,2.0,1.0,8.0,8.0
0022500715,203954,2026-02-02,LAC,32.14,24.0,5.0,3.0,1.0,0.0,1.0,19.0,8.0,2.0,1.0,7.0,7.0
0022500394,203967,2025-12-20,POR,3.25,0.0,0.0,0.0,0.0,0.0,0.0,0.0,0.0,0.0,0.0,0.0,0.0
0022500380,203967,2025-12-18,POR,10.12,0.0,1.0,0.0,0.0,0.0,1.0,1.0,0.0,1.0,0.0,0.0,0.0
0022500113,203967,2025-10-26,LAL,4.28,0.0,0.0,0.0,0.0,0.0,1.0,1.0,0.0,0.0,0.0,0.0,0.0
0022500098,203967,2025-10-24,UTA,15.42,5.0,2.0,2.0,0.0,0.0,0.0,2.0,1.0,2.0,1.0,2.0,2.0
0022500088,203967,2025-10-22,PHX,7.28,0.0,3.0,0.0,0.0,0.0,0.0,2.0,0.0,0.0,0.0,0.0,0.0
0022501194,203991,2026-04-12,MEM,22.58,23.0,13.0,1.0,1.0,3.0,0.0,11.0,9.0,2.0,1.0,7.0,4.0
0022501178,203991,2026-04-10,MIN,8.28,4.0,1.0,0.0,0.0,0.0,0.0,2.0,2.0,0.0,0.0,2.0,0.0
0022501169,203991,2026-04-09,PHI,12.22,1.0,2.0,2.0,2.0,0.0,0.0,2.0,0.0,0.0,0.0,2.0,1.0
0022501157,203991,2026-04-07,PHX,9.53,2.0,3.0,0.0,0.0,1.0,1.0,5.0,1.0,0.0,0.0,0.0,0.0
0022501142,203991,2026-04-05,GSW,3.55,0.0,2.0,0.0,0.0,0.0,0.0,0.0,0.0,0.0,0.0,0.0,0.0
0022501124,203991,2026-04-03,UTA,13.05,2.0,4.0,1.0,1.0,2.0,0.0,2.0,1.0,0.0,0.0,0.0,0.0
0022501110,203991,2026-04-01,MIL,7.33,2.0,5.0,0.0,1.0,0.0,2.0,2.0,1.0,0.0,0.0,0.0,0.0
0022501102,203991,2026-03-31,NYK,12.07,0.0,2.0,1.0,0.0,0.0,0.0,1.0,0.0,0.0,0.0,0.0,0.0
0022501088,203991,2026-03-29,NOP,16.09,6.0,14.0,3.0,0.0,2.0,1.0,6.0,3.0,0.0,0.0,0.0,0.0
0022501069,203991,2026-03-27,MEM,14.48,2.0,5.0,0.0,0.0,2.0,1.0,1.0,1.0,0.0,0.0,0.0,0.0
0022501199,203992,2026-04-12,GSW,20.4,17.0,3.0,0.0,0.0,2.0,1.0,9.0,6.0,8.0,5.0,0.0,0.0
0022501141,203992,2026-04-05,SAC,2.34,0.0,0.0,0.0,0.0,0.0,0.0,2.0,0.0,2.0,0.0,0.0,0.0
0022501046,203992,2026-03-23,MIL,7.34,0.0,1.0,1.0,0.0,0.0,0.0,3.0,0.0,1.0,0.0,0.0,0.0
0022501012,203992,2026-03-19,NOP,27.19,16.0,1.0,1.0,0.0,0.0,2.0,9.0,6.0,5.0,3.0,2.0,1.0
0022501005,203992,2026-03-18,NOP,4.43,0.0,1.0,1.0,0.0,0.0,0.0,1.0,0.0,1.0,0.0,0.0,0.0
0022500857,203992,2026-02-26,MIN,17.09,8.0,6.0,4.0,2.0,0.0,2.0,7.0,2.0,4.0,1.0,4.0,3.0
0022500732,203992,2026-02-04,CLE,11.56,2.0,1.0,1.0,0.0,0.0,3.0,4.0,1.0,2.0,0.0,0.0,0.0
0022500431,203992,2025-12-26,POR,1.36,0.0,0.0,0.0,0.0,0.0,0.0,1.0,0.0,1.0,0.0,0.0,0.0
0022500422,203992,2025-12-23,HOU,19.26,3.0,2.0,1.0,0.0,0.0,1.0,6.0,1.0,3.0,1.0,0.0,0.0
0022500395,203992,2025-12-20,LAL,17.51,2.0,2.0,4.0,0.0,0.0,2.0,6.0,1.0,4.0,0.0,0.0,0.0
0022500786,203994,2026-02-11,SAC,26.08,8.0,9.0,4.0,1.0,0.0,2.0,6.0,4.0,1.0,0.0,0.0,0.0
0022500763,203994,2026-02-09,MIA,24.38,10.0,16.0,1.0,0.0,1.0,0.0,9.0,4.0,2.0,1.0,4.0,1.0
0022500750,203994,2026-02-07,ORL,23.42,3.0,14.0,6.0,1.0,1.0,4.0,2.0,1.0,1.0,0.0,2.0,1.0
0022500706,203994,2026-02-01,TOR,32.43,11.0,13.0,1.0,1.0,3.0,5.0,11.0,3.0,3.0,1.0,7.0,4.0
0022500678,203994,2026-01-28,GSW,22.38,11.0,5.0,5.0,1.0,0.0,4.0,7.0,4.0,2.0,1.0,2.0,2.0
0022500649,203994,2026-01-24,MIA,31.21,17.0,10.0,12.0,1.0,1.0,3.0,13.0,8.0,1.0,1.0,2.0,0.0
0022500632,203994,2026-01-22,SAS,34.48,17.0,11.0,14.0,1.0,1.0,1.0,19.0,7.0,6.0,1.0,3.0,2.0
0022500616,203994,2026-01-20,MIN,30.46,16.0,18.0,10.0,1.0,1.0,2.0,11.0,7.0,1.0,0.0,3.0,2.0
0022500611,203994,2026-01-19,SAS,26.23,20.0,9.0,5.0,0.0,0.0,2.0,17.0,9.0,4.0,2.0,0.0,0.0
0022500558,203994,2026-01-12,CLE,30.1,11.0,17.0,3.0,3.0,2.0,1.0,9.0,4.0,1.0,1.0,2.0,2.0
0022501197,203999,2026-04-12,SAS,18.15,23.0,8.0,1.0,0.0,1.0,0.0,12.0,7.0,2.0,1.0,8.0,8.0
0022501162,203999,2026-04-08,MEM,31.02,14.0,16.0,10.0,2.0,0.0,2.0,8.0,5.0,1.0,0.0,5.0,4.0
0022501147,203999,2026-04-06,POR,43.12,35.0,14.0,13.0,5.0,2.0,6.0,31.0,15.0,5.0,1.0,4.0,4.0
0022501130,203999,2026-04-04,SAS,43.59,40.0,8.0,13.0,0.0,3.0,0.0,25.0,13.0,5.0,1.0,15.0,13.0
0022501112,203999,2026-04-01,UTA,33.06,15.0,17.0,12.0,0.0,0.0,5.0,10.0,5.0,1.0,0.0,7.0,5.0
0022501090,203999,2026-03-29,GSW,36.08,25.0,15.0,8.0,1.0,0.0,2.0,20.0,10.0,8.0,4.0,1.0,1.0
0022501072,203999,2026-03-27,UTA,38.36,33.0,15.0,12.0,1.0,0.0,7.0,16.0,13.0,2.0,2.0,8.0,5.0
0022501059,203999,2026-03-25,DAL,37.49,23.0,21.0,19.0,1.0,0.0,1.0,19.0,8.0,5.0,1.0,6.0,6.0
0022501050,203999,2026-03-24,PHX,35.25,23.0,17.0,17.0,0.0,0.0,2.0,16.0,9.0,1.0,0.0,7.0,5.0
0022501032,203999,2026-03-22,POR,35.07,22.0,14.0,14.0,2.0,1.0,5.0,18.0,10.0,8.0,2.0,0.0,0.0
0022501199,204001,2026-04-12,LAC,24.01,12.0,8.0,1.0,0.0,0.0,0.0,8.0,3.0,4.0,0.0,6.0,6.0
0022501184,204001,2026-04-10,SAC,25.51,11.0,7.0,2.0,1.0,1.0,4.0,12.0,4.0,3.0,1.0,3.0,2.0
0022501142,204001,2026-04-05,HOU,22.36,9.0,8.0,3.0,0.0,0.0,0.0,9.0,3.0,3.0,0.0,3.0,3.0
0022501117,204001,2026-04-02,CLE,27.57,16.0,7.0,1.0,0.0,1.0,2.0,13.0,6.0,5.0,0.0,4.0,4.0
0022501090,204001,2026-03-29,DEN,28.39,23.0,3.0,2.0,1.0,0.0,2.0,14.0,8.0,5.0,5.0,2.0,2.0
0022501073,204001,2026-03-27,WAS,28.49,28.0,8.0,3.0,0.0,0.0,0.0,17.0,9.0,11.0,5.0,7.0,5.0
0022501060,204001,2026-03-25,BKN,27.03,17.0,5.0,2.0,0.0,0.0,6.0,9.0,4.0,2.0,0.0,10.0,9.0
0022501044,204001,2026-03-23,DAL,29.12,22.0,7.0,5.0,1.0,0.0,2.0,17.0,7.0,6.0,2.0,7.0,6.0
0022501017,204001,2026-03-20,DET,10.58,5.0,3.0,0.0,0.0,2.0,1.0,5.0,1.0,4.0,1.0,2.0,2.0
0022500999,204001,2026-03-18,BOS,22.3,11.0,5.0,2.0,2.0,2.0,0.0,13.0,4.0,7.0,2.0,4.0,1.0
0022501195,204060,2026-04-12,NOP,32.23,15.0,6.0,10.0,1.0,1.0,3.0,10.0,6.0,6.0,3.0,0.0,0.0
0022501159,204060,2026-04-08,ORL,18.2,7.0,4.0,4.0,1.0,0.0,2.0,4.0,3.0,2.0,1.0,0.0,0.0
0022501080,204060,2026-03-28,DET,3.45,0.0,0.0,0.0,0.0,0.0,0.0,0.0,0.0,0.0,0.0,0.0,0.0
0022501004,204060,2026-03-18,UTA,6.51,7.0,1.0,0.0,0.0,1.0,1.0,4.0,3.0,2.0,1.0,0.0,0.0
0022500976,204060,2026-03-15,OKC,1.46,0.0,1.0,0.0,0.0,0.0,0.0,0.0,0.0,0.0,0.0,0.0,0.0
0022500952,204060,2026-03-11,LAC,6.0,2.0,0.0,3.0,0.0,0.0,1.0,1.0,1.0,0.0,0.0,0.0,0.0
0022500946,204060,2026-03-10,LAL,3.55,0.0,0.0,1.0,0.0,0.0,0.0,0.0,0.0,0.0,0.0,0.0,0.0
0022500824,204060,2026-02-22,PHI,3.53,0.0,0.0,1.0,0.0,0.0,0.0,0.0,0.0,0.0,0.0,0.0,0.0
0022500783,204060,2026-02-11,POR,3.46,0.0,1.0,0.0,0.0,0.0,1.0,0.0,0.0,0.0,0.0,0.0,0.0
0022500760,204060,2026-02-08,LAC,4.13,0.0,1.0,2.0,0.0,0.0,0.0,1.0,0.0,1.0,0.0,0.0,0.0
0022501083,204456,2026-03-29,MIA,18.16,15.0,2.0,9.0,0.0,1.0,1.0,8.0,6.0,3.0,2.0,1.0,1.0
0022501066,204456,2026-03-27,LAC,13.28,2.0,3.0,3.0,0.0,0.0,0.0,1.0,1.0,0.0,0.0,0.0,0.0
0022501052,204456,2026-03-25,LAL,14.26,17.0,2.0,3.0,1.0,1.0,0.0,10.0,8.0,0.0,0.0,1.0,1.0
0022501039,204456,2026-03-23,ORL,19.41,13.0,0.0,6.0,2.0,0.0,0.0,6.0,6.0,1.0,1.0,0.0,0.0
0022501028,204456,2026-03-21,SAS,16.39,4.0,2.0,8.0,1.0,0.0,0.0,8.0,2.0,2.0,0.0,0.0,0.0
0022501001,204456,2026-03-18,POR,20.23,7.0,5.0,10.0,1.0,0.0,2.0,5.0,3.0,0.0,0.0,2.0,1.0
0022500994,204456,2026-03-17,NYK,19.34,10.0,3.0,10.0,0.0,0.0,2.0,10.0,5.0,1.0,0.0,0.0,0.0
0022500979,204456,2026-03-15,MIL,28.06,9.0,2.0,11.0,1.0,0.0,2.0,10.0,3.0,1.0,0.0,3.0,3.0
0022500962,204456,2026-03-13,NYK,20.28,10.0,3.0,6.0,0.0,0.0,0.0,9.0,5.0,0.0,0.0,0.0,0.0
0022500929,204456,2026-03-08,POR,17.03,6.0,4.0,3.0,0.0,0.0,0.0,7.0,2.0,0.0,0.0,2.0,2.0
0022501197,1626145,2026-04-12,SAS,20.47,5.0,5.0,4.0,0.0,0.0,1.0,7.0,2.0,4.0,1.0,0.0,0.0
0022501182,1626145,2026-04-10,OKC,23.19,9.0,4.0,3.0,0.0,0.0,2.0,6.0,3.0,3.0,3.0,0.0,0.0
0022501130,1626145,2026-04-04,SAS,2.03,0.0,0.0,0.0,0.0,0.0,0.0,0.0,0.0,0.0,0.0,0.0,0.0
0022501090,1626145,2026-03-29,GSW,1.56,0.0,0.0,1.0,1.0,0.0,0.0,0.0,0.0,0.0,0.0,0.0,0.0
0022501032,1626145,2026-03-22,POR,1.57,0.0,1.0,0.0,0.0,0.0,0.0,1.0,0.0,1.0,0.0,0.0,0.0
0022501021,1626145,2026-03-20,TOR,3.24,0.0,1.0,0.0,0.0,0.0,0.0,0.0,0.0,0.0,0.0,0.0,0.0
0022500997,1626145,2026-03-17,PHI,9.49,5.0,1.0,2.0,0.0,0.0,0.0,4.0,2.0,3.0,1.0,0.0,0.0
0022500958,1626145,2026-03-12,SAS,3.08,0.0,0.0,0.0,0.0,0.0,0.0,0.0,0.0,0.0,0.0,0.0,0.0
0022500950,1626145,2026-03-11,HOU,7.33,2.0,0.0,2.0,0.0,0.0,0.0,2.0,1.0,1.0,0.0,1.0,0.0
0022500911,1626145,2026-03-06,NYK,12.0,3.0,1.0,1.0,0.0,0.0,2.0,4.0,1.0,3.0,1.0,0.0,0.0
0022500546,1626156,2026-01-10,CHI,18.44,8.0,2.0,4.0,0.0,0.0,2.0,10.0,4.0,2.0,0.0,0.0,0.0
0022500432,1626156,2025-12-27,SAC,12.47,7.0,0.0,4.0,1.0,0.0,1.0,7.0,3.0,2.0,1.0,0.0,0.0
0022500415,1626156,2025-12-23,DEN,15.05,9.0,2.0,4.0,0.0,0.0,0.0,6.0,3.0,5.0,3.0,0.0,0.0
0022500387,1626156,2025-12-20,PHI,11.2,0.0,1.0,1.0,1.0,0.0,0.0,1.0,0.0,1.0,0.0,0.0,0.0
0022500376,1626156,2025-12-18,DET,10.39,4.0,1.0,0.0,1.0,0.0,1.0,2.0,1.0,1.0,0.0,2.0,2.0
0022500356,1626156,2025-12-06,HOU,12.55,4.0,1.0,2.0,0.0,0.0,3.0,3.0,1.0,1.0,0.0,2.0,2.0
0022500349,1626156,2025-12-05,OKC,15.35,12.0,3.0,3.0,0.0,0.0,1.0,7.0,4.0,6.0,4.0,0.0,0.0
0022500332,1626156,2025-12-03,MIA,15.16,10.0,3.0,2.0,0.0,0.0,0.0,7.0,4.0,4.0,2.0,0.0,0.0
0022500315,1626156,2025-12-01,DEN,18.05,8.0,0.0,2.0,0.0,0.0,1.0,8.0,3.0,6.0,2.0,0.0,0.0
0022500286,1626156,2025-11-24,MIA,9.46,0.0,1.0,2.0,0.0,0.0,2.0,3.0,0.0,2.0,0.0,0.0,0.0
0022501176,1626157,2026-04-10,TOR,29.54,22.0,10.0,5.0,0.0,0.0,1.0,12.0,8.0,3.0,1.0,5.0,5.0
0022501168,1626157,2026-04-09,BOS,30.21,16.0,12.0,4.0,2.0,0.0,1.0,12.0,6.0,4.0,1.0,3.0,3.0
0022501143,1626157,2026-04-06,ATL,31.58,21.0,12.0,6.0,2.0,1.0,3.0,12.0,9.0,4.0,2.0,1.0,1.0
0022501003,1626157,2026-04-01,MEM,29.29,20.0,11.0,11.0,0.0,1.0,7.0,12.0,8.0,0.0,0.0,5.0,4.0
0022501102,1626157,2026-03-31,HOU,34.11,22.0,8.0,3.0,0.0,0.0,1.0,17.0,7.0,4.0,2.0,8.0,6.0
0022501089,1626157,2026-03-29,OKC,34.07,15.0,18.0,2.0,1.0,0.0,4.0,9.0,5.0,1.0,0.0,5.0,5.0
0022501063,1626157,2026-03-26,CHA,21.58,13.0,3.0,2.0,0.0,0.0,1.0,8.0,5.0,1.0,1.0,2.0,2.0
0022501048,1626157,2026-03-24,NOP,24.23,21.0,14.0,1.0,0.0,0.0,2.0,17.0,8.0,6.0,2.0,3.0,3.0
0022501034,1626157,2026-03-22,WAS,25.37,26.0,16.0,3.0,1.0,0.0,2.0,13.0,9.0,2.0,1.0,7.0,7.0
0022501016,1626157,2026-03-20,BKN,28.37,26.0,15.0,1.0,1.0,0.0,4.0,16.0,7.0,3.0,1.0,13.0,11.0
0022501191,1626162,2026-04-12,MIL,23.15,11.0,5.0,1.0,3.0,0.0,2.0,8.0,4.0,3.0,0.0,3.0,3.0
0022501175,1626162,2026-04-10,IND,31.4,15.0,7.0,1.0,4.0,1.0,0.0,16.0,7.0,4.0,1.0,0.0,0.0
0022501169,1626162,2026-04-09,HOU,26.44,16.0,4.0,1.0,3.0,1.0,2.0,10.0,7.0,4.0,2.0,0.0,0.0
0022501146,1626162,2026-04-06,SAS,29.22,5.0,8.0,0.0,1.0,0.0,1.0,7.0,2.0,3.0,0.0,1.0,1.0
0022501131,1626162,2026-04-04,DET,24.16,3.0,4.0,1.0,1.0,0.0,1.0,4.0,1.0,3.0,1.0,0.0,0.0
0022501121,1626162,2026-04-03,MIN,30.07,21.0,5.0,1.0,0.0,0.0,0.0,12.0,8.0,6.0,4.0,1.0,1.0
0022501105,1626162,2026-04-01,WAS,20.5,12.0,4.0,1.0,1.0,0.0,2.0,10.0,5.0,4.0,2.0,0.0,0.0
0022501091,1626162,2026-03-30,MIA,30.57,11.0,11.0,3.0,0.0,0.0,1.0,14.0,5.0,4.0,1.0,0.0,0.0
0022501077,1626162,2026-03-28,CHA,27.4,9.0,5.0,0.0,1.0,0.0,1.0,5.0,3.0,3.0,1.0,3.0,2.0
0022500936,1626162,2026-03-10,MEM,37.39,30.0,12.0,1.0,2.0,1.0,3.0,24.0,10.0,9.0,1.0,11.0,9.0
0022501164,1626164,2026-04-08,DAL,37.0,37.0,5.0,9.0,0.0,0.0,4.0,27.0,13.0,6.0,2.0,9.0,9.0
0022501157,1626164,2026-04-07,HOU,38.32,31.0,4.0,8.0,0.0,0.0,3.0,16.0,7.0,6.0,2.0,16.0,15.0
0022501134,1626164,2026-04-05,CHI,35.42,30.0,3.0,4.0,1.0,0.0,1.0,22.0,9.0,7.0,3.0,10.0,9.0
0022501114,1626164,2026-04-02,CHA,35.42,22.0,5.0,6.0,1.0,0.0,2.0,22.0,9.0,8.0,3.0,1.0,1.0
0022501099,1626164,2026-03-31,ORL,36.07,34.0,3.0,7.0,1.0,0.0,4.0,16.0,8.0,6.0,2.0,19.0,16.0
0022501093,1626164,2026-03-30,MEM,25.45,36.0,2.0,5.0,0.0,0.0,3.0,24.0,16.0,6.0,4.0,0.0,0.0
0022501081,1626164,2026-03-28,UTA,26.42,26.0,3.0,8.0,1.0,1.0,1.0,14.0,8.0,5.0,1.0,10.0,9.0
0022501050,1626164,2026-03-24,DEN,34.41,22.0,3.0,8.0,0.0,0.0,0.0,14.0,5.0,4.0,1.0,13.0,11.0
0022501036,1626164,2026-03-22,TOR,31.21,25.0,3.0,6.0,0.0,0.0,2.0,15.0,9.0,6.0,3.0,4.0,4.0
0022501031,1626164,2026-03-21,MIL,35.13,14.0,4.0,7.0,2.0,1.0,3.0,17.0,4.0,5.0,2.0,5.0,4.0
0022501131,1626166,2026-04-04,DET,8.3,2.0,3.0,1.0,0.0,0.0,0.0,3.0,1.0,2.0,0.0,0.0,0.0
0022501105,1626166,2026-04-01,WAS,13.32,4.0,3.0,1.0,0.0,1.0,0.0,3.0,1.0,1.0,0.0,2.0,2.0
0022501077,1626166,2026-03-28,CHA,2.19,0.0,0.0,0.0,0.0,0.0,0.0,0.0,0.0,0.0,0.0,0.0,0.0
0022501053,1626166,2026-03-25,CHI,24.05,15.0,4.0,3.0,0.0,0.0,0.0,8.0,5.0,8.0,5.0,0.0,0.0
0022501040,1626166,2026-03-23,OKC,25.55,10.0,2.0,6.0,2.0,0.0,1.0,11.0,4.0,7.0,2.0,0.0,0.0
0022501030,1626166,2026-03-21,UTA,27.21,16.0,3.0,7.0,0.0,1.0,1.0,10.0,4.0,7.0,3.0,5.0,5.0
0022501015,1626166,2026-03-19,SAC,12.37,3.0,3.0,0.0,2.0,1.0,0.0,3.0,1.0,2.0,0.0,2.0,1.0
0022500997,1626166,2026-03-17,DEN,18.17,5.0,2.0,2.0,3.0,0.0,2.0,11.0,2.0,6.0,1.0,1.0,0.0
0022500980,1626166,2026-03-15,POR,20.03,11.0,2.0,1.0,1.0,0.0,1.0,12.0,5.0,3.0,1.0,0.0,0.0
0022500969,1626166,2026-03-14,BKN,22.55,6.0,3.0,1.0,2.0,1.0,1.0,10.0,2.0,8.0,2.0,0.0,0.0
0022501179,1626167,2026-04-10,BKN,26.44,13.0,5.0,3.0,0.0,5.0,0.0,11.0,6.0,5.0,1.0,1.0,0.0
0022501135,1626167,2026-04-05,MEM,21.52,19.0,11.0,0.0,2.0,2.0,0.0,13.0,6.0,4.0,1.0,7.0,6.0
0022501126,1626167,2026-04-03,BOS,18.48,4.0,1.0,0.0,0.0,2.0,1.0,4.0,1.0,3.0,1.0,2.0,1.0
0022500652,1626167,2026-03-31,DAL,27.2,10.0,8.0,2.0,1.0,4.0,1.0,8.0,3.0,6.0,3.0,2.0,1.0
0022501076,1626167,2026-03-28,SAS,27.49,15.0,6.0,1.0,1.0,2.0,0.0,12.0,5.0,9.0,4.0,2.0,1.0
0022501046,1626167,2026-03-23,LAC,20.14,7.0,0.0,0.0,1.0,1.0,2.0,7.0,2.0,5.0,1.0,3.0,2.0
0022501031,1626167,2026-03-21,PHX,20.32,7.0,3.0,0.0,1.0,2.0,2.0,3.0,2.0,2.0,1.0,3.0,2.0
0022501014,1626167,2026-03-19,UTA,18.21,3.0,3.0,1.0,1.0,0.0,4.0,3.0,1.0,3.0,1.0,0.0,0.0
0022500979,1626167,2026-03-15,IND,29.52,13.0,4.0,0.0,1.0,1.0,1.0,7.0,4.0,6.0,3.0,2.0,2.0
0022500970,1626167,2026-03-14,ATL,24.14,8.0,6.0,3.0,0.0,0.0,1.0,7.0,3.0,4.0,1.0,1.0,1.0
0022501046,1626171,2026-03-23,LAC,19.43,11.0,6.0,1.0,1.0,0.0,0.0,12.0,5.0,2.0,0.0,2.0,1.0
0022501014,1626171,2026-03-19,UTA,23.35,11.0,6.0,1.0,2.0,0.0,0.0,12.0,4.0,4.0,1.0,3.0,2.0
0022500995,1626171,2026-03-17,CLE,32.44,19.0,9.0,4.0,1.0,0.0,1.0,19.0,8.0,7.0,3.0,0.0,0.0
0022500979,1626171,2026-03-15,IND,26.36,29.0,10.0,3.0,2.0,0.0,1.0,21.0,11.0,11.0,6.0,2.0,1.0
0022500970,1626171,2026-03-14,ATL,26.33,14.0,6.0,1.0,1.0,0.0,2.0,15.0,5.0,7.0,3.0,2.0,1.0
0022500957,1626171,2026-03-12,MIA,26.13,19.0,5.0,1.0,1.0,0.0,0.0,14.0,8.0,4.0,2.0,1.0,1.0
0022500926,1626171,2026-03-08,ORL,27.54,18.0,10.0,3.0,1.0,1.0,1.0,11.0,7.0,5.0,4.0,1.0,0.0
0022500919,1626171,2026-03-07,UTA,17.53,12.0,4.0,0.0,0.0,1.0,2.0,8.0,5.0,2.0,0.0,2.0,2.0
0022500897,1626171,2026-03-04,ATL,24.24,13.0,4.0,3.0,1.0,0.0,2.0,8.0,4.0,6.0,3.0,2.0,2.0
0022500880,1626171,2026-03-02,BOS,23.19,12.0,1.0,1.0,0.0,0.0,0.0,7.0,4.0,4.0,3.0,2.0,1.0
0022501174,1626172,2026-04-10,BOS,24.48,0.0,6.0,3.0,1.0,0.0,1.0,2.0,0.0,2.0,0.0,0.0,0.0
0022501153,1626172,2026-04-07,UTA,28.3,7.0,12.0,6.0,2.0,1.0,0.0,4.0,2.0,2.0,1.0,2.0,2.0
0022501088,1626172,2026-03-29,HOU,3.39,0.0,4.0,0.0,0.0,0.0,0.0,2.0,0.0,0.0,0.0,0.0,0.0
0022500784,1626172,2026-02-11,MIA,13.54,6.0,9.0,0.0,0.0,1.0,0.0,5.0,3.0,0.0,0.0,0.0,0.0
0022500624,1626172,2026-01-21,DET,10.08,4.0,7.0,0.0,0.0,0.0,0.0,2.0,2.0,0.0,0.0,0.0,0.0
0022500519,1626172,2026-01-07,ATL,4.57,2.0,2.0,0.0,1.0,0.0,1.0,0.0,0.0,0.0,0.0,2.0,2.0
0022500482,1626172,2026-01-02,POR,24.2,4.0,12.0,2.0,1.0,1.0,1.0,4.0,2.0,1.0,0.0,0.0,0.0
0022500466,1626172,2025-12-31,CHI,17.56,2.0,10.0,3.0,0.0,0.0,0.0,5.0,1.0,1.0,0.0,0.0,0.0
0022500454,1626172,2025-12-29,NYK,23.58,2.0,9.0,3.0,0.0,2.0,0.0,3.0,1.0,0.0,0.0,0.0,0.0
0022500321,1626172,2025-12-02,MIN,11.42,0.0,3.0,1.0,0.0,0.0,1.0,1.0,0.0,0.0,0.0,0.0,0.0
0022501189,1626181,2026-04-12,ATL,22.54,25.0,2.0,2.0,1.0,0.0,0.0,17.0,8.0,7.0,3.0,6.0,6.0
0022501165,1626181,2026-04-09,TOR,16.36,7.0,0.0,0.0,0.0,0.0,2.0,5.0,2.0,3.0,0.0,5.0,3.0
0022501151,1626181,2026-04-07,TOR,23.48,14.0,3.0,0.0,0.0,0.0,2.0,12.0,4.0,7.0,2.0,4.0,4.0
0022501068,1626181,2026-03-27,CLE,25.27,15.0,3.0,2.0,0.0,1.0,0.0,10.0,5.0,5.0,2.0,3.0,3.0
0022501055,1626181,2026-03-25,CLE,33.59,19.0,4.0,2.0,2.0,0.0,1.0,12.0,7.0,7.0,3.0,2.0,2.0
0022501041,1626181,2026-03-23,SAS,29.43,21.0,4.0,2.0,0.0,0.0,4.0,18.0,7.0,11.0,4.0,4.0,3.0
0022501010,1626181,2026-03-19,LAL,32.31,20.0,2.0,3.0,1.0,1.0,1.0,13.0,7.0,5.0,1.0,5.0,5.0
0022500991,1626181,2026-03-17,CHA,30.35,17.0,6.0,3.0,0.0,1.0,0.0,17.0,7.0,4.0,1.0,6.0,2.0
0022500972,1626181,2026-03-14,ORL,31.09,20.0,1.0,3.0,1.0,0.0,1.0,15.0,7.0,5.0,1.0,5.0,5.0
0022500849,1626181,2026-02-26,PHI,10.04,3.0,3.0,2.0,0.0,0.0,1.0,5.0,1.0,4.0,1.0,0.0,0.0
0022501171,1626192,2026-04-10,DET,3.3,0.0,0.0,0.0,0.0,0.0,1.0,1.0,0.0,0.0,0.0,0.0,0.0
0022501149,1626192,2026-04-07,BOS,2.29,0.0,1.0,0.0,0.0,0.0,0.0,1.0,0.0,1.0,0.0,0.0,0.0
0022501137,1626192,2026-04-05,MIN,3.15,0.0,2.0,0.0,0.0,0.0,0.0,0.0,0.0,0.0,0.0,0.0,0.0
0022501120,1626192,2026-04-03,IND,17.44,7.0,3.0,1.0,1.0,0.0,1.0,4.0,2.0,3.0,2.0,2.0,1.0
0022501114,1626192,2026-04-02,PHX,2.14,0.0,1.0,0.0,0.0,0.0,0.0,0.0,0.0,0.0,0.0,0.0,0.0
0022501100,1626192,2026-03-31,BKN,3.38,2.0,1.0,0.0,0.0,0.0,0.0,1.0,1.0,0.0,0.0,0.0,0.0
0022501085,1626192,2026-03-29,BOS,3.52,0.0,1.0,0.0,0.0,0.0,0.0,0.0,0.0,0.0,0.0,0.0,0.0
0022501023,1626192,2026-03-21,MEM,2.53,0.0,1.0,0.0,0.0,0.0,0.0,0.0,0.0,0.0,0.0,0.0,0.0
0022501008,1626192,2026-03-19,ORL,6.5,0.0,0.0,0.0,1.0,0.0,0.0,2.0,0.0,1.0,0.0,0.0,0.0
0022500991,1626192,2026-03-17,MIA,2.21,4.0,1.0,0.0,1.0,0.0,0.0,1.0,1.0,1.0,1.0,2.0,1.0
0022501187,1626204,2026-04-12,WAS,20.08,10.0,6.0,3.0,0.0,1.0,0.0,6.0,4.0,3.0,1.0,2.0,1.0
0022501173,1626204,2026-04-10,ATL,16.29,4.0,1.0,0.0,0.0,0.0,3.0,2.0,2.0,0.0,0.0,0.0,0.0
0022501145,1626204,2026-04-06,MEM,21.28,10.0,3.0,1.0,1.0,0.0,1.0,8.0,5.0,2.0,0.0,2.0,0.0
0022501136,1626204,2026-04-05,IND,21.46,6.0,3.0,1.0,3.0,1.0,2.0,6.0,2.0,3.0,1.0,2.0,1.0
0022501103,1626204,2026-03-31,LAL,12.0,2.0,4.0,1.0,2.0,0.0,0.0,4.0,1.0,2.0,0.0,0.0,0.0
0022501068,1626204,2026-03-27,MIA,4.11,4.0,1.0,1.0,0.0,0.0,1.0,1.0,1.0,1.0,1.0,2.0,1.0
0022500965,1626204,2026-03-13,DAL,6.53,6.0,4.0,1.0,0.0,0.0,0.0,2.0,2.0,2.0,2.0,0.0,0.0
0022500931,1626204,2026-03-09,PHI,3.5,0.0,0.0,0.0,0.0,0.0,1.0,0.0,0.0,0.0,0.0,0.0,0.0
0022500846,1626204,2026-02-25,MIL,7.32,0.0,2.0,1.0,0.0,0.0,0.0,0.0,0.0,0.0,0.0,0.0,0.0
0022500793,1626204,2026-02-19,BKN,12.0,0.0,5.0,0.0,0.0,0.0,1.0,3.0,0.0,2.0,0.0,0.0,0.0
0022501185,1626220,2026-04-10,LAL,22.06,11.0,7.0,3.0,3.0,0.0,1.0,10.0,4.0,7.0,2.0,2.0,1.0
0022501164,1626220,2026-04-08,DAL,23.11,14.0,4.0,1.0,0.0,1.0,0.0,7.0,5.0,6.0,4.0,0.0,0.0
0022501157,1626220,2026-04-07,HOU,17.05,3.0,2.0,0.0,0.0,1.0,0.0,4.0,1.0,4.0,1.0,0.0,0.0
0022501134,1626220,2026-04-05,CHI,21.52,3.0,3.0,2.0,0.0,0.0,2.0,2.0,1.0,2.0,1.0,0.0,0.0
0022501114,1626220,2026-04-02,CHA,16.39,3.0,1.0,0.0,0.0,0.0,1.0,2.0,1.0,2.0,1.0,0.0,0.0
0022501099,1626220,2026-03-31,ORL,30.42,14.0,9.0,4.0,1.0,1.0,1.0,8.0,4.0,7.0,4.0,2.0,2.0
0022501093,1626220,2026-03-30,MEM,24.22,9.0,4.0,1.0,0.0,0.0,1.0,7.0,3.0,6.0,2.0,2.0,1.0
0022501081,1626220,2026-03-28,UTA,21.57,6.0,3.0,2.0,0.0,0.0,0.0,7.0,2.0,6.0,2.0,0.0,0.0
0022501050,1626220,2026-03-24,DEN,28.09,17.0,5.0,3.0,1.0,3.0,0.0,8.0,5.0,8.0,5.0,2.0,2.0
0022500996,1626220,2026-03-17,MIN,29.17,9.0,2.0,2.0,3.0,0.0,3.0,6.0,3.0,6.0,3.0,0.0,0.0
0022500731,1627734,2026-02-04,MEM,24.04,24.0,15.0,3.0,1.0,0.0,1.0,18.0,10.0,0.0,0.0,4.0,4.0
0022500680,1627734,2026-01-29,PHI,28.14,14.0,7.0,3.0,0.0,0.0,3.0,10.0,6.0,1.0,0.0,4.0,2.0
0022500665,1627734,2026-01-27,NYK,32.46,11.0,12.0,7.0,0.0,1.0,3.0,10.0,5.0,2.0,0.0,2.0,1.0
0022500650,1627734,2026-01-25,DET,24.44,12.0,7.0,8.0,2.0,0.0,2.0,7.0,6.0,0.0,0.0,1.0,0.0
0022500638,1627734,2026-01-23,CLE,30.43,24.0,16.0,6.0,1.0,0.0,4.0,14.0,9.0,1.0,1.0,5.0,5.0
0022500619,1627734,2026-01-20,MIA,16.59,6.0,10.0,3.0,0.0,0.0,0.0,8.0,3.0,1.0,0.0,1.0,0.0
0022500606,1627734,2026-01-18,POR,19.49,8.0,8.0,2.0,0.0,0.0,6.0,3.0,2.0,1.0,0.0,4.0,4.0
0022500592,1627734,2026-01-16,WAS,21.14,13.0,6.0,5.0,1.0,1.0,4.0,6.0,5.0,1.0,0.0,5.0,3.0
0022500234,1627734,2025-11-16,SAS,36.11,17.0,13.0,5.0,3.0,0.0,3.0,14.0,7.0,1.0,0.0,4.0,3.0
0022500044,1627734,2025-11-14,MIN,39.21,34.0,11.0,3.0,0.0,1.0,2.0,24.0,14.0,2.0,1.0,8.0,5.0
0022501199,1627739,2026-04-12,GSW,22.09,4.0,1.0,3.0,2.0,0.0,2.0,5.0,2.0,3.0,0.0,0.0,0.0
0022501183,1627739,2026-04-10,POR,26.34,5.0,5.0,1.0,0.0,0.0,2.0,3.0,2.0,2.0,1.0,0.0,0.0
0022501163,1627739,2026-04-08,OKC,26.53,3.0,1.0,6.0,0.0,0.0,1.0,7.0,1.0,4.0,1.0,0.0,0.0
0022501156,1627739,2026-04-07,DAL,27.12,2.0,7.0,3.0,2.0,0.0,2.0,4.0,1.0,1.0,0.0,0.0,0.0
0022501141,1627739,2026-04-05,SAC,26.35,13.0,6.0,4.0,3.0,0.0,2.0,6.0,5.0,4.0,3.0,1.0,0.0
0022501119,1627739,2026-04-02,SAS,20.56,3.0,1.0,4.0,2.0,1.0,1.0,4.0,1.0,2.0,0.0,1.0,1.0
0022501104,1627739,2026-03-31,POR,19.56,3.0,2.0,2.0,1.0,1.0,1.0,2.0,1.0,0.0,0.0,2.0,1.0
0022501082,1627739,2026-03-29,MIL,31.35,10.0,2.0,5.0,2.0,0.0,2.0,5.0,4.0,3.0,2.0,0.0,0.0
0022501066,1627739,2026-03-27,IND,20.37,2.0,3.0,1.0,2.0,0.0,0.0,6.0,1.0,2.0,0.0,0.0,0.0
0022501062,1627739,2026-03-25,TOR,24.21,0.0,5.0,4.0,2.0,1.0,1.0,1.0,0.0,1.0,0.0,0.0,0.0
0022501189,1627741,2026-04-12,MIA,21.21,31.0,3.0,3.0,1.0,0.0,1.0,18.0,12.0,11.0,7.0,0.0,0.0
0022501122,1627741,2026-04-03,BKN,4.02,0.0,0.0,0.0,0.0,0.0,0.0,2.0,0.0,0.0,0.0,0.0,0.0
0022501037,1627741,2026-03-23,MEM,6.38,3.0,2.0,1.0,0.0,0.0,0.0,1.0,0.0,1.0,0.0,3.0,3.0
0022501026,1627741,2026-03-21,GSW,4.22,0.0,3.0,0.0,0.0,0.0,2.0,3.0,0.0,3.0,0.0,0.0,0.0
0022501018,1627741,2026-03-20,HOU,8.12,2.0,0.0,1.0,1.0,0.0,2.0,2.0,1.0,1.0,0.0,0.0,0.0
0022501006,1627741,2026-03-18,DAL,2.01,0.0,0.0,0.0,0.0,0.0,0.0,0.0,0.0,0.0,0.0,0.0,0.0
0022500765,1627741,2026-02-09,MIN,4.35,0.0,0.0,0.0,0.0,0.0,1.0,1.0,0.0,1.0,0.0,0.0,0.0
0022500724,1627741,2026-02-03,PHI,27.32,9.0,3.0,3.0,3.0,0.0,2.0,11.0,4.0,4.0,0.0,2.0,1.0
0022500696,1627741,2026-01-30,DET,17.08,10.0,4.0,2.0,0.0,0.0,1.0,10.0,4.0,7.0,2.0,2.0,0.0
0022500678,1627741,2026-01-28,UTA,17.13,13.0,3.0,4.0,0.0,0.0,1.0,8.0,5.0,6.0,3.0,0.0,0.0
0022501192,1627742,2026-04-12,BKN,32.0,25.0,9.0,2.0,0.0,1.0,1.0,10.0,7.0,5.0,3.0,8.0,8.0
0022501176,1627742,2026-04-10,NYK,35.21,16.0,4.0,6.0,1.0,0.0,1.0,15.0,8.0,2.0,0.0,4.0,0.0
0022501165,1627742,2026-04-09,MIA,36.37,38.0,7.0,7.0,1.0,0.0,1.0,23.0,13.0,3.0,2.0,11.0,10.0
0022501151,1627742,2026-04-07,MIA,29.18,23.0,6.0,3.0,2.0,0.0,3.0,16.0,9.0,5.0,3.0,2.0,2.0
0022501132,1627742,2026-04-05,BOS,33.32,15.0,3.0,4.0,0.0,1.0,2.0,13.0,6.0,1.0,0.0,3.0,3.0
0022501125,1627742,2026-04-03,MEM,26.05,17.0,7.0,5.0,0.0,1.0,2.0,11.0,6.0,3.0,2.0,3.0,3.0
0022501101,1627742,2026-03-31,DET,30.46,22.0,1.0,0.0,0.0,0.0,1.0,15.0,7.0,6.0,1.0,8.0,7.0
0022501071,1627742,2026-03-27,NOP,30.33,13.0,6.0,2.0,1.0,1.0,1.0,13.0,5.0,3.0,1.0,3.0,2.0
0022501062,1627742,2026-03-25,LAC,35.44,18.0,6.0,4.0,1.0,1.0,3.0,18.0,8.0,3.0,2.0,0.0,0.0
0022501036,1627742,2026-03-22,PHX,27.16,6.0,4.0,1.0,0.0,3.0,5.0,10.0,3.0,2.0,0.0,0.0,0.0
0022500718,1627746,2026-02-03,NYK,7.25,0.0,1.0,1.0,0.0,0.0,0.0,1.0,0.0,1.0,0.0,0.0,0.0
0022500707,1627746,2026-02-01,SAC,26.34,13.0,7.0,2.0,2.0,1.0,1.0,8.0,6.0,3.0,1.0,0.0,0.0
0022500664,1627746,2026-01-27,POR,3.34,0.0,1.0,0.0,0.0,0.0,0.0,1.0,0.0,1.0,0.0,0.0,0.0
0022501188,1627747,2026-04-12,IND,14.17,6.0,0.0,0.0,0.0,0.0,2.0,3.0,1.0,1.0,1.0,4.0,3.0
0022501171,1627747,2026-04-10,CHA,14.34,6.0,2.0,3.0,2.0,1.0,0.0,7.0,2.0,1.0,0.0,2.0,2.0
0022501160,1627747,2026-04-08,MIL,19.38,7.0,3.0,4.0,1.0,2.0,1.0,4.0,2.0,2.0,1.0,2.0,2.0
0022501131,1627747,2026-04-04,PHI,21.05,7.0,2.0,3.0,1.0,0.0,1.0,6.0,3.0,2.0,1.0,0.0,0.0
0022501115,1627747,2026-04-02,MIN,13.37,7.0,2.0,0.0,0.0,1.0,1.0,7.0,3.0,3.0,1.0,2.0,0.0
0022501101,1627747,2026-03-31,TOR,19.02,12.0,1.0,2.0,0.0,2.0,1.0,7.0,5.0,2.0,1.0,1.0,1.0
0022501097,1627747,2026-03-30,OKC,26.03,10.0,4.0,2.0,0.0,1.0,1.0,11.0,4.0,5.0,2.0,0.0,0.0
0022501080,1627747,2026-03-28,MIN,20.12,8.0,2.0,4.0,1.0,2.0,2.0,7.0,4.0,2.0,0.0,0.0,0.0
0022501051,1627747,2026-03-25,ATL,15.11,4.0,5.0,2.0,1.0,1.0,1.0,7.0,2.0,3.0,0.0,0.0,0.0
0022501038,1627747,2026-03-23,LAL,16.56,8.0,3.0,4.0,0.0,0.0,2.0,7.0,3.0,2.0,0.0,2.0,2.0
0022501118,1627749,2026-04-02,POR,28.02,9.0,8.0,5.0,2.0,0.0,5.0,10.0,4.0,2.0,0.0,1.0,1.0
0022501088,1627749,2026-03-29,HOU,28.12,19.0,4.0,6.0,1.0,1.0,1.0,14.0,8.0,3.0,1.0,2.0,2.0
0022501064,1627749,2026-03-26,DET,29.13,12.0,7.0,4.0,3.0,0.0,5.0,15.0,5.0,3.0,0.0,2.0,2.0
0022501048,1627749,2026-03-24,NYK,28.02,7.0,5.0,12.0,1.0,0.0,1.0,12.0,2.0,4.0,1.0,2.0,2.0
0022501025,1627749,2026-03-21,CLE,29.58,12.0,3.0,9.0,1.0,0.0,2.0,13.0,4.0,6.0,1.0,3.0,3.0
0022501005,1627749,2026-03-18,LAC,29.39,17.0,4.0,11.0,1.0,0.0,6.0,12.0,7.0,7.0,3.0,0.0,0.0
0022500964,1627749,2026-03-13,HOU,30.58,35.0,7.0,4.0,1.0,0.0,2.0,18.0,14.0,5.0,4.0,5.0,3.0
0022500948,1627749,2026-03-11,TOR,31.27,27.0,5.0,6.0,2.0,0.0,4.0,20.0,12.0,6.0,2.0,2.0,1.0
0022500925,1627749,2026-03-08,WAS,23.39,19.0,6.0,2.0,2.0,0.0,2.0,9.0,6.0,1.0,0.0,9.0,7.0
0022500912,1627749,2026-03-06,PHX,29.48,15.0,8.0,5.0,2.0,0.0,3.0,13.0,5.0,5.0,1.0,5.0,4.0
0022501162,1627750,2026-04-08,MEM,34.47,26.0,7.0,5.0,0.0,0.0,3.0,17.0,8.0,10.0,5.0,5.0,5.0
0022501147,1627750,2026-04-06,POR,38.18,20.0,1.0,7.0,0.0,2.0,1.0,15.0,7.0,7.0,3.0,3.0,3.0
0022501130,1627750,2026-04-04,SAS,45.46,15.0,4.0,10.0,1.0,0.0,2.0,13.0,6.0,7.0,3.0,0.0,0.0
0022501112,1627750,2026-04-01,UTA,37.15,37.0,5.0,5.0,1.0,2.0,1.0,26.0,12.0,16.0,10.0,3.0,3.0
0022501090,1627750,2026-03-29,GSW,34.27,20.0,6.0,7.0,2.0,1.0,4.0,12.0,7.0,4.0,2.0,5.0,4.0
0022501072,1627750,2026-03-27,UTA,39.22,31.0,6.0,14.0,0.0,0.0,1.0,18.0,9.0,10.0,5.0,8.0,8.0
0022501059,1627750,2026-03-25,DAL,41.16,53.0,6.0,4.0,0.0,0.0,4.0,28.0,19.0,14.0,9.0,6.0,6.0
0022501050,1627750,2026-03-24,PHX,37.56,21.0,1.0,6.0,0.0,1.0,2.0,18.0,7.0,9.0,3.0,4.0,4.0
0022501032,1627750,2026-03-22,POR,30.45,22.0,2.0,7.0,1.0,0.0,2.0,18.0,9.0,9.0,4.0,0.0,0.0
0022501021,1627750,2026-03-20,TOR,39.31,31.0,5.0,6.0,1.0,0.0,1.0,18.0,10.0,6.0,2.0,10.0,9.0
0022501192,1627751,2026-04-12,BKN,19.15,11.0,5.0,2.0,2.0,1.0,3.0,5.0,5.0,0.0,0.0,5.0,1.0
0022501176,1627751,2026-04-10,NYK,19.25,4.0,3.0,1.0,1.0,0.0,2.0,3.0,2.0,0.0,0.0,0.0,0.0
0022501165,1627751,2026-04-09,MIA,17.25,6.0,2.0,1.0,0.0,1.0,1.0,4.0,3.0,0.0,0.0,0.0,0.0
0022501151,1627751,2026-04-07,MIA,25.42,17.0,6.0,3.0,2.0,1.0,1.0,13.0,8.0,0.0,0.0,3.0,1.0
0022501132,1627751,2026-04-05,BOS,20.05,14.0,2.0,0.0,0.0,0.0,3.0,9.0,7.0,0.0,0.0,0.0,0.0
0022501125,1627751,2026-04-03,MEM,22.45,8.0,7.0,4.0,2.0,1.0,0.0,6.0,4.0,0.0,0.0,0.0,0.0
0022501108,1627751,2026-04-01,SAC,28.12,18.0,5.0,1.0,1.0,0.0,0.0,8.0,6.0,0.0,0.0,8.0,6.0
0022501101,1627751,2026-03-31,DET,23.28,13.0,4.0,1.0,1.0,0.0,0.0,9.0,6.0,0.0,0.0,2.0,1.0
0022501086,1627751,2026-03-29,ORL,25.03,11.0,7.0,3.0,1.0,1.0,0.0,7.0,5.0,0.0,0.0,2.0,1.0
0022501071,1627751,2026-03-27,NOP,29.33,18.0,11.0,3.0,1.0,1.0,1.0,11.0,9.0,0.0,0.0,0.0,0.0
0022501191,1627752,2026-04-12,PHI,32.0,14.0,5.0,2.0,1.0,0.0,2.0,14.0,5.0,10.0,3.0,1.0,1.0
0022501179,1627752,2026-04-10,BKN,35.04,18.0,10.0,5.0,1.0,0.0,2.0,13.0,6.0,11.0,6.0,0.0,0.0
0022501160,1627752,2026-04-08,DET,27.35,15.0,2.0,2.0,0.0,1.0,1.0,10.0,5.0,8.0,5.0,0.0,0.0
0022501150,1627752,2026-04-07,BKN,36.45,16.0,11.0,4.0,0.0,1.0,3.0,15.0,6.0,12.0,4.0,0.0,0.0
0022501135,1627752,2026-04-05,MEM,23.46,19.0,3.0,3.0,1.0,0.0,3.0,8.0,7.0,5.0,5.0,0.0,0.0
0022501126,1627752,2026-04-03,BOS,24.45,18.0,0.0,2.0,1.0,1.0,1.0,8.0,7.0,5.0,4.0,0.0,0.0
0022500652,1627752,2026-03-31,DAL,21.56,6.0,2.0,2.0,0.0,0.0,2.0,10.0,2.0,9.0,2.0,0.0,0.0
0022501082,1627752,2026-03-29,LAC,38.13,18.0,6.0,8.0,2.0,1.0,5.0,12.0,7.0,7.0,4.0,0.0,0.0
0022501076,1627752,2026-03-28,SAS,25.36,5.0,3.0,2.0,0.0,0.0,2.0,8.0,2.0,6.0,1.0,0.0,0.0
0022501061,1627752,2026-03-25,POR,29.12,13.0,6.0,2.0,1.0,0.0,0.0,11.0,4.0,8.0,3.0,2.0,2.0
0022501174,1627759,2026-04-10,NOP,28.41,23.0,3.0,1.0,1.0,0.0,7.0,13.0,8.0,3.0,2.0,7.0,5.0
0022501149,1627759,2026-04-07,CHA,43.15,35.0,9.0,3.0,1.0,1.0,5.0,29.0,13.0,10.0,3.0,7.0,6.0
0022501132,1627759,2026-04-05,TOR,35.26,26.0,6.0,3.0,2.0,0.0,5.0,20.0,11.0,3.0,1.0,5.0,3.0
0022501126,1627759,2026-04-03,MIL,30.1,26.0,3.0,4.0,2.0,0.0,2.0,17.0,7.0,4.0,2.0,11.0,10.0
0022501106,1627759,2026-04-01,MIA,37.2,43.0,3.0,7.0,0.0,0.0,1.0,29.0,17.0,10.0,4.0,7.0,5.0
0022501092,1627759,2026-03-30,ATL,40.06,29.0,10.0,9.0,1.0,0.0,6.0,29.0,9.0,9.0,3.0,14.0,8.0
0022501054,1627759,2026-03-25,OKC,38.54,31.0,8.0,8.0,2.0,0.0,5.0,17.0,9.0,3.0,1.0,14.0,12.0
0022501035,1627759,2026-03-22,MIN,35.16,29.0,7.0,4.0,0.0,0.0,3.0,26.0,9.0,6.0,2.0,11.0,9.0
0022501019,1627759,2026-03-20,MEM,38.09,30.0,6.0,6.0,0.0,0.0,1.0,23.0,10.0,5.0,2.0,8.0,8.0
0022500999,1627759,2026-03-18,GSW,35.09,32.0,6.0,5.0,2.0,0.0,5.0,20.0,11.0,4.0,1.0,9.0,9.0
0022501199,1627780,2026-04-12,LAC,12.03,2.0,2.0,1.0,1.0,0.0,0.0,2.0,1.0,1.0,0.0,0.0,0.0
0022501184,1627780,2026-04-10,SAC,15.11,10.0,3.0,0.0,2.0,0.0,2.0,6.0,5.0,0.0,0.0,0.0,0.0
0022501170,1627780,2026-04-09,LAL,13.59,10.0,1.0,0.0,1.0,0.0,0.0,4.0,4.0,0.0,0.0,2.0,2.0
0022501154,1627780,2026-04-07,SAC,24.37,12.0,4.0,3.0,3.0,0.0,1.0,7.0,5.0,1.0,0.0,2.0,2.0
0022501142,1627780,2026-04-05,HOU,25.2,14.0,3.0,2.0,0.0,0.0,0.0,11.0,6.0,3.0,0.0,2.0,2.0
0022501117,1627780,2026-04-02,CLE,27.29,8.0,12.0,2.0,2.0,1.0,1.0,9.0,4.0,2.0,0.0,0.0,0.0
0022501090,1627780,2026-03-29,DEN,20.59,16.0,5.0,1.0,0.0,0.0,0.0,8.0,7.0,2.0,1.0,1.0,1.0
0022501073,1627780,2026-03-27,WAS,24.55,15.0,5.0,2.0,1.0,1.0,2.0,11.0,7.0,1.0,0.0,3.0,1.0
0022501060,1627780,2026-03-25,BKN,24.09,10.0,7.0,2.0,1.0,0.0,0.0,5.0,5.0,0.0,0.0,0.0,0.0
0022501044,1627780,2026-03-23,DAL,21.26,17.0,4.0,3.0,2.0,0.0,0.0,8.0,8.0,1.0,1.0,1.0,0.0
0022501120,1627783,2026-04-03,CHA,33.54,30.0,7.0,2.0,2.0,0.0,2.0,24.0,13.0,4.0,2.0,3.0,2.0
0022501109,1627783,2026-04-01,CHI,21.33,25.0,4.0,5.0,0.0,0.0,0.0,16.0,11.0,4.0,1.0,2.0,2.0
0022501083,1627783,2026-03-29,MIA,31.17,30.0,11.0,6.0,1.0,0.0,4.0,24.0,11.0,8.0,3.0,7.0,5.0
0022501066,1627783,2026-03-27,LAC,32.44,11.0,6.0,3.0,1.0,0.0,5.0,16.0,4.0,3.0,0.0,4.0,3.0
0022501052,1627783,2026-03-25,LAL,29.48,20.0,8.0,1.0,1.0,0.0,4.0,15.0,7.0,2.0,1.0,7.0,5.0
0022501039,1627783,2026-03-23,ORL,33.33,37.0,6.0,1.0,2.0,2.0,2.0,26.0,13.0,5.0,2.0,9.0,9.0
0022501028,1627783,2026-03-21,SAS,29.29,14.0,2.0,5.0,1.0,0.0,1.0,14.0,6.0,2.0,0.0,3.0,2.0
0022500929,1627783,2026-03-08,POR,32.18,22.0,6.0,5.0,2.0,0.0,2.0,20.0,9.0,4.0,0.0,9.0,4.0
0022500914,1627783,2026-03-06,LAL,29.26,26.0,5.0,3.0,2.0,0.0,2.0,20.0,10.0,3.0,0.0,9.0,6.0
0022500898,1627783,2026-03-04,LAC,30.18,29.0,5.0,1.0,0.0,0.0,0.0,14.0,8.0,3.0,1.0,14.0,12.0
0022501166,1627824,2026-04-09,WAS,16.1,5.0,5.0,3.0,1.0,1.0,1.0,4.0,2.0,3.0,1.0,0.0,0.0
0022501148,1627824,2026-04-07,WAS,26.52,9.0,6.0,1.0,0.0,1.0,1.0,9.0,3.0,5.0,1.0,2.0,2.0
0022501134,1627824,2026-04-05,PHX,31.37,8.0,9.0,1.0,0.0,0.0,2.0,9.0,3.0,6.0,2.0,0.0,0.0
0022501123,1627824,2026-04-03,NYK,24.42,5.0,4.0,1.0,0.0,0.0,0.0,9.0,2.0,6.0,1.0,0.0,0.0
0022501109,1627824,2026-04-01,IND,25.07,20.0,6.0,1.0,0.0,0.0,1.0,12.0,6.0,7.0,2.0,8.0,6.0
0022501094,1627824,2026-03-30,SAS,30.13,15.0,5.0,2.0,1.0,0.0,1.0,10.0,4.0,6.0,1.0,8.0,6.0
0022501070,1627824,2026-03-27,OKC,22.22,6.0,4.0,1.0,1.0,1.0,0.0,6.0,2.0,5.0,2.0,0.0,0.0
0022501053,1627824,2026-03-25,PHI,22.24,11.0,4.0,0.0,0.0,0.0,0.0,8.0,3.0,5.0,2.0,3.0,3.0
0022501011,1627824,2026-03-19,CLE,29.17,10.0,11.0,1.0,2.0,2.0,0.0,8.0,4.0,5.0,2.0,0.0,0.0
0022501002,1627824,2026-03-18,TOR,13.58,5.0,3.0,3.0,2.0,0.0,2.0,3.0,1.0,1.0,1.0,2.0,2.0
0022501001,1627826,2026-03-18,POR,23.27,18.0,8.0,3.0,0.0,1.0,1.0,18.0,7.0,0.0,0.0,5.0,4.0
0022500994,1627826,2026-03-17,NYK,26.16,11.0,7.0,1.0,1.0,2.0,0.0,10.0,5.0,0.0,0.0,1.0,1.0
0022500979,1627826,2026-03-15,MIL,23.32,10.0,7.0,2.0,0.0,0.0,1.0,10.0,4.0,0.0,0.0,2.0,2.0
0022500962,1627826,2026-03-13,NYK,28.54,11.0,8.0,1.0,1.0,1.0,2.0,9.0,5.0,0.0,0.0,2.0,1.0
0022500954,1627826,2026-03-12,PHX,16.07,8.0,6.0,2.0,0.0,0.0,0.0,6.0,4.0,0.0,0.0,0.0,0.0
0022500715,1627826,2026-02-02,PHI,33.0,8.0,9.0,2.0,0.0,1.0,1.0,3.0,3.0,0.0,0.0,3.0,2.0
0022500709,1627826,2026-02-01,PHX,33.19,14.0,20.0,1.0,0.0,1.0,1.0,5.0,5.0,0.0,0.0,9.0,4.0
0022500695,1627826,2026-01-30,DEN,29.41,13.0,7.0,2.0,0.0,0.0,2.0,10.0,6.0,0.0,0.0,2.0,1.0
0022500670,1627826,2026-01-27,UTA,22.14,9.0,7.0,3.0,0.0,0.0,3.0,6.0,4.0,0.0,0.0,2.0,1.0
0022500656,1627826,2026-01-25,BKN,23.13,11.0,10.0,1.0,1.0,0.0,1.0,5.0,4.0,0.0,0.0,4.0,3.0
0022501194,1627827,2026-04-12,MEM,20.59,9.0,2.0,1.0,1.0,0.0,0.0,8.0,3.0,5.0,1.0,2.0,2.0
0022501124,1627827,2026-04-03,UTA,9.11,7.0,2.0,1.0,0.0,0.0,0.0,4.0,3.0,2.0,1.0,0.0,0.0
0022501058,1627827,2026-03-25,MIN,6.19,0.0,1.0,0.0,0.0,0.0,1.0,0.0,0.0,0.0,0.0,0.0,0.0
0022501042,1627827,2026-03-23,CHI,7.37,0.0,2.0,0.0,0.0,0.0,0.0,1.0,0.0,1.0,0.0,0.0,0.0
0022501027,1627827,2026-03-21,MIA,13.57,1.0,1.0,3.0,0.0,0.0,0.0,2.0,0.0,2.0,0.0,2.0,1.0
0022501007,1627827,2026-03-18,LAL,9.3,3.0,2.0,0.0,0.0,0.0,0.0,3.0,1.0,3.0,1.0,0.0,0.0
0022500989,1627827,2026-03-16,LAL,24.14,8.0,2.0,4.0,1.0,1.0,3.0,7.0,3.0,5.0,2.0,0.0,0.0
0022500964,1627827,2026-03-13,NOP,26.48,0.0,4.0,2.0,2.0,1.0,0.0,3.0,0.0,3.0,0.0,0.0,0.0
0022500940,1627827,2026-03-10,TOR,21.09,3.0,3.0,2.0,1.0,0.0,2.0,3.0,1.0,2.0,1.0,0.0,0.0
0022500927,1627827,2026-03-08,SAS,20.5,8.0,2.0,3.0,0.0,0.0,0.0,4.0,3.0,3.0,2.0,0.0,0.0
0022501199,1627884,2026-04-12,GSW,20.46,0.0,4.0,0.0,0.0,0.0,0.0,4.0,0.0,1.0,0.0,0.0,0.0
0022501183,1627884,2026-04-10,POR,23.2,10.0,2.0,1.0,1.0,1.0,3.0,5.0,3.0,3.0,2.0,2.0,2.0
0022501163,1627884,2026-04-08,OKC,30.17,11.0,5.0,1.0,0.0,1.0,1.0,9.0,4.0,5.0,2.0,2.0,1.0
0022501156,1627884,2026-04-07,DAL,23.29,11.0,10.0,2.0,0.0,1.0,0.0,10.0,4.0,2.0,1.0,2.0,2.0
0022501141,1627884,2026-04-05,SAC,25.13,6.0,3.0,1.0,1.0,0.0,1.0,4.0,3.0,0.0,0.0,0.0,0.0
0022501119,1627884,2026-04-02,SAS,23.45,4.0,4.0,1.0,0.0,0.0,0.0,6.0,2.0,2.0,0.0,0.0,0.0
0022501104,1627884,2026-03-31,POR,23.21,1.0,3.0,2.0,0.0,3.0,0.0,2.0,0.0,2.0,0.0,2.0,1.0
0022501082,1627884,2026-03-29,MIL,25.43,13.0,4.0,0.0,2.0,1.0,1.0,9.0,6.0,1.0,1.0,0.0,0.0
0022501066,1627884,2026-03-27,IND,25.47,4.0,3.0,3.0,1.0,1.0,1.0,7.0,2.0,1.0,0.0,0.0,0.0
0022501062,1627884,2026-03-25,TOR,28.28,2.0,7.0,0.0,0.0,0.0,1.0,4.0,1.0,1.0,0.0,0.0,0.0
0022501163,1627936,2026-04-08,LAC,13.25,2.0,4.0,0.0,0.0,0.0,0.0,3.0,1.0,2.0,0.0,0.0,0.0
0022501155,1627936,2026-04-07,LAL,10.09,6.0,1.0,2.0,0.0,0.0,2.0,3.0,2.0,3.0,2.0,0.0,0.0
0022501139,1627936,2026-04-05,UTA,13.16,5.0,4.0,0.0,1.0,0.0,1.0,4.0,2.0,3.0,1.0,0.0,0.0
0022501097,1627936,2026-03-30,DET,27.05,3.0,1.0,4.0,1.0,0.0,1.0,2.0,1.0,2.0,1.0,0.0,0.0
0022501089,1627936,2026-03-29,NYK,18.06,6.0,2.0,2.0,1.0,0.0,1.0,5.0,2.0,4.0,2.0,0.0,0.0
0022501070,1627936,2026-03-27,CHI,15.15,6.0,5.0,2.0,0.0,0.0,0.0,3.0,2.0,1.0,0.0,3.0,2.0
0022501054,1627936,2026-03-25,BOS,21.14,9.0,4.0,2.0,1.0,0.0,0.0,11.0,3.0,8.0,1.0,2.0,2.0
0022501040,1627936,2026-03-23,PHI,15.37,4.0,2.0,2.0,0.0,0.0,0.0,2.0,1.0,1.0,0.0,2.0,2.0
0022501022,1627936,2026-03-21,WAS,19.4,4.0,1.0,5.0,1.0,2.0,1.0,4.0,2.0,2.0,0.0,0.0,0.0
0022501000,1627936,2026-03-18,BKN,4.36,0.0,2.0,1.0,1.0,0.0,2.0,2.0,0.0,2.0,0.0,0.0,0.0
0022501101,1628365,2026-03-31,DET,1.23,0.0,0.0,0.0,0.0,0.0,0.0,1.0,0.0,0.0,0.0,0.0,0.0
0022501086,1628365,2026-03-29,ORL,7.21,0.0,1.0,1.0,0.0,0.0,0.0,2.0,0.0,0.0,0.0,0.0,0.0
0022501071,1628365,2026-03-27,NOP,2.13,2.0,0.0,0.0,0.0,0.0,1.0,2.0,1.0,0.0,0.0,0.0,0.0
0022501062,1628365,2026-03-25,LAC,8.51,0.0,0.0,2.0,0.0,0.0,0.0,1.0,0.0,0.0,0.0,0.0,0.0
0022501043,1628365,2026-03-23,UTA,15.58,2.0,0.0,5.0,2.0,0.0,3.0,5.0,1.0,0.0,0.0,0.0,0.0
0022500710,1628366,2026-02-01,POR,16.26,3.0,3.0,2.0,1.0,0.0,0.0,2.0,1.0,2.0,1.0,0.0,0.0
0022500693,1628366,2026-01-30,PHX,24.33,3.0,6.0,5.0,3.0,0.0,3.0,8.0,1.0,7.0,1.0,1.0,0.0
0022500671,1628366,2026-01-28,LAL,12.0,0.0,5.0,2.0,0.0,0.0,2.0,0.0,0.0,0.0,0.0,0.0,0.0
0022500658,1628366,2026-01-26,ORL,13.53,0.0,1.0,1.0,1.0,1.0,1.0,1.0,0.0,1.0,0.0,0.0,0.0
0022500646,1628366,2026-01-24,ORL,24.33,6.0,8.0,2.0,3.0,0.0,1.0,4.0,2.0,4.0,2.0,0.0,0.0
0022500015,1628366,2026-01-19,OKC,5.21,3.0,0.0,1.0,0.0,0.0,1.0,4.0,1.0,4.0,1.0,0.0,0.0
0022500589,1628366,2026-01-16,PHI,11.38,0.0,3.0,1.0,1.0,0.0,0.0,3.0,0.0,2.0,0.0,0.0,0.0
0022500572,1628366,2026-01-14,PHI,14.05,9.0,4.0,4.0,0.0,0.0,1.0,6.0,3.0,6.0,3.0,0.0,0.0
0022500494,1628366,2026-01-04,DET,9.4,0.0,2.0,2.0,1.0,0.0,2.0,1.0,0.0,1.0,0.0,0.0,0.0
0022500478,1628366,2026-01-02,DEN,14.46,6.0,3.0,2.0,0.0,2.0,0.0,3.0,2.0,3.0,2.0,0.0,0.0
0022501197,1628368,2026-04-12,DEN,33.19,24.0,6.0,5.0,0.0,1.0,0.0,21.0,8.0,14.0,4.0,4.0,4.0
0022501180,1628368,2026-04-10,DAL,27.3,18.0,1.0,10.0,0.0,0.0,2.0,14.0,7.0,4.0,2.0,2.0,2.0
0022501161,1628368,2026-04-08,POR,34.33,25.0,5.0,7.0,3.0,0.0,4.0,20.0,10.0,6.0,3.0,3.0,2.0
0022501146,1628368,2026-04-06,PHI,26.32,13.0,0.0,4.0,2.0,1.0,3.0,12.0,6.0,5.0,1.0,2.0,0.0
0022501130,1628368,2026-04-04,DEN,40.25,14.0,4.0,4.0,1.0,0.0,2.0,19.0,7.0,6.0,0.0,0.0,0.0
0022501119,1628368,2026-04-02,LAC,29.1,22.0,8.0,5.0,3.0,0.0,3.0,13.0,9.0,4.0,1.0,4.0,3.0
0022501113,1628368,2026-04-01,GSW,24.43,11.0,4.0,4.0,2.0,0.0,1.0,7.0,4.0,2.0,1.0,2.0,2.0
0022501094,1628368,2026-03-30,CHI,23.12,7.0,2.0,6.0,2.0,0.0,3.0,8.0,3.0,3.0,0.0,2.0,1.0
0022501076,1628368,2026-03-28,MIL,20.32,12.0,2.0,6.0,1.0,0.0,1.0,9.0,6.0,3.0,0.0,1.0,0.0
0022501041,1628368,2026-03-23,MIA,28.56,14.0,3.0,6.0,1.0,0.0,3.0,13.0,5.0,4.0,1.0,3.0,3.0
0022501168,1628369,2026-04-09,NYK,39.45,24.0,13.0,8.0,1.0,1.0,6.0,22.0,7.0,10.0,2.0,10.0,8.0
0022501149,1628369,2026-04-07,CHA,38.55,23.0,5.0,4.0,1.0,0.0,2.0,15.0,8.0,7.0,3.0,5.0,4.0
0022501132,1628369,2026-04-05,TOR,34.0,23.0,13.0,7.0,3.0,0.0,5.0,15.0,7.0,6.0,2.0,8.0,7.0
0022501126,1628369,2026-04-03,MIL,31.06,23.0,11.0,9.0,3.0,0.0,2.0,16.0,8.0,8.0,4.0,4.0,3.0
0022501106,1628369,2026-04-01,MIA,37.15,25.0,18.0,11.0,2.0,0.0,2.0,21.0,9.0,13.0,4.0,4.0,3.0
0022501085,1628369,2026-03-29,CHA,30.47,32.0,5.0,8.0,0.0,1.0,0.0,23.0,12.0,10.0,5.0,5.0,3.0
0022501067,1628369,2026-03-27,ATL,36.36,26.0,12.0,5.0,0.0,0.0,2.0,24.0,8.0,8.0,2.0,10.0,8.0
0022501054,1628369,2026-03-25,OKC,35.25,19.0,12.0,7.0,3.0,1.0,5.0,12.0,5.0,6.0,3.0,6.0,6.0
0022501035,1628369,2026-03-22,MIN,30.43,16.0,11.0,2.0,2.0,0.0,1.0,16.0,6.0,7.0,2.0,3.0,2.0
0022501019,1628369,2026-03-20,MEM,30.51,13.0,9.0,0.0,0.0,0.0,3.0,15.0,3.0,9.0,2.0,6.0,5.0
0022501184,1628370,2026-04-10,GSW,9.48,11.0,1.0,0.0,0.0,2.0,1.0,6.0,4.0,4.0,3.0,0.0,0.0
0022501154,1628370,2026-04-07,GSW,10.33,4.0,1.0,1.0,1.0,0.0,2.0,3.0,2.0,1.0,0.0,0.0,0.0
0022501141,1628370,2026-04-05,LAC,14.25,7.0,0.0,1.0,1.0,0.0,3.0,5.0,3.0,3.0,1.0,0.0,0.0
0022501108,1628370,2026-04-01,TOR,29.1,18.0,3.0,5.0,1.0,1.0,3.0,11.0,6.0,7.0,3.0,4.0,3.0
0022501078,1628370,2026-03-28,ATL,27.24,10.0,2.0,7.0,1.0,0.0,1.0,11.0,5.0,3.0,0.0,0.0,0.0
0022501065,1628370,2026-03-26,ORL,32.26,13.0,2.0,5.0,1.0,1.0,0.0,12.0,5.0,9.0,3.0,0.0,0.0
0022501047,1628370,2026-03-24,CHA,29.56,7.0,3.0,14.0,1.0,0.0,0.0,13.0,3.0,3.0,0.0,2.0,1.0
0022501033,1628370,2026-03-22,BKN,29.54,32.0,2.0,6.0,0.0,1.0,4.0,17.0,8.0,13.0,7.0,9.0,9.0
0022501015,1628370,2026-03-19,PHI,15.32,4.0,1.0,5.0,0.0,0.0,2.0,5.0,1.0,1.0,0.0,2.0,2.0
0022500945,1628370,2026-03-10,IND,10.49,4.0,0.0,0.0,0.0,0.0,0.0,4.0,2.0,2.0,0.0,0.0,0.0
0022500955,1628371,2026-03-12,WAS,1.25,0.0,1.0,0.0,0.0,0.0,0.0,1.0,0.0,0.0,0.0,0.0,0.0
0022500885,1628371,2026-03-03,WAS,4.2,0.0,1.0,0.0,0.0,0.0,0.0,0.0,0.0,0.0,0.0,0.0,0.0
0022500875,1628371,2026-03-01,DET,8.49,3.0,1.0,0.0,0.0,0.0,0.0,1.0,1.0,0.0,0.0,2.0,1.0
0022500852,1628371,2026-02-26,HOU,15.42,0.0,2.0,0.0,2.0,1.0,0.0,2.0,0.0,1.0,0.0,0.0,0.0
0022500840,1628371,2026-02-24,LAL,15.15,3.0,4.0,3.0,0.0,2.0,1.0,3.0,1.0,0.0,0.0,2.0,1.0
0022500827,1628371,2026-02-22,LAC,14.57,5.0,4.0,1.0,0.0,2.0,0.0,4.0,2.0,0.0,0.0,2.0,1.0
0022500811,1628371,2026-02-21,PHX,8.19,2.0,2.0,0.0,0.0,1.0,0.0,1.0,1.0,0.0,0.0,2.0,0.0
0022500800,1628371,2026-02-19,SAC,13.0,0.0,7.0,1.0,1.0,0.0,1.0,3.0,0.0,1.0,0.0,0.0,0.0
0022500764,1628371,2026-02-09,MIL,4.19,2.0,1.0,1.0,0.0,1.0,0.0,0.0,0.0,0.0,0.0,2.0,2.0
0022500750,1628371,2026-02-07,UTA,2.33,0.0,0.0,0.0,0.0,1.0,0.0,2.0,0.0,2.0,0.0,0.0,0.0
0022500830,1628374,2026-02-23,HOU,32.1,29.0,3.0,2.0,2.0,0.0,2.0,23.0,10.0,10.0,1.0,8.0,8.0
0022500786,1628374,2026-02-11,SAC,20.33,19.0,7.0,3.0,1.0,0.0,0.0,14.0,7.0,4.0,1.0,4.0,4.0
0022500763,1628374,2026-02-09,MIA,24.38,17.0,8.0,1.0,0.0,0.0,1.0,14.0,5.0,8.0,3.0,4.0,4.0
0022500750,1628374,2026-02-07,ORL,26.52,27.0,7.0,1.0,0.0,1.0,3.0,21.0,12.0,6.0,3.0,0.0,0.0
0022500735,1628374,2026-02-05,ATL,23.26,18.0,5.0,1.0,1.0,0.0,1.0,12.0,6.0,5.0,3.0,3.0,3.0
0022500717,1628374,2026-02-03,IND,26.53,27.0,3.0,2.0,0.0,0.0,1.0,19.0,10.0,7.0,2.0,6.0,5.0
0022500706,1628374,2026-02-01,TOR,38.35,27.0,11.0,2.0,2.0,1.0,0.0,23.0,9.0,9.0,2.0,7.0,7.0
0022500678,1628374,2026-01-28,GSW,33.13,18.0,3.0,2.0,2.0,1.0,1.0,14.0,6.0,6.0,1.0,5.0,5.0
0022500670,1628374,2026-01-27,LAC,29.03,19.0,5.0,4.0,0.0,2.0,2.0,15.0,5.0,6.0,3.0,7.0,6.0
0022500558,1628374,2026-01-12,CLE,36.18,28.0,12.0,2.0,1.0,1.0,1.0,16.0,8.0,8.0,3.0,12.0,9.0
0022501158,1628378,2026-04-08,ATL,34.42,31.0,7.0,4.0,0.0,1.0,2.0,19.0,12.0,4.0,1.0,6.0,6.0
0022501136,1628378,2026-04-05,IND,32.51,38.0,6.0,6.0,1.0,0.0,3.0,27.0,16.0,7.0,2.0,5.0,4.0
0022501117,1628378,2026-04-02,GSW,34.23,25.0,6.0,3.0,2.0,1.0,5.0,14.0,7.0,7.0,4.0,7.0,7.0
0022501103,1628378,2026-03-31,LAL,24.1,10.0,3.0,6.0,0.0,0.0,2.0,10.0,4.0,3.0,0.0,2.0,2.0
0022501096,1628378,2026-03-30,UTA,35.45,34.0,2.0,5.0,1.0,0.0,2.0,18.0,10.0,8.0,3.0,12.0,11.0
0022501068,1628378,2026-03-27,MIA,30.38,6.0,4.0,6.0,4.0,0.0,2.0,10.0,1.0,3.0,0.0,4.0,4.0
0022501055,1628378,2026-03-25,MIA,33.12,28.0,6.0,4.0,0.0,0.0,3.0,22.0,12.0,9.0,4.0,0.0,0.0
0022501049,1628378,2026-03-24,ORL,34.43,42.0,2.0,3.0,0.0,0.0,2.0,22.0,14.0,7.0,3.0,11.0,11.0
0022501025,1628378,2026-03-21,NOP,39.0,27.0,7.0,3.0,1.0,0.0,1.0,23.0,9.0,8.0,3.0,7.0,6.0
0022500995,1628378,2026-03-17,MIL,33.53,19.0,8.0,3.0,1.0,1.0,0.0,14.0,4.0,4.0,1.0,13.0,10.0
0022501198,1628379,2026-04-12,UTA,11.24,3.0,0.0,1.0,0.0,0.0,1.0,1.0,1.0,0.0,0.0,2.0,1.0
0022501185,1628379,2026-04-10,PHX,28.12,19.0,1.0,3.0,3.0,0.0,1.0,12.0,6.0,4.0,2.0,5.0,5.0
0022501170,1628379,2026-04-09,GSW,31.53,14.0,2.0,8.0,4.0,0.0,1.0,11.0,6.0,2.0,1.0,1.0,1.0
0022501155,1628379,2026-04-07,OKC,23.1,10.0,2.0,9.0,1.0,0.0,0.0,7.0,4.0,2.0,0.0,3.0,2.0
0022501140,1628379,2026-04-05,DAL,41.1,15.0,16.0,11.0,1.0,0.0,3.0,17.0,5.0,5.0,1.0,4.0,4.0
0022501116,1628379,2026-04-02,OKC,32.47,7.0,4.0,3.0,0.0,0.0,1.0,8.0,3.0,4.0,1.0,0.0,0.0
0022501103,1628379,2026-03-31,CLE,22.47,2.0,1.0,2.0,0.0,0.0,1.0,2.0,1.0,0.0,0.0,0.0,0.0
0022501098,1628379,2026-03-30,WAS,23.0,19.0,2.0,1.0,1.0,0.0,1.0,10.0,7.0,5.0,4.0,1.0,1.0
0022501075,1628379,2026-03-27,BKN,17.18,5.0,4.0,1.0,1.0,0.0,0.0,4.0,2.0,2.0,1.0,0.0,0.0
0022501052,1628379,2026-03-25,IND,27.6,8.0,2.0,2.0,0.0,0.0,1.0,4.0,2.0,2.0,2.0,2.0,2.0
0022500437,1628380,2025-12-27,MIL,24.24,10.0,10.0,2.0,0.0,0.0,0.0,9.0,5.0,1.0,0.0,1.0,0.0
0022500427,1628380,2025-12-26,PHI,19.26,15.0,5.0,1.0,0.0,1.0,0.0,8.0,5.0,3.0,2.0,3.0,3.0
0022500411,1628380,2025-12-23,ATL,17.4,10.0,7.0,2.0,0.0,1.0,1.0,9.0,5.0,2.0,0.0,0.0,0.0
0022500396,1628380,2025-12-21,ATL,15.59,10.0,7.0,2.0,0.0,0.0,2.0,5.0,4.0,0.0,0.0,4.0,2.0
0022500384,1628380,2025-12-19,CLE,18.58,13.0,3.0,2.0,0.0,0.0,3.0,5.0,4.0,3.0,3.0,2.0,2.0
0022500367,1628380,2025-12-17,CLE,16.2,10.0,4.0,2.0,2.0,0.0,2.0,8.0,4.0,4.0,1.0,3.0,1.0
0022501223,1628380,2025-12-14,NOP,11.38,2.0,2.0,0.0,0.0,0.0,1.0,1.0,0.0,1.0,0.0,2.0,2.0
0022501209,1628380,2025-12-12,CHA,19.55,16.0,8.0,2.0,0.0,1.0,1.0,7.0,6.0,3.0,2.0,2.0,2.0
0022500361,1628380,2025-12-07,GSW,18.5,3.0,4.0,1.0,0.0,1.0,0.0,7.0,1.0,2.0,0.0,1.0,1.0
0022500345,1628380,2025-12-05,IND,20.34,8.0,6.0,1.0,0.0,0.0,0.0,5.0,3.0,2.0,1.0,2.0,1.0
0022501199,1628381,2026-04-12,GSW,20.41,18.0,9.0,0.0,0.0,0.0,1.0,12.0,8.0,2.0,0.0,2.0,2.0
0022501183,1628381,2026-04-10,POR,13.21,0.0,2.0,0.0,0.0,1.0,2.0,3.0,0.0,1.0,0.0,0.0,0.0
0022501163,1628381,2026-04-08,OKC,27.27,12.0,9.0,3.0,3.0,0.0,3.0,11.0,5.0,3.0,1.0,3.0,1.0
0022501156,1628381,2026-04-07,DAL,27.54,12.0,7.0,1.0,0.0,2.0,3.0,11.0,5.0,5.0,1.0,4.0,1.0
0022501141,1628381,2026-04-05,SAC,23.57,25.0,4.0,2.0,2.0,0.0,2.0,20.0,9.0,6.0,4.0,3.0,3.0
0022501119,1628381,2026-04-02,SAS,24.46,15.0,6.0,0.0,0.0,0.0,1.0,8.0,6.0,0.0,0.0,3.0,3.0
0022501104,1628381,2026-03-31,POR,31.13,17.0,6.0,1.0,2.0,0.0,0.0,8.0,7.0,3.0,3.0,0.0,0.0
0022501082,1628381,2026-03-29,MIL,35.13,22.0,3.0,3.0,0.0,1.0,1.0,13.0,9.0,2.0,0.0,5.0,4.0
0022501066,1628381,2026-03-27,IND,19.52,5.0,6.0,1.0,2.0,0.0,0.0,6.0,2.0,1.0,1.0,0.0,0.0
0022501062,1628381,2026-03-25,TOR,22.17,0.0,5.0,0.0,1.0,0.0,1.0,2.0,0.0,1.0,0.0,0.0,0.0
0022501176,1628384,2026-04-10,TOR,15.23,2.0,5.0,3.0,0.0,0.0,0.0,4.0,1.0,3.0,0.0,0.0,0.0
0022501168,1628384,2026-04-09,BOS,36.1,13.0,4.0,1.0,2.0,0.0,1.0,10.0,4.0,7.0,3.0,2.0,2.0
0022501143,1628384,2026-04-06,ATL,36.56,22.0,5.0,1.0,0.0,2.0,3.0,14.0,7.0,10.0,4.0,4.0,4.0
0022501123,1628384,2026-04-03,CHI,30.3,31.0,8.0,2.0,0.0,1.0,1.0,15.0,9.0,10.0,7.0,6.0,6.0
0022501003,1628384,2026-04-01,MEM,39.42,25.0,13.0,3.0,1.0,2.0,1.0,17.0,8.0,8.0,4.0,6.0,5.0
0022501102,1628384,2026-03-31,HOU,38.13,8.0,6.0,0.0,2.0,1.0,0.0,9.0,3.0,8.0,2.0,0.0,0.0
0022501089,1628384,2026-03-29,OKC,32.48,10.0,0.0,3.0,1.0,0.0,1.0,9.0,2.0,7.0,2.0,4.0,4.0
0022501063,1628384,2026-03-26,CHA,39.06,17.0,3.0,2.0,0.0,1.0,2.0,10.0,6.0,9.0,5.0,0.0,0.0
0022501048,1628384,2026-03-24,NOP,39.38,21.0,4.0,4.0,3.0,1.0,0.0,16.0,7.0,13.0,5.0,2.0,2.0
0022501034,1628384,2026-03-22,WAS,29.17,9.0,2.0,0.0,0.0,0.0,4.0,7.0,3.0,3.0,1.0,2.0,2.0
0022501158,1628386,2026-04-08,ATL,29.07,16.0,8.0,0.0,2.0,0.0,3.0,9.0,4.0,0.0,0.0,11.0,8.0
0022501145,1628386,2026-04-06,MEM,24.48,13.0,9.0,1.0,1.0,2.0,2.0,7.0,5.0,0.0,0.0,5.0,3.0
0022501117,1628386,2026-04-02,GSW,23.52,16.0,13.0,0.0,1.0,0.0,0.0,10.0,5.0,0.0,0.0,12.0,6.0
0022501103,1628386,2026-03-31,LAL,18.39,18.0,4.0,2.0,1.0,0.0,1.0,11.0,9.0,0.0,0.0,2.0,0.0
0022501068,1628386,2026-03-27,MIA,18.15,18.0,10.0,0.0,0.0,1.0,0.0,10.0,8.0,0.0,0.0,2.0,2.0
0022500884,1628386,2026-03-03,DET,20.32,8.0,3.0,0.0,1.0,0.0,1.0,7.0,4.0,0.0,0.0,2.0,0.0
0022500869,1628386,2026-03-01,BKN,31.48,20.0,6.0,1.0,2.0,0.0,2.0,12.0,7.0,0.0,0.0,8.0,6.0
0022500858,1628386,2026-02-27,DET,31.28,25.0,9.0,4.0,0.0,1.0,1.0,12.0,10.0,0.0,0.0,8.0,5.0
0022500846,1628386,2026-02-25,MIL,32.19,27.0,11.0,1.0,2.0,1.0,1.0,15.0,10.0,0.0,0.0,8.0,7.0
0022500835,1628386,2026-02-24,NYK,28.49,19.0,10.0,1.0,1.0,2.0,1.0,8.0,7.0,0.0,0.0,7.0,5.0
0022501189,1628389,2026-04-12,ATL,29.14,25.0,10.0,3.0,3.0,2.0,0.0,18.0,11.0,4.0,1.0,4.0,2.0
0022501172,1628389,2026-04-10,WAS,38.28,20.0,11.0,8.0,1.0,1.0,2.0,14.0,7.0,6.0,3.0,3.0,3.0
0022501165,1628389,2026-04-09,TOR,37.29,24.0,11.0,8.0,1.0,1.0,1.0,14.0,9.0,4.0,2.0,5.0,4.0
0022501151,1628389,2026-04-07,TOR,36.3,7.0,9.0,3.0,1.0,0.0,0.0,13.0,2.0,7.0,1.0,2.0,2.0
0022501129,1628389,2026-04-04,WAS,24.11,14.0,9.0,7.0,1.0,0.0,2.0,6.0,3.0,4.0,2.0,7.0,6.0
0022501106,1628389,2026-04-01,BOS,37.51,29.0,10.0,2.0,2.0,0.0,3.0,21.0,10.0,10.0,5.0,8.0,4.0
0022501091,1628389,2026-03-30,PHI,41.58,23.0,16.0,6.0,1.0,0.0,2.0,11.0,5.0,4.0,1.0,13.0,12.0
0022501083,1628389,2026-03-29,IND,32.57,15.0,12.0,3.0,0.0,1.0,1.0,16.0,6.0,3.0,0.0,4.0,3.0
0022501068,1628389,2026-03-27,CLE,30.41,14.0,16.0,3.0,1.0,1.0,2.0,14.0,3.0,8.0,1.0,8.0,7.0
0022501055,1628389,2026-03-25,CLE,33.09,17.0,10.0,7.0,2.0,0.0,1.0,19.0,6.0,9.0,1.0,5.0,4.0
0022501163,1628392,2026-04-08,LAC,19.31,10.0,7.0,1.0,0.0,1.0,0.0,5.0,4.0,0.0,0.0,2.0,2.0
0022501155,1628392,2026-04-07,LAL,10.19,0.0,5.0,2.0,1.0,0.0,1.0,1.0,0.0,0.0,0.0,0.0,0.0
0022501139,1628392,2026-04-05,UTA,18.58,10.0,8.0,3.0,0.0,1.0,1.0,5.0,4.0,0.0,0.0,2.0,2.0
0022501116,1628392,2026-04-02,LAL,20.14,7.0,6.0,2.0,2.0,2.0,0.0,4.0,3.0,0.0,0.0,2.0,1.0
0022501089,1628392,2026-03-29,NYK,24.04,6.0,13.0,1.0,1.0,0.0,2.0,6.0,3.0,0.0,0.0,0.0,0.0
0022501070,1628392,2026-03-27,CHI,24.14,6.0,16.0,3.0,2.0,0.0,3.0,5.0,2.0,0.0,0.0,3.0,2.0
0022501054,1628392,2026-03-25,BOS,22.18,6.0,5.0,2.0,3.0,0.0,0.0,6.0,3.0,0.0,0.0,0.0,0.0
0022501040,1628392,2026-03-23,PHI,21.48,10.0,12.0,5.0,1.0,1.0,3.0,7.0,5.0,1.0,0.0,0.0,0.0
0022501022,1628392,2026-03-21,WAS,25.03,9.0,20.0,10.0,2.0,0.0,2.0,7.0,4.0,0.0,0.0,4.0,1.0
0022500992,1628392,2026-03-17,ORL,16.21,0.0,7.0,8.0,0.0,1.0,1.0,2.0,0.0,0.0,0.0,0.0,0.0
0022501189,1628396,2026-04-12,MIA,21.47,4.0,5.0,2.0,0.0,0.0,0.0,6.0,2.0,1.0,0.0,0.0,0.0
0022501173,1628396,2026-04-10,CLE,9.04,7.0,2.0,0.0,0.0,0.0,0.0,3.0,3.0,1.0,1.0,0.0,0.0
0022501143,1628396,2026-04-06,NYK,3.34,0.0,2.0,0.0,0.0,0.0,1.0,2.0,0.0,0.0,0.0,0.0,0.0
0022500621,1628396,2026-01-21,BOS,6.18,2.0,3.0,0.0,1.0,0.0,0.0,5.0,1.0,0.0,0.0,0.0,0.0
0022500609,1628396,2026-01-19,PHI,17.6,8.0,7.0,0.0,0.0,0.0,1.0,5.0,4.0,0.0,0.0,0.0,0.0
0022500595,1628396,2026-01-17,DET,17.42,12.0,3.0,1.0,1.0,0.0,2.0,6.0,5.0,1.0,1.0,1.0,1.0
0022500588,1628396,2026-01-16,NOP,18.45,3.0,9.0,3.0,0.0,2.0,0.0,4.0,1.0,0.0,0.0,2.0,1.0
0022500571,1628396,2026-01-14,TOR,19.36,2.0,4.0,0.0,0.0,0.0,0.0,0.0,0.0,0.0,0.0,2.0,2.0
0022500559,1628396,2026-01-12,BOS,5.41,0.0,0.0,0.0,0.0,0.0,0.0,0.0,0.0,0.0,0.0,0.0,0.0
0022500543,1628396,2026-01-10,MIA,4.2,3.0,2.0,1.0,0.0,0.0,0.0,3.0,0.0,0.0,0.0,4.0,3.0
0022501179,1628398,2026-04-10,BKN,20.48,8.0,1.0,5.0,0.0,0.0,5.0,4.0,3.0,1.0,1.0,1.0,1.0
0022501135,1628398,2026-04-05,MEM,22.21,4.0,4.0,6.0,1.0,2.0,4.0,3.0,2.0,0.0,0.0,0.0,0.0
0022501126,1628398,2026-04-03,BOS,24.48,14.0,7.0,3.0,0.0,0.0,2.0,14.0,6.0,5.0,2.0,0.0,0.0
0022500652,1628398,2026-03-31,DAL,23.11,20.0,6.0,3.0,3.0,1.0,2.0,17.0,9.0,6.0,0.0,3.0,2.0
0022501031,1628398,2026-03-21,PHX,23.5,20.0,2.0,1.0,0.0,1.0,2.0,12.0,7.0,8.0,3.0,4.0,3.0
0022501014,1628398,2026-03-19,UTA,19.2,11.0,5.0,1.0,1.0,0.0,3.0,7.0,3.0,2.0,0.0,6.0,5.0
0022500995,1628398,2026-03-17,CLE,16.51,3.0,0.0,2.0,0.0,1.0,0.0,6.0,1.0,4.0,1.0,0.0,0.0
0022500979,1628398,2026-03-15,IND,35.46,8.0,3.0,8.0,2.0,1.0,1.0,7.0,3.0,6.0,2.0,0.0,0.0
0022500970,1628398,2026-03-14,ATL,24.02,11.0,4.0,1.0,1.0,0.0,5.0,8.0,5.0,3.0,0.0,2.0,1.0
0022500957,1628398,2026-03-12,MIA,20.07,5.0,3.0,1.0,2.0,0.0,2.0,5.0,2.0,4.0,1.0,0.0,0.0
0022501174,1628401,2026-04-10,NOP,15.57,9.0,2.0,5.0,1.0,0.0,1.0,9.0,3.0,9.0,3.0,0.0,0.0
0022501168,1628401,2026-04-09,NYK,37.32,8.0,3.0,1.0,1.0,0.0,0.0,10.0,2.0,6.0,0.0,4.0,4.0
0022501149,1628401,2026-04-07,CHA,36.38,12.0,2.0,3.0,1.0,0.0,1.0,5.0,4.0,5.0,4.0,0.0,0.0
0022501132,1628401,2026-04-05,TOR,34.53,10.0,6.0,6.0,1.0,0.0,1.0,7.0,4.0,3.0,2.0,0.0,0.0
0022501126,1628401,2026-04-03,MIL,31.29,17.0,3.0,5.0,0.0,0.0,1.0,11.0,6.0,9.0,5.0,0.0,0.0
0022501106,1628401,2026-04-01,MIA,34.25,6.0,5.0,4.0,0.0,1.0,3.0,4.0,3.0,1.0,0.0,0.0,0.0
0022501092,1628401,2026-03-30,ATL,35.4,7.0,5.0,4.0,1.0,2.0,1.0,12.0,3.0,6.0,1.0,0.0,0.0
0022501067,1628401,2026-03-27,ATL,34.14,10.0,4.0,5.0,0.0,0.0,3.0,13.0,3.0,4.0,0.0,5.0,4.0
0022501054,1628401,2026-03-25,OKC,33.08,12.0,2.0,6.0,0.0,0.0,1.0,11.0,3.0,7.0,2.0,4.0,4.0
0022501035,1628401,2026-03-22,MIN,35.41,15.0,6.0,1.0,3.0,0.0,3.0,15.0,6.0,5.0,1.0,2.0,2.0
0022501176,1628404,2026-04-10,TOR,29.58,3.0,4.0,2.0,2.0,0.0,2.0,2.0,0.0,1.0,0.0,4.0,3.0
0022501168,1628404,2026-04-09,BOS,34.3,26.0,1.0,3.0,1.0,0.0,3.0,15.0,10.0,7.0,5.0,2.0,1.0
0022501143,1628404,2026-04-06,ATL,30.33,2.0,5.0,3.0,0.0,0.0,2.0,3.0,1.0,2.0,0.0,0.0,0.0
0022501123,1628404,2026-04-03,CHI,28.12,7.0,11.0,4.0,0.0,0.0,1.0,5.0,3.0,0.0,0.0,2.0,1.0
0022501003,1628404,2026-04-01,MEM,24.55,5.0,6.0,6.0,1.0,0.0,3.0,4.0,2.0,2.0,1.0,0.0,0.0
0022501102,1628404,2026-03-31,HOU,28.32,13.0,5.0,2.0,0.0,0.0,3.0,12.0,5.0,6.0,1.0,2.0,2.0
0022501089,1628404,2026-03-29,OKC,33.46,15.0,6.0,3.0,2.0,0.0,1.0,9.0,5.0,7.0,5.0,0.0,0.0
0022501063,1628404,2026-03-26,CHA,39.23,16.0,7.0,4.0,5.0,0.0,1.0,11.0,7.0,4.0,2.0,0.0,0.0
0022501048,1628404,2026-03-24,NOP,37.56,10.0,8.0,3.0,0.0,0.0,1.0,8.0,3.0,0.0,0.0,5.0,4.0
0022501034,1628404,2026-03-22,WAS,27.32,16.0,6.0,4.0,2.0,0.0,2.0,9.0,5.0,3.0,3.0,3.0,3.0
0022501185,1628415,2026-04-10,LAL,21.09,12.0,2.0,1.0,1.0,0.0,3.0,14.0,5.0,4.0,0.0,4.0,2.0
0022501164,1628415,2026-04-08,DAL,33.23,28.0,5.0,3.0,1.0,0.0,0.0,22.0,11.0,5.0,4.0,4.0,2.0
0022501157,1628415,2026-04-07,HOU,32.54,10.0,3.0,1.0,1.0,0.0,2.0,12.0,3.0,7.0,1.0,4.0,3.0
0022501134,1628415,2026-04-05,CHI,33.28,15.0,4.0,3.0,2.0,1.0,2.0,15.0,6.0,4.0,1.0,2.0,2.0
0022501114,1628415,2026-04-02,CHA,28.41,13.0,1.0,3.0,0.0,0.0,1.0,12.0,5.0,5.0,3.0,0.0,0.0
0022501099,1628415,2026-03-31,ORL,21.45,9.0,5.0,0.0,0.0,0.0,1.0,13.0,4.0,3.0,1.0,0.0,0.0
0022500811,1628415,2026-02-21,ORL,7.14,5.0,3.0,0.0,0.0,0.0,0.0,7.0,2.0,3.0,1.0,0.0,0.0
0022500785,1628415,2026-02-11,OKC,24.23,23.0,5.0,4.0,2.0,0.0,3.0,19.0,9.0,5.0,1.0,5.0,4.0
0022500773,1628415,2026-02-10,DAL,31.25,23.0,4.0,1.0,0.0,0.0,2.0,26.0,11.0,10.0,1.0,0.0,0.0
0022500754,1628415,2026-02-07,PHI,35.45,28.0,2.0,2.0,1.0,0.0,0.0,23.0,11.0,10.0,2.0,4.0,4.0
0022501136,1628418,2026-04-05,IND,26.14,14.0,10.0,2.0,0.0,1.0,0.0,9.0,6.0,4.0,2.0,0.0,0.0
0022501117,1628418,2026-04-02,GSW,14.09,3.0,3.0,0.0,0.0,0.0,0.0,2.0,1.0,1.0,1.0,0.0,0.0
0022501103,1628418,2026-03-31,LAL,24.39,14.0,6.0,0.0,0.0,1.0,0.0,7.0,5.0,4.0,3.0,2.0,1.0
0022501096,1628418,2026-03-30,UTA,18.21,2.0,7.0,0.0,1.0,0.0,3.0,3.0,1.0,2.0,0.0,0.0,0.0
0022501068,1628418,2026-03-27,MIA,14.02,11.0,4.0,0.0,0.0,0.0,2.0,10.0,5.0,4.0,1.0,0.0,0.0
0022501055,1628418,2026-03-25,MIA,16.03,4.0,5.0,0.0,0.0,0.0,1.0,7.0,2.0,1.0,0.0,0.0,0.0
0022501049,1628418,2026-03-24,ORL,13.14,9.0,6.0,1.0,2.0,0.0,1.0,4.0,4.0,0.0,0.0,1.0,1.0
0022501025,1628418,2026-03-21,NOP,14.44,11.0,8.0,1.0,0.0,1.0,1.0,7.0,5.0,1.0,0.0,2.0,1.0
0022501011,1628418,2026-03-19,CHI,15.56,5.0,4.0,0.0,0.0,0.0,0.0,5.0,2.0,2.0,1.0,2.0,0.0
0022500995,1628418,2026-03-17,MIL,10.19,5.0,0.0,0.0,0.0,0.0,1.0,4.0,2.0,3.0,1.0,0.0,0.0
0022500242,1628420,2025-11-17,DET,2.11,2.0,0.0,0.0,0.0,0.0,1.0,1.0,1.0,0.0,0.0,0.0,0.0
0022500230,1628420,2025-11-15,TOR,4.32,1.0,1.0,1.0,0.0,0.0,0.0,1.0,0.0,1.0,0.0,2.0,1.0
0022500226,1628420,2025-11-13,PHX,10.15,2.0,1.0,1.0,0.0,0.0,0.0,3.0,1.0,1.0,0.0,0.0,0.0
0022500211,1628420,2025-11-11,UTA,12.23,2.0,1.0,3.0,0.0,1.0,1.0,5.0,1.0,1.0,0.0,0.0,0.0
0022500196,1628420,2025-11-09,GSW,20.18,8.0,2.0,4.0,0.0,0.0,0.0,5.0,3.0,3.0,2.0,0.0,0.0
0022500189,1628420,2025-11-08,DEN,14.58,3.0,2.0,0.0,1.0,0.0,0.0,5.0,1.0,2.0,0.0,2.0,1.0
0022501180,1628436,2026-04-10,DAL,18.11,2.0,7.0,1.0,1.0,0.0,1.0,2.0,1.0,0.0,0.0,0.0,0.0
0022501161,1628436,2026-04-08,POR,26.01,10.0,5.0,6.0,2.0,1.0,0.0,6.0,5.0,0.0,0.0,0.0,0.0
0022501146,1628436,2026-04-06,PHI,22.29,10.0,3.0,1.0,0.0,0.0,0.0,6.0,4.0,0.0,0.0,2.0,2.0
0022501130,1628436,2026-04-04,DEN,13.24,0.0,5.0,1.0,1.0,0.0,0.0,1.0,0.0,0.0,0.0,0.0,0.0
0022501119,1628436,2026-04-02,LAC,25.04,8.0,6.0,5.0,0.0,0.0,0.0,3.0,2.0,0.0,0.0,4.0,4.0
0022501094,1628436,2026-03-30,CHI,19.14,10.0,5.0,1.0,0.0,0.0,0.0,5.0,4.0,0.0,0.0,2.0,2.0
0022501076,1628436,2026-03-28,MIL,21.24,2.0,1.0,0.0,1.0,0.0,1.0,2.0,1.0,0.0,0.0,0.0,0.0
0022501041,1628436,2026-03-23,MIA,19.07,5.0,8.0,1.0,0.0,1.0,0.0,4.0,1.0,0.0,0.0,4.0,3.0
0022501028,1628436,2026-03-21,IND,21.31,9.0,8.0,4.0,0.0,1.0,0.0,6.0,4.0,0.0,0.0,2.0,1.0
0022501013,1628436,2026-03-19,PHX,15.25,1.0,4.0,0.0,0.0,0.0,0.0,2.0,0.0,0.0,0.0,2.0,1.0
0022500689,1628449,2026-01-30,SAC,3.31,3.0,0.0,0.0,0.0,0.0,0.0,3.0,1.0,3.0,1.0,0.0,0.0
0022500277,1628449,2025-11-23,ORL,14.2,1.0,1.0,1.0,1.0,2.0,0.0,0.0,0.0,0.0,0.0,2.0,1.0
0022500216,1628449,2025-11-12,MEM,12.47,2.0,7.0,0.0,0.0,0.0,0.0,3.0,1.0,2.0,0.0,0.0,0.0
0022500158,1628449,2025-11-03,UTA,7.16,5.0,1.0,0.0,1.0,0.0,0.0,3.0,2.0,2.0,1.0,0.0,0.0
0022500146,1628449,2025-11-01,HOU,12.45,4.0,0.0,0.0,1.0,0.0,0.0,6.0,2.0,2.0,0.0,0.0,0.0
0022500117,1628449,2025-10-27,NOP,3.01,0.0,0.0,0.0,0.0,0.0,1.0,1.0,0.0,1.0,0.0,0.0,0.0
0022500106,1628449,2025-10-26,DET,9.14,0.0,1.0,1.0,0.0,1.0,0.0,2.0,0.0,1.0,0.0,0.0,0.0
0022500018,1628449,2025-10-24,NYK,15.25,0.0,4.0,0.0,1.0,4.0,0.0,3.0,0.0,2.0,0.0,0.0,0.0
0022500083,1628449,2025-10-22,PHI,15.5,6.0,4.0,1.0,1.0,0.0,0.0,4.0,2.0,2.0,0.0,2.0,2.0
0022501198,1628467,2026-04-12,UTA,15.1,2.0,6.0,0.0,0.0,1.0,2.0,2.0,1.0,0.0,0.0,0.0,0.0
0022501185,1628467,2026-04-10,PHX,11.33,2.0,0.0,0.0,1.0,0.0,0.0,3.0,1.0,1.0,0.0,2.0,0.0
0022501170,1628467,2026-04-09,GSW,5.21,0.0,1.0,0.0,0.0,0.0,0.0,1.0,0.0,0.0,0.0,0.0,0.0
0022501155,1628467,2026-04-07,OKC,13.1,2.0,1.0,1.0,0.0,0.0,1.0,2.0,1.0,1.0,0.0,0.0,0.0
0022501140,1628467,2026-04-05,DAL,12.42,2.0,1.0,3.0,1.0,0.0,0.0,2.0,1.0,1.0,0.0,0.0,0.0
0022501116,1628467,2026-04-02,OKC,8.03,0.0,4.0,0.0,1.0,0.0,0.0,1.0,0.0,1.0,0.0,0.0,0.0
0022501052,1628467,2026-03-25,IND,11.23,2.0,4.0,1.0,2.0,0.0,1.0,2.0,1.0,0.0,0.0,2.0,0.0
0022501038,1628467,2026-03-23,DET,0.09,0.0,0.0,0.0,0.0,0.0,0.0,0.0,0.0,0.0,0.0,0.0,0.0
0022500922,1628467,2026-03-08,NYK,9.59,0.0,0.0,0.0,1.0,0.0,0.0,0.0,0.0,0.0,0.0,0.0,0.0
0022500878,1628467,2026-03-01,SAC,13.3,6.0,6.0,0.0,0.0,1.0,0.0,3.0,3.0,0.0,0.0,0.0,0.0
0022500693,1628502,2026-01-30,CLE,2.42,0.0,0.0,0.0,0.0,0.0,1.0,0.0,0.0,0.0,0.0,0.0,0.0
0022500685,1628502,2026-01-29,DET,2.18,0.0,2.0,0.0,0.0,0.0,0.0,0.0,0.0,0.0,0.0,0.0,0.0
0022500669,1628502,2026-01-27,BKN,7.16,1.0,1.0,0.0,0.0,1.0,0.0,1.0,0.0,0.0,0.0,2.0,1.0
0022500655,1628502,2026-01-25,MIA,2.42,0.0,1.0,0.0,1.0,0.0,0.0,2.0,0.0,1.0,0.0,0.0,0.0
0022500555,1628502,2026-01-11,WAS,3.24,2.0,1.0,0.0,0.0,0.0,0.0,1.0,1.0,0.0,0.0,0.0,0.0
0022500483,1628502,2026-01-02,SAC,2.07,0.0,0.0,0.0,0.0,0.0,0.0,0.0,0.0,0.0,0.0,0.0,0.0
0022500465,1628502,2025-12-31,CLE,3.41,5.0,3.0,0.0,0.0,0.0,0.0,2.0,2.0,1.0,1.0,0.0,0.0
0022500448,1628502,2025-12-29,WAS,1.04,0.0,0.0,0.0,0.0,0.0,0.0,0.0,0.0,0.0,0.0,0.0,0.0
0022500418,1628502,2025-12-23,LAL,5.5,0.0,2.0,1.0,0.0,0.0,1.0,2.0,0.0,0.0,0.0,0.0,0.0
0022501203,1628502,2025-12-10,OKC,12.0,0.0,1.0,0.0,0.0,0.0,0.0,2.0,0.0,2.0,0.0,0.0,0.0
0022501185,1628960,2026-04-10,LAL,12.32,8.0,4.0,1.0,1.0,0.0,2.0,7.0,2.0,5.0,1.0,3.0,3.0
0022501157,1628960,2026-04-07,HOU,25.39,8.0,4.0,2.0,1.0,1.0,4.0,4.0,1.0,2.0,0.0,6.0,6.0
0022501134,1628960,2026-04-05,CHI,16.1,6.0,5.0,2.0,3.0,0.0,1.0,2.0,1.0,2.0,1.0,4.0,3.0
0022501114,1628960,2026-04-02,CHA,24.32,13.0,2.0,1.0,0.0,0.0,0.0,10.0,4.0,6.0,2.0,5.0,3.0
0022501099,1628960,2026-03-31,ORL,32.15,10.0,2.0,1.0,0.0,0.0,2.0,14.0,4.0,10.0,2.0,0.0,0.0
0022501081,1628960,2026-03-28,UTA,20.41,19.0,3.0,3.0,2.0,0.0,2.0,16.0,7.0,11.0,4.0,1.0,1.0
0022501050,1628960,2026-03-24,DEN,23.12,21.0,5.0,3.0,1.0,0.0,0.0,19.0,8.0,12.0,5.0,0.0,0.0
0022500986,1628960,2026-03-16,BOS,21.42,13.0,1.0,2.0,0.0,0.0,0.0,7.0,3.0,6.0,2.0,6.0,5.0
0022500963,1628960,2026-03-13,TOR,29.25,15.0,2.0,6.0,1.0,0.0,1.0,7.0,3.0,4.0,1.0,10.0,8.0
0022500941,1628960,2026-03-10,MIL,25.58,12.0,3.0,3.0,0.0,0.0,1.0,8.0,4.0,5.0,2.0,3.0,2.0
0022501180,1628963,2026-04-10,SAS,8.09,2.0,1.0,1.0,0.0,0.0,0.0,4.0,1.0,2.0,0.0,0.0,0.0
0022501164,1628963,2026-04-08,PHX,26.17,20.0,8.0,2.0,0.0,1.0,2.0,11.0,8.0,6.0,3.0,2.0,1.0
0022501156,1628963,2026-04-07,LAC,26.03,21.0,9.0,1.0,1.0,2.0,0.0,11.0,8.0,1.0,1.0,4.0,4.0
0022501140,1628963,2026-04-05,LAL,21.29,9.0,4.0,0.0,1.0,1.0,0.0,7.0,4.0,1.0,1.0,0.0,0.0
0022501074,1628963,2026-03-27,POR,27.15,26.0,9.0,3.0,1.0,1.0,1.0,14.0,11.0,5.0,3.0,4.0,1.0
0022501059,1628963,2026-03-25,DEN,17.24,7.0,3.0,3.0,0.0,0.0,0.0,8.0,3.0,2.0,0.0,2.0,1.0
0022501044,1628963,2026-03-23,GSW,14.3,9.0,0.0,3.0,0.0,0.0,1.0,4.0,3.0,2.0,1.0,3.0,2.0
0022501029,1628963,2026-03-21,LAC,24.34,17.0,7.0,1.0,0.0,0.0,2.0,8.0,7.0,2.0,2.0,3.0,1.0
0022501006,1628963,2026-03-18,ATL,16.0,2.0,7.0,0.0,1.0,0.0,0.0,2.0,1.0,0.0,0.0,0.0,0.0
0022500988,1628963,2026-03-16,NOP,18.5,9.0,9.0,1.0,1.0,0.0,0.0,7.0,4.0,1.0,1.0,0.0,0.0
0022500900,1628964,2026-03-05,WAS,17.05,6.0,12.0,0.0,0.0,0.0,0.0,6.0,3.0,0.0,0.0,0.0,0.0
0022500895,1628964,2026-03-04,PHI,20.52,4.0,8.0,1.0,0.0,2.0,2.0,3.0,2.0,0.0,0.0,0.0,0.0
0022500488,1628964,2026-01-03,ATL,1.33,0.0,2.0,0.0,0.0,0.0,0.0,2.0,0.0,0.0,0.0,0.0,0.0
0022500451,1628964,2025-12-29,ORL,4.18,0.0,0.0,0.0,0.0,1.0,0.0,0.0,0.0,0.0,0.0,0.0,0.0
0022501190,1628969,2026-04-12,CHA,0.23,0.0,0.0,0.0,0.0,0.0,0.0,0.0,0.0,0.0,0.0,0.0,0.0
0022501176,1628969,2026-04-10,TOR,33.05,13.0,1.0,3.0,3.0,0.0,1.0,10.0,5.0,6.0,2.0,1.0,1.0
0022501168,1628969,2026-04-09,BOS,30.52,10.0,2.0,6.0,0.0,0.0,0.0,4.0,4.0,2.0,2.0,0.0,0.0
0022501143,1628969,2026-04-06,ATL,31.57,15.0,5.0,2.0,2.0,1.0,0.0,13.0,7.0,2.0,0.0,2.0,1.0
0022501123,1628969,2026-04-03,CHI,22.41,12.0,2.0,0.0,0.0,0.0,0.0,12.0,4.0,5.0,0.0,4.0,4.0
0022501003,1628969,2026-04-01,MEM,35.52,24.0,2.0,1.0,0.0,1.0,3.0,15.0,9.0,9.0,3.0,3.0,3.0
0022501102,1628969,2026-03-31,HOU,33.43,7.0,3.0,4.0,1.0,0.0,1.0,4.0,3.0,2.0,1.0,0.0,0.0
0022501089,1628969,2026-03-29,OKC,34.14,15.0,1.0,1.0,4.0,0.0,2.0,11.0,6.0,5.0,2.0,2.0,1.0
0022501063,1628969,2026-03-26,CHA,32.0,14.0,0.0,2.0,0.0,0.0,1.0,12.0,6.0,5.0,2.0,0.0,0.0
0022501048,1628969,2026-03-24,NOP,37.28,14.0,2.0,7.0,0.0,1.0,1.0,12.0,5.0,10.0,4.0,0.0,0.0
0022501190,1628970,2026-04-12,NYK,24.14,7.0,1.0,2.0,0.0,0.0,0.0,8.0,3.0,2.0,0.0,2.0,1.0
0022501171,1628970,2026-04-10,DET,23.17,10.0,8.0,3.0,0.0,2.0,0.0,7.0,3.0,4.0,1.0,4.0,3.0
0022501149,1628970,2026-04-07,BOS,31.41,13.0,12.0,4.0,0.0,0.0,1.0,9.0,5.0,4.0,1.0,4.0,2.0
0022501137,1628970,2026-04-05,MIN,33.46,25.0,8.0,7.0,0.0,0.0,2.0,12.0,10.0,4.0,4.0,1.0,1.0
0022501120,1628970,2026-04-03,IND,25.39,19.0,6.0,1.0,0.0,1.0,1.0,16.0,7.0,5.0,3.0,2.0,2.0
0022501114,1628970,2026-04-02,PHX,26.59,25.0,4.0,2.0,1.0,0.0,2.0,16.0,10.0,8.0,4.0,2.0,1.0
0022501100,1628970,2026-03-31,BKN,23.44,19.0,5.0,2.0,4.0,1.0,0.0,12.0,7.0,4.0,1.0,4.0,4.0
0022501085,1628970,2026-03-29,BOS,29.08,14.0,2.0,2.0,0.0,0.0,1.0,9.0,5.0,1.0,0.0,4.0,4.0
0022501077,1628970,2026-03-28,PHI,29.53,11.0,6.0,1.0,0.0,0.0,0.0,9.0,4.0,3.0,1.0,2.0,2.0
0022501063,1628970,2026-03-26,NYK,31.35,17.0,5.0,3.0,0.0,0.0,1.0,17.0,8.0,6.0,0.0,1.0,1.0
0022501197,1628971,2026-04-12,SAS,28.12,14.0,4.0,5.0,1.0,0.0,1.0,8.0,7.0,1.0,0.0,0.0,0.0
0022501182,1628971,2026-04-10,OKC,25.39,10.0,8.0,6.0,2.0,0.0,4.0,9.0,4.0,3.0,2.0,0.0,0.0
0022501162,1628971,2026-04-08,MEM,26.06,13.0,7.0,2.0,2.0,1.0,1.0,7.0,5.0,1.0,0.0,5.0,3.0
0022501147,1628971,2026-04-06,POR,24.1,6.0,5.0,2.0,0.0,0.0,2.0,6.0,1.0,2.0,0.0,4.0,4.0
0022501130,1628971,2026-04-04,SAS,11.02,5.0,2.0,1.0,1.0,0.0,1.0,7.0,2.0,3.0,1.0,0.0,0.0
0022501112,1628971,2026-04-01,UTA,27.13,11.0,3.0,1.0,4.0,1.0,0.0,8.0,4.0,2.0,0.0,4.0,3.0
0022501090,1628971,2026-03-29,GSW,24.41,15.0,1.0,0.0,2.0,0.0,1.0,11.0,6.0,4.0,3.0,0.0,0.0
0022501072,1628971,2026-03-27,UTA,15.12,7.0,3.0,1.0,0.0,0.0,0.0,5.0,3.0,2.0,1.0,0.0,0.0
0022501059,1628971,2026-03-25,DAL,19.6,6.0,2.0,1.0,0.0,0.0,0.0,4.0,2.0,2.0,1.0,2.0,1.0
0022501050,1628971,2026-03-24,PHX,22.39,9.0,9.0,3.0,1.0,0.0,2.0,7.0,4.0,2.0,1.0,0.0,0.0
0022501176,1628973,2026-04-10,TOR,31.2,29.0,3.0,2.0,2.0,0.0,3.0,18.0,12.0,5.0,2.0,3.0,3.0
0022501168,1628973,2026-04-09,BOS,36.52,25.0,1.0,10.0,0.0,0.0,1.0,19.0,10.0,7.0,2.0,4.0,3.0
0022501143,1628973,2026-04-06,ATL,39.15,30.0,3.0,13.0,2.0,0.0,3.0,26.0,11.0,8.0,3.0,7.0,5.0
0022501123,1628973,2026-04-03,CHI,29.51,17.0,1.0,10.0,0.0,0.0,2.0,13.0,6.0,4.0,1.0,4.0,4.0
0022501102,1628973,2026-03-31,HOU,37.02,12.0,6.0,8.0,1.0,0.0,3.0,14.0,5.0,5.0,1.0,2.0,1.0
0022501089,1628973,2026-03-29,OKC,36.49,32.0,5.0,5.0,0.0,0.0,4.0,22.0,13.0,7.0,4.0,4.0,2.0
0022501063,1628973,2026-03-26,CHA,39.48,26.0,2.0,13.0,1.0,0.0,2.0,23.0,10.0,6.0,0.0,6.0,6.0
0022501048,1628973,2026-03-24,NOP,38.41,32.0,1.0,7.0,0.0,0.0,2.0,19.0,11.0,4.0,2.0,9.0,8.0
0022501034,1628973,2026-03-22,WAS,28.21,23.0,0.0,4.0,1.0,0.0,2.0,19.0,9.0,5.0,2.0,3.0,3.0
0022501016,1628973,2026-03-20,BKN,40.38,17.0,5.0,8.0,2.0,0.0,3.0,19.0,7.0,6.0,1.0,4.0,2.0
0022501186,1628975,2026-04-12,BOS,14.36,3.0,2.0,0.0,1.0,0.0,1.0,3.0,1.0,3.0,1.0,0.0,0.0
0022501177,1628975,2026-04-10,CHI,21.28,7.0,1.0,2.0,1.0,0.0,1.0,5.0,3.0,1.0,1.0,0.0,0.0
0022501159,1628975,2026-04-08,MIN,15.2,11.0,0.0,2.0,0.0,0.0,0.0,4.0,4.0,3.0,3.0,0.0,0.0
0022501144,1628975,2026-04-06,DET,19.15,0.0,4.0,3.0,3.0,1.0,1.0,3.0,0.0,2.0,0.0,0.0,0.0
0022501138,1628975,2026-04-05,NOP,20.46,11.0,5.0,1.0,0.0,0.0,0.0,9.0,5.0,3.0,1.0,0.0,0.0
0022501127,1628975,2026-04-03,DAL,19.36,5.0,1.0,4.0,1.0,0.0,0.0,4.0,2.0,2.0,1.0,0.0,0.0
0022501107,1628975,2026-04-01,ATL,15.32,3.0,0.0,2.0,1.0,0.0,1.0,3.0,1.0,2.0,1.0,0.0,0.0
0022501099,1628975,2026-03-31,PHX,22.07,0.0,0.0,1.0,1.0,0.0,1.0,6.0,0.0,5.0,0.0,0.0,0.0
0022501086,1628975,2026-03-29,TOR,24.59,7.0,1.0,3.0,2.0,0.0,2.0,8.0,3.0,5.0,1.0,0.0,0.0
0022501065,1628975,2026-03-26,SAC,13.31,7.0,0.0,0.0,0.0,0.0,1.0,4.0,3.0,1.0,1.0,0.0,0.0
0022501186,1628976,2026-04-12,BOS,31.04,3.0,8.0,2.0,0.0,2.0,2.0,5.0,0.0,2.0,0.0,4.0,3.0
0022501177,1628976,2026-04-10,CHI,25.22,11.0,6.0,0.0,0.0,1.0,0.0,7.0,4.0,1.0,0.0,4.0,3.0
0022501159,1628976,2026-04-08,MIN,19.38,4.0,7.0,1.0,0.0,1.0,1.0,5.0,2.0,1.0,0.0,2.0,0.0
0022501144,1628976,2026-04-06,DET,18.27,12.0,3.0,3.0,1.0,0.0,1.0,4.0,2.0,2.0,1.0,8.0,7.0
0022501138,1628976,2026-04-05,NOP,31.45,13.0,5.0,1.0,0.0,0.0,1.0,7.0,6.0,1.0,0.0,4.0,1.0
0022501127,1628976,2026-04-03,DAL,35.51,28.0,6.0,3.0,0.0,0.0,2.0,16.0,8.0,3.0,2.0,10.0,10.0
0022501107,1628976,2026-04-01,ATL,25.05,14.0,6.0,0.0,1.0,1.0,1.0,9.0,6.0,2.0,0.0,2.0,2.0
0022501099,1628976,2026-03-31,PHX,28.26,15.0,12.0,0.0,2.0,0.0,6.0,7.0,4.0,1.0,1.0,7.0,6.0
0022501086,1628976,2026-03-29,TOR,25.49,4.0,4.0,1.0,0.0,0.0,1.0,2.0,1.0,1.0,0.0,2.0,2.0
0022501065,1628976,2026-03-26,SAC,35.23,10.0,11.0,0.0,1.0,1.0,2.0,8.0,3.0,2.0,0.0,6.0,4.0
0022501195,1628978,2026-04-12,NOP,7.32,3.0,1.0,3.0,0.0,0.0,0.0,5.0,1.0,5.0,1.0,0.0,0.0
0022501178,1628978,2026-04-10,HOU,29.05,18.0,4.0,2.0,1.0,2.0,1.0,12.0,6.0,8.0,3.0,6.0,3.0
0022501159,1628978,2026-04-08,ORL,21.04,12.0,0.0,2.0,0.0,0.0,1.0,7.0,4.0,7.0,4.0,0.0,0.0
0022501152,1628978,2026-04-07,IND,30.44,11.0,6.0,4.0,1.0,0.0,1.0,12.0,4.0,10.0,3.0,0.0,0.0
0022501137,1628978,2026-04-05,CHA,27.0,6.0,1.0,3.0,2.0,0.0,2.0,9.0,2.0,8.0,2.0,0.0,0.0
0022501121,1628978,2026-04-03,PHI,28.51,11.0,0.0,1.0,0.0,0.0,0.0,11.0,3.0,9.0,3.0,3.0,2.0
0022501115,1628978,2026-04-02,DET,29.52,5.0,1.0,1.0,0.0,1.0,1.0,8.0,2.0,7.0,1.0,0.0,0.0
0022501095,1628978,2026-03-30,DAL,29.4,15.0,3.0,2.0,1.0,1.0,2.0,11.0,5.0,9.0,5.0,0.0,0.0
0022501080,1628978,2026-03-28,DET,33.04,22.0,3.0,2.0,0.0,2.0,1.0,18.0,7.0,14.0,5.0,4.0,3.0
0022501058,1628978,2026-03-25,HOU,36.19,17.0,3.0,2.0,2.0,0.0,2.0,15.0,6.0,12.0,5.0,0.0,0.0
0022501163,1628983,2026-04-08,LAC,30.17,20.0,1.0,11.0,1.0,1.0,3.0,17.0,9.0,6.0,2.0,1.0,0.0
0022501155,1628983,2026-04-07,LAL,28.02,25.0,1.0,8.0,2.0,0.0,3.0,15.0,10.0,2.0,2.0,3.0,3.0
0022501139,1628983,2026-04-05,UTA,23.37,20.0,4.0,7.0,1.0,0.0,3.0,10.0,7.0,3.0,2.0,5.0,4.0
0022501116,1628983,2026-04-02,LAL,29.47,28.0,7.0,7.0,0.0,0.0,1.0,25.0,12.0,4.0,1.0,3.0,3.0
0022501097,1628983,2026-03-30,DET,40.32,47.0,5.0,3.0,2.0,0.0,4.0,19.0,12.0,3.0,2.0,25.0,21.0
0022501089,1628983,2026-03-29,NYK,36.49,30.0,3.0,4.0,1.0,0.0,4.0,18.0,8.0,3.0,1.0,16.0,13.0
0022501070,1628983,2026-03-27,CHI,29.29,25.0,2.0,5.0,0.0,3.0,1.0,24.0,8.0,10.0,0.0,12.0,9.0
0022501054,1628983,2026-03-25,BOS,36.58,33.0,2.0,8.0,2.0,0.0,2.0,12.0,10.0,4.0,3.0,12.0,10.0
0022501040,1628983,2026-03-23,PHI,29.03,22.0,5.0,5.0,1.0,2.0,5.0,13.0,9.0,4.0,1.0,3.0,3.0
0022501022,1628983,2026-03-21,WAS,31.49,40.0,3.0,7.0,1.0,0.0,3.0,27.0,17.0,2.0,1.0,8.0,5.0
0022501194,1628988,2026-04-12,MEM,19.48,7.0,3.0,2.0,2.0,0.0,1.0,4.0,2.0,4.0,2.0,2.0,1.0
0022501178,1628988,2026-04-10,MIN,5.48,0.0,1.0,0.0,0.0,0.0,0.0,0.0,0.0,0.0,0.0,0.0,0.0
0022501169,1628988,2026-04-09,PHI,14.06,7.0,3.0,1.0,1.0,0.0,0.0,5.0,3.0,3.0,1.0,0.0,0.0
0022501157,1628988,2026-04-07,PHX,21.2,12.0,0.0,0.0,1.0,0.0,1.0,6.0,4.0,4.0,2.0,2.0,2.0
0022501142,1628988,2026-04-05,GSW,22.07,6.0,2.0,4.0,0.0,1.0,1.0,3.0,2.0,3.0,2.0,0.0,0.0
0022501124,1628988,2026-04-03,UTA,17.32,6.0,2.0,3.0,1.0,0.0,1.0,5.0,2.0,4.0,2.0,0.0,0.0
0022501110,1628988,2026-04-01,MIL,13.26,3.0,1.0,0.0,0.0,0.0,0.0,3.0,1.0,3.0,1.0,0.0,0.0
0022501102,1628988,2026-03-31,NYK,6.23,0.0,0.0,0.0,0.0,0.0,0.0,2.0,0.0,2.0,0.0,0.0,0.0
0022501088,1628988,2026-03-29,NOP,25.1,9.0,3.0,2.0,0.0,0.0,1.0,8.0,3.0,7.0,3.0,0.0,0.0
0022501069,1628988,2026-03-27,MEM,14.45,6.0,1.0,0.0,0.0,0.0,0.0,3.0,2.0,3.0,2.0,0.0,0.0
0022501188,1628989,2026-04-12,IND,20.25,15.0,2.0,3.0,3.0,0.0,0.0,10.0,5.0,7.0,3.0,2.0,2.0
0022501171,1628989,2026-04-10,CHA,15.58,5.0,3.0,3.0,1.0,1.0,0.0,5.0,2.0,3.0,1.0,0.0,0.0
0022501144,1628989,2026-04-06,ORL,31.44,17.0,3.0,5.0,4.0,0.0,4.0,14.0,7.0,7.0,3.0,0.0,0.0
0022501131,1628989,2026-04-04,PHI,25.13,5.0,5.0,6.0,0.0,0.0,2.0,9.0,2.0,6.0,1.0,0.0,0.0
0022501115,1628989,2026-04-02,MIN,21.37,12.0,4.0,2.0,0.0,0.0,0.0,6.0,4.0,3.0,2.0,2.0,2.0
0022501101,1628989,2026-03-31,TOR,21.43,8.0,2.0,3.0,1.0,0.0,4.0,6.0,2.0,4.0,2.0,2.0,2.0
0022501097,1628989,2026-03-30,OKC,38.19,17.0,6.0,6.0,1.0,0.0,1.0,16.0,7.0,9.0,3.0,1.0,0.0
0022501080,1628989,2026-03-28,MIN,21.45,11.0,2.0,1.0,1.0,0.0,2.0,11.0,5.0,4.0,1.0,0.0,0.0
0022501064,1628989,2026-03-26,NOP,33.43,22.0,3.0,2.0,1.0,0.0,3.0,14.0,9.0,7.0,4.0,0.0,0.0
0022501051,1628989,2026-03-25,ATL,20.21,8.0,2.0,2.0,2.0,0.0,1.0,9.0,4.0,2.0,0.0,0.0,0.0
0022500786,1628991,2026-02-11,SAC,22.11,23.0,4.0,2.0,1.0,1.0,2.0,13.0,8.0,3.0,1.0,7.0,6.0
0022500763,1628991,2026-02-09,MIA,24.54,22.0,5.0,3.0,2.0,0.0,2.0,19.0,7.0,7.0,2.0,7.0,6.0
0022500750,1628991,2026-02-07,ORL,25.06,22.0,4.0,3.0,3.0,0.0,3.0,17.0,9.0,5.0,2.0,2.0,2.0
0022500714,1628991,2026-02-02,MIN,30.58,30.0,6.0,2.0,0.0,1.0,1.0,17.0,8.0,6.0,3.0,11.0,11.0
0022500691,1628991,2026-01-30,NOP,33.42,16.0,9.0,2.0,6.0,2.0,2.0,19.0,6.0,10.0,2.0,2.0,2.0
0022500676,1628991,2026-01-28,CHA,33.1,26.0,4.0,4.0,2.0,0.0,2.0,20.0,10.0,9.0,4.0,2.0,2.0
0022500662,1628991,2026-01-26,HOU,32.14,17.0,7.0,1.0,1.0,2.0,1.0,17.0,8.0,5.0,1.0,0.0,0.0
0022500639,1628991,2026-01-23,NOP,32.05,26.0,12.0,3.0,1.0,4.0,2.0,18.0,7.0,8.0,2.0,11.0,10.0
0022500623,1628991,2026-01-21,ATL,32.21,17.0,6.0,2.0,1.0,0.0,5.0,12.0,6.0,4.0,1.0,5.0,4.0
0022500602,1628991,2026-01-18,ORL,30.09,17.0,5.0,0.0,1.0,2.0,2.0,15.0,7.0,4.0,2.0,1.0,1.0
0022500977,1628997,2026-03-15,CLE,7.35,5.0,1.0,0.0,0.0,0.0,1.0,2.0,1.0,1.0,1.0,2.0,2.0
0022500965,1628997,2026-03-13,CLE,15.31,4.0,1.0,2.0,1.0,1.0,1.0,5.0,1.0,3.0,0.0,2.0,2.0
0022501111,1628997,2026-03-12,MEM,14.35,2.0,3.0,1.0,0.0,1.0,1.0,3.0,1.0,1.0,0.0,0.0,0.0
0022500924,1628997,2026-03-08,TOR,15.1,0.0,5.0,0.0,0.0,1.0,1.0,1.0,0.0,0.0,0.0,0.0,0.0
0022500908,1628997,2026-03-06,BOS,16.13,4.0,3.0,0.0,0.0,0.0,1.0,3.0,2.0,1.0,0.0,0.0,0.0
0022500899,1628997,2026-03-05,ORL,11.08,3.0,2.0,0.0,0.0,0.0,0.0,2.0,1.0,1.0,0.0,2.0,1.0
0022500883,1628997,2026-03-03,CHA,25.51,9.0,1.0,0.0,0.0,1.0,1.0,7.0,3.0,2.0,0.0,8.0,3.0
0022500876,1628997,2026-03-01,OKC,30.26,18.0,3.0,0.0,1.0,0.0,1.0,11.0,6.0,5.0,3.0,6.0,3.0
0022500854,1628997,2026-02-26,SAC,20.16,10.0,0.0,2.0,3.0,0.0,0.0,7.0,4.0,2.0,1.0,2.0,1.0
0022500833,1628997,2026-02-24,BKN,22.53,3.0,5.0,2.0,1.0,0.0,0.0,4.0,1.0,1.0,0.0,2.0,1.0
0022500211,1628998,2025-11-11,UTA,5.25,1.0,1.0,0.0,0.0,0.0,0.0,0.0,0.0,0.0,0.0,2.0,1.0
0022500196,1628998,2025-11-09,GSW,27.4,2.0,6.0,2.0,3.0,0.0,4.0,5.0,1.0,1.0,0.0,0.0,0.0
0022500189,1628998,2025-11-08,DEN,14.24,2.0,3.0,0.0,0.0,2.0,0.0,2.0,0.0,2.0,0.0,4.0,2.0
0022500173,1628998,2025-11-05,BKN,7.42,2.0,4.0,0.0,1.0,0.0,0.0,3.0,1.0,2.0,0.0,0.0,0.0
0022501199,1629001,2026-04-12,LAC,19.04,4.0,3.0,2.0,0.0,2.0,1.0,6.0,1.0,3.0,0.0,2.0,2.0
0022501184,1629001,2026-04-10,SAC,28.02,17.0,4.0,3.0,1.0,0.0,2.0,9.0,5.0,6.0,3.0,4.0,4.0
0022501170,1629001,2026-04-09,LAL,14.55,2.0,3.0,2.0,2.0,0.0,2.0,5.0,1.0,3.0,0.0,0.0,0.0
0022501154,1629001,2026-04-07,SAC,28.4,21.0,4.0,5.0,1.0,0.0,1.0,12.0,7.0,6.0,4.0,5.0,3.0
0022501142,1629001,2026-04-05,HOU,22.5,6.0,1.0,4.0,0.0,1.0,1.0,4.0,2.0,4.0,2.0,0.0,0.0
0022501117,1629001,2026-04-02,CLE,25.5,5.0,6.0,3.0,3.0,0.0,2.0,12.0,2.0,5.0,1.0,0.0,0.0
0022501090,1629001,2026-03-29,DEN,25.2,0.0,1.0,3.0,2.0,0.0,2.0,5.0,0.0,3.0,0.0,0.0,0.0
0022501060,1629001,2026-03-25,BKN,27.32,14.0,9.0,3.0,4.0,0.0,4.0,12.0,5.0,5.0,1.0,4.0,3.0
0022501044,1629001,2026-03-23,DAL,22.32,0.0,6.0,5.0,3.0,0.0,7.0,6.0,0.0,3.0,0.0,0.0,0.0
0022501026,1629001,2026-03-21,ATL,21.43,20.0,2.0,4.0,1.0,0.0,1.0,15.0,7.0,7.0,2.0,4.0,4.0
0022501139,1629004,2026-04-05,OKC,23.28,17.0,4.0,1.0,1.0,0.0,3.0,16.0,6.0,14.0,5.0,0.0,0.0
0022501081,1629004,2026-03-28,PHX,9.12,14.0,2.0,1.0,1.0,0.0,0.0,7.0,5.0,5.0,4.0,0.0,0.0
0022500881,1629004,2026-03-02,DEN,25.54,15.0,3.0,2.0,1.0,0.0,1.0,10.0,5.0,8.0,4.0,2.0,1.0
0022500856,1629004,2026-02-26,NOP,15.21,14.0,2.0,3.0,0.0,0.0,0.0,10.0,5.0,7.0,4.0,0.0,0.0
0022500830,1629004,2026-02-23,HOU,10.3,3.0,0.0,1.0,0.0,0.0,0.0,3.0,1.0,2.0,0.0,1.0,1.0
0022500790,1629004,2026-02-12,POR,17.28,14.0,1.0,3.0,1.0,0.0,2.0,8.0,5.0,5.0,4.0,0.0,0.0
0022500735,1629004,2026-02-05,ATL,22.42,14.0,4.0,0.0,0.0,0.0,0.0,10.0,6.0,4.0,2.0,0.0,0.0
0022500717,1629004,2026-02-03,IND,19.47,18.0,3.0,0.0,1.0,0.0,0.0,9.0,7.0,6.0,4.0,0.0,0.0
0022500706,1629004,2026-02-01,TOR,30.01,8.0,1.0,3.0,1.0,0.0,2.0,7.0,2.0,6.0,2.0,2.0,2.0
0022500694,1629004,2026-01-30,BKN,21.06,3.0,2.0,3.0,0.0,0.0,0.0,6.0,1.0,4.0,1.0,0.0,0.0
0022501194,1629006,2026-04-12,MEM,21.53,3.0,4.0,2.0,1.0,1.0,1.0,6.0,1.0,3.0,1.0,0.0,0.0
0022501178,1629006,2026-04-10,MIN,27.1,2.0,1.0,2.0,0.0,2.0,0.0,3.0,0.0,3.0,0.0,2.0,2.0
0022501169,1629006,2026-04-09,PHI,21.14,9.0,11.0,2.0,1.0,0.0,1.0,8.0,4.0,2.0,1.0,0.0,0.0
0022501157,1629006,2026-04-07,PHX,11.53,1.0,3.0,2.0,0.0,0.0,0.0,3.0,0.0,2.0,0.0,2.0,1.0
0022501142,1629006,2026-04-05,GSW,12.23,2.0,2.0,0.0,0.0,0.0,1.0,0.0,0.0,0.0,0.0,2.0,2.0
0022501124,1629006,2026-04-03,UTA,9.55,2.0,0.0,0.0,2.0,0.0,0.0,1.0,1.0,0.0,0.0,0.0,0.0
0022501110,1629006,2026-04-01,MIL,12.57,8.0,1.0,1.0,0.0,0.0,1.0,4.0,3.0,2.0,1.0,2.0,1.0
0022501102,1629006,2026-03-31,NYK,7.07,0.0,0.0,1.0,0.0,0.0,0.0,0.0,0.0,0.0,0.0,0.0,0.0
0022501088,1629006,2026-03-29,NOP,5.28,2.0,1.0,3.0,1.0,0.0,0.0,3.0,1.0,1.0,0.0,0.0,0.0
0022501058,1629006,2026-03-25,MIN,0.56,0.0,0.0,0.0,0.0,0.0,0.0,0.0,0.0,0.0,0.0,0.0,0.0
0022500937,1629008,2026-03-10,DET,22.17,19.0,2.0,1.0,1.0,0.0,3.0,14.0,7.0,6.0,1.0,4.0,4.0
0022500916,1629008,2026-03-07,DET,39.17,30.0,13.0,1.0,2.0,1.0,2.0,25.0,10.0,12.0,3.0,7.0,7.0
0022500901,1629008,2026-03-05,MIA,35.48,27.0,13.0,3.0,2.0,1.0,3.0,24.0,9.0,18.0,7.0,3.0,2.0
0022500886,1629008,2026-03-03,MIA,26.32,9.0,3.0,3.0,0.0,0.0,0.0,17.0,3.0,9.0,0.0,4.0,3.0
0022500869,1629008,2026-03-01,CLE,30.26,26.0,5.0,1.0,3.0,0.0,2.0,17.0,10.0,8.0,5.0,2.0,1.0
0022500859,1629008,2026-02-27,BOS,25.31,18.0,2.0,2.0,2.0,0.0,1.0,12.0,6.0,4.0,2.0,5.0,4.0
0022500851,1629008,2026-02-26,SAS,30.08,25.0,14.0,1.0,0.0,0.0,6.0,22.0,9.0,9.0,3.0,4.0,4.0
0022500833,1629008,2026-02-24,DAL,32.33,26.0,0.0,3.0,0.0,0.0,1.0,16.0,9.0,6.0,2.0,6.0,6.0
0022500818,1629008,2026-02-22,ATL,34.38,18.0,7.0,6.0,0.0,0.0,0.0,19.0,8.0,8.0,1.0,1.0,1.0
0022500808,1629008,2026-02-20,OKC,37.48,22.0,9.0,5.0,2.0,0.0,2.0,16.0,6.0,9.0,1.0,11.0,9.0
0022501168,1629011,2026-04-09,BOS,18.46,7.0,7.0,0.0,3.0,1.0,0.0,4.0,3.0,0.0,0.0,2.0,1.0
0022501143,1629011,2026-04-06,ATL,19.38,8.0,12.0,1.0,2.0,3.0,0.0,6.0,4.0,0.0,0.0,0.0,0.0
0022501123,1629011,2026-04-03,CHI,22.56,17.0,11.0,0.0,2.0,1.0,0.0,7.0,7.0,0.0,0.0,4.0,3.0
0022501102,1629011,2026-03-31,HOU,15.52,5.0,5.0,0.0,1.0,0.0,0.0,4.0,2.0,0.0,0.0,2.0,1.0
0022501089,1629011,2026-03-29,OKC,17.31,3.0,4.0,0.0,0.0,2.0,1.0,3.0,1.0,0.0,0.0,2.0,1.0
0022501063,1629011,2026-03-26,CHA,26.1,4.0,6.0,1.0,1.0,1.0,1.0,2.0,2.0,0.0,0.0,0.0,0.0
0022501048,1629011,2026-03-24,NOP,20.44,11.0,8.0,0.0,1.0,2.0,1.0,5.0,5.0,0.0,0.0,1.0,1.0
0022501034,1629011,2026-03-22,WAS,16.45,10.0,10.0,1.0,0.0,2.0,0.0,5.0,5.0,0.0,0.0,0.0,0.0
0022501016,1629011,2026-03-20,BKN,23.49,3.0,10.0,0.0,1.0,3.0,2.0,2.0,1.0,0.0,0.0,5.0,1.0
0022500994,1629011,2026-03-17,IND,18.44,8.0,8.0,3.0,1.0,0.0,1.0,5.0,4.0,0.0,0.0,1.0,0.0
0022501193,1629012,2026-04-12,DAL,28.24,19.0,3.0,1.0,1.0,0.0,0.0,16.0,8.0,1.0,1.0,2.0,2.0
0022501177,1629012,2026-04-10,ORL,26.4,12.0,2.0,4.0,3.0,0.0,4.0,11.0,5.0,2.0,0.0,5.0,2.0
0022501166,1629012,2026-04-09,WAS,34.2,27.0,3.0,2.0,3.0,0.0,2.0,21.0,12.0,2.0,1.0,2.0,2.0
0022501148,1629012,2026-04-07,WAS,30.18,15.0,9.0,7.0,4.0,0.0,3.0,16.0,5.0,8.0,1.0,4.0,4.0
0022501134,1629012,2026-04-05,PHX,30.44,18.0,9.0,1.0,3.0,0.0,5.0,15.0,5.0,6.0,3.0,6.0,5.0
0022501123,1629012,2026-04-03,NYK,28.3,19.0,2.0,1.0,1.0,0.0,2.0,12.0,6.0,7.0,5.0,2.0,2.0
0022501109,1629012,2026-04-01,IND,26.13,18.0,3.0,4.0,1.0,1.0,1.0,14.0,8.0,5.0,1.0,1.0,1.0
0022501094,1629012,2026-03-30,SAS,27.23,20.0,3.0,3.0,1.0,0.0,1.0,15.0,8.0,6.0,3.0,1.0,1.0
0022501079,1629012,2026-03-28,MEM,30.22,26.0,1.0,2.0,2.0,0.0,2.0,14.0,6.0,6.0,3.0,13.0,11.0
0022501070,1629012,2026-03-27,OKC,29.58,22.0,3.0,3.0,0.0,1.0,0.0,14.0,8.0,7.0,5.0,2.0,1.0
0022501176,1629013,2026-04-10,TOR,28.24,8.0,1.0,1.0,1.0,0.0,0.0,7.0,3.0,5.0,2.0,0.0,0.0
0022501168,1629013,2026-04-09,BOS,18.57,3.0,1.0,1.0,0.0,0.0,1.0,4.0,1.0,3.0,1.0,0.0,0.0
0022501143,1629013,2026-04-06,ATL,21.15,1.0,1.0,1.0,0.0,0.0,0.0,2.0,0.0,1.0,0.0,2.0,1.0
0022501123,1629013,2026-04-03,CHI,12.41,8.0,1.0,1.0,1.0,0.0,0.0,7.0,3.0,4.0,2.0,0.0,0.0
0022501003,1629013,2026-04-01,MEM,30.33,13.0,3.0,1.0,2.0,0.0,1.0,9.0,5.0,5.0,3.0,1.0,0.0
0022501016,1629013,2026-03-20,BKN,21.37,3.0,3.0,1.0,2.0,1.0,0.0,5.0,1.0,4.0,1.0,0.0,0.0
0022500994,1629013,2026-03-17,IND,15.42,2.0,1.0,1.0,0.0,0.0,1.0,5.0,1.0,3.0,0.0,0.0,0.0
0022500981,1629013,2026-03-15,GSW,26.54,10.0,1.0,0.0,2.0,0.0,2.0,10.0,3.0,8.0,2.0,2.0,2.0
0022500962,1629013,2026-03-13,IND,36.34,9.0,5.0,0.0,0.0,0.0,0.0,7.0,2.0,7.0,2.0,5.0,3.0
0022500949,1629013,2026-03-11,UTA,30.32,7.0,3.0,4.0,1.0,0.0,0.0,5.0,3.0,2.0,1.0,0.0,0.0
0022500814,1629014,2026-02-21,DET,12.57,4.0,2.0,0.0,0.0,0.0,1.0,6.0,2.0,1.0,0.0,0.0,0.0
0022500797,1629014,2026-02-19,TOR,31.0,20.0,1.0,1.0,0.0,0.0,2.0,18.0,7.0,11.0,4.0,2.0,2.0
0022500778,1629014,2026-02-11,BOS,27.53,7.0,5.0,1.0,0.0,0.0,2.0,9.0,3.0,6.0,1.0,0.0,0.0
0022500762,1629014,2026-02-09,BKN,33.51,23.0,3.0,7.0,0.0,1.0,5.0,17.0,10.0,9.0,2.0,1.0,1.0
0022500752,1629014,2026-02-07,DEN,32.29,15.0,4.0,6.0,0.0,0.0,0.0,15.0,5.0,10.0,3.0,2.0,2.0
0022500736,1629014,2026-02-05,TOR,31.58,22.0,2.0,3.0,0.0,1.0,3.0,15.0,8.0,13.0,6.0,0.0,0.0
0022500702,1629014,2026-02-01,MIL,24.46,27.0,3.0,1.0,0.0,0.0,0.0,18.0,10.0,10.0,6.0,1.0,1.0
0022500689,1629014,2026-01-30,SAC,26.22,16.0,2.0,1.0,0.0,0.0,0.0,16.0,6.0,10.0,2.0,2.0,2.0
0022500673,1629014,2026-01-28,ATL,18.45,12.0,1.0,1.0,1.0,0.0,2.0,7.0,5.0,4.0,2.0,0.0,0.0
0022500660,1629014,2026-01-26,POR,26.25,12.0,1.0,1.0,2.0,1.0,1.0,12.0,5.0,7.0,2.0,0.0,0.0
0022501160,1629018,2026-04-08,DET,19.03,7.0,0.0,1.0,0.0,0.0,2.0,12.0,3.0,8.0,0.0,1.0,1.0
0022501110,1629018,2026-04-01,HOU,7.28,0.0,0.0,0.0,1.0,0.0,1.0,3.0,0.0,1.0,0.0,0.0,0.0
0022500652,1629018,2026-03-31,DAL,22.39,13.0,3.0,1.0,0.0,0.0,0.0,10.0,4.0,9.0,4.0,2.0,1.0
0022501082,1629018,2026-03-29,LAC,37.17,36.0,2.0,4.0,2.0,0.0,5.0,21.0,12.0,15.0,9.0,4.0,3.0
0022501076,1629018,2026-03-28,SAS,26.08,18.0,1.0,2.0,2.0,0.0,2.0,11.0,8.0,4.0,2.0,0.0,0.0
0022501061,1629018,2026-03-25,POR,18.58,0.0,0.0,0.0,1.0,0.0,0.0,7.0,0.0,4.0,0.0,0.0,0.0
0022501046,1629018,2026-03-23,LAC,31.05,20.0,1.0,1.0,0.0,0.0,1.0,13.0,7.0,10.0,6.0,0.0,0.0
0022501031,1629018,2026-03-21,PHX,23.06,11.0,1.0,0.0,0.0,0.0,0.0,10.0,4.0,6.0,3.0,0.0,0.0
0022501014,1629018,2026-03-19,UTA,17.03,4.0,1.0,1.0,0.0,0.0,0.0,5.0,1.0,5.0,1.0,2.0,1.0
0022500970,1629018,2026-03-14,ATL,13.47,5.0,1.0,0.0,0.0,0.0,0.0,7.0,2.0,5.0,1.0,0.0,0.0
0022501198,1629020,2026-04-12,UTA,16.21,4.0,4.0,2.0,2.0,1.0,1.0,5.0,2.0,2.0,0.0,0.0,0.0
0022501185,1629020,2026-04-10,PHX,18.4,6.0,7.0,1.0,1.0,0.0,0.0,6.0,3.0,2.0,0.0,0.0,0.0
0022501170,1629020,2026-04-09,GSW,25.36,2.0,6.0,5.0,0.0,0.0,4.0,3.0,1.0,2.0,0.0,0.0,0.0
0022501155,1629020,2026-04-07,OKC,4.41,3.0,2.0,1.0,1.0,0.0,1.0,1.0,1.0,1.0,1.0,3.0,0.0
0022501140,1629020,2026-04-05,DAL,11.36,5.0,1.0,1.0,0.0,0.0,0.0,2.0,2.0,1.0,1.0,0.0,0.0
0022501116,1629020,2026-04-02,OKC,12.0,9.0,5.0,3.0,3.0,0.0,0.0,7.0,4.0,2.0,0.0,2.0,1.0
0022501098,1629020,2026-03-30,WAS,23.06,4.0,8.0,1.0,1.0,0.0,1.0,3.0,1.0,1.0,0.0,4.0,2.0
0022501075,1629020,2026-03-27,BKN,10.01,0.0,2.0,0.0,0.0,0.0,0.0,1.0,0.0,0.0,0.0,0.0,0.0
0022501052,1629020,2026-03-25,IND,12.27,5.0,1.0,0.0,1.0,0.0,0.0,2.0,2.0,1.0,1.0,0.0,0.0
0022501038,1629020,2026-03-23,DET,15.29,4.0,4.0,2.0,0.0,0.0,0.0,4.0,2.0,1.0,0.0,0.0,0.0
0022501159,1629021,2026-04-08,MIN,6.38,4.0,4.0,1.0,0.0,0.0,0.0,6.0,2.0,2.0,0.0,0.0,0.0
0022501144,1629021,2026-04-06,DET,3.33,2.0,1.0,1.0,0.0,1.0,0.0,1.0,1.0,0.0,0.0,0.0,0.0
0022501107,1629021,2026-04-01,ATL,7.3,2.0,2.0,0.0,0.0,0.0,1.0,3.0,1.0,0.0,0.0,1.0,0.0
0022501099,1629021,2026-03-31,PHX,4.03,4.0,1.0,1.0,1.0,0.0,1.0,2.0,2.0,0.0,0.0,0.0,0.0
0022501086,1629021,2026-03-29,TOR,12.0,7.0,4.0,1.0,0.0,0.0,0.0,6.0,3.0,2.0,1.0,0.0,0.0
0022501065,1629021,2026-03-26,SAC,4.5,0.0,1.0,0.0,0.0,0.0,0.0,2.0,0.0,1.0,0.0,0.0,0.0
0022501049,1629021,2026-03-24,CLE,4.59,4.0,2.0,0.0,0.0,0.0,0.0,3.0,2.0,1.0,0.0,0.0,0.0
0022501008,1629021,2026-03-19,CHA,18.44,5.0,1.0,1.0,0.0,0.0,0.0,5.0,1.0,3.0,0.0,4.0,3.0
0022500992,1629021,2026-03-17,OKC,12.36,5.0,1.0,0.0,0.0,0.0,1.0,6.0,1.0,3.0,1.0,2.0,2.0
0022500983,1629021,2026-03-16,ATL,14.21,7.0,6.0,1.0,0.0,0.0,0.0,9.0,3.0,5.0,1.0,0.0,0.0
0022501140,1629023,2026-04-05,LAL,29.34,15.0,6.0,0.0,0.0,0.0,2.0,10.0,6.0,6.0,3.0,0.0,0.0
0022501074,1629023,2026-03-27,POR,27.19,5.0,5.0,0.0,0.0,0.0,1.0,6.0,2.0,2.0,1.0,0.0,0.0
0022501059,1629023,2026-03-25,DEN,31.13,19.0,15.0,1.0,0.0,1.0,0.0,15.0,8.0,5.0,1.0,2.0,2.0
0022501044,1629023,2026-03-23,GSW,34.04,9.0,3.0,2.0,3.0,0.0,0.0,8.0,4.0,2.0,0.0,3.0,1.0
0022501029,1629023,2026-03-21,LAC,41.24,21.0,6.0,0.0,1.0,0.0,0.0,14.0,7.0,8.0,3.0,5.0,4.0
0022501006,1629023,2026-03-18,ATL,29.53,23.0,9.0,1.0,0.0,2.0,3.0,14.0,7.0,6.0,2.0,8.0,7.0
0022500988,1629023,2026-03-16,NOP,31.1,18.0,7.0,2.0,1.0,0.0,0.0,13.0,7.0,8.0,4.0,0.0,0.0
0022500977,1629023,2026-03-15,CLE,33.24,20.0,11.0,2.0,5.0,1.0,0.0,16.0,8.0,4.0,3.0,2.0,1.0
0022501111,1629023,2026-03-12,MEM,27.59,12.0,10.0,1.0,0.0,1.0,1.0,12.0,5.0,3.0,0.0,2.0,2.0
0022500939,1629023,2026-03-10,ATL,28.49,7.0,6.0,0.0,1.0,0.0,1.0,11.0,3.0,4.0,0.0,2.0,1.0
0022501196,1629026,2026-04-12,PHX,32.52,13.0,9.0,8.0,0.0,0.0,1.0,12.0,5.0,6.0,2.0,2.0,1.0
0022501182,1629026,2026-04-10,DEN,31.3,15.0,12.0,1.0,2.0,0.0,2.0,22.0,7.0,6.0,1.0,0.0,0.0
0022501163,1629026,2026-04-08,LAC,3.5,0.0,0.0,0.0,0.0,0.0,0.0,0.0,0.0,0.0,0.0,0.0,0.0
0022501155,1629026,2026-04-07,LAL,12.0,2.0,5.0,1.0,0.0,0.0,0.0,7.0,1.0,3.0,0.0,0.0,0.0
0022501139,1629026,2026-04-05,UTA,8.06,8.0,1.0,1.0,0.0,0.0,1.0,3.0,3.0,2.0,2.0,0.0,0.0
0022501116,1629026,2026-04-02,LAL,10.12,7.0,2.0,2.0,0.0,0.0,1.0,4.0,3.0,2.0,1.0,0.0,0.0
0022501097,1629026,2026-03-30,DET,5.41,0.0,4.0,0.0,0.0,0.0,1.0,2.0,0.0,1.0,0.0,0.0,0.0
0022501070,1629026,2026-03-27,CHI,4.15,0.0,1.0,1.0,0.0,0.0,0.0,1.0,0.0,0.0,0.0,0.0,0.0
0022501040,1629026,2026-03-23,PHI,1.5,0.0,0.0,0.0,0.0,0.0,0.0,2.0,0.0,1.0,0.0,0.0,0.0
0022501022,1629026,2026-03-21,WAS,13.31,11.0,3.0,0.0,0.0,0.0,0.0,5.0,4.0,2.0,1.0,4.0,2.0
0022500984,1629027,2026-03-16,GSW,21.11,21.0,2.0,5.0,1.0,1.0,3.0,10.0,7.0,5.0,3.0,5.0,4.0
0022500971,1629027,2026-03-14,BOS,24.28,11.0,4.0,6.0,0.0,0.0,1.0,10.0,5.0,2.0,0.0,2.0,1.0
0022500955,1629027,2026-03-12,ORL,21.14,15.0,3.0,6.0,0.0,0.0,2.0,7.0,5.0,4.0,2.0,3.0,3.0
0022500925,1629027,2026-03-08,NOP,17.44,17.0,4.0,8.0,0.0,0.0,4.0,6.0,4.0,5.0,3.0,8.0,6.0
0022500900,1629027,2026-03-05,UTA,19.02,12.0,2.0,6.0,2.0,0.0,3.0,9.0,4.0,5.0,1.0,6.0,3.0
0022500435,1629027,2025-12-27,NYK,31.23,9.0,0.0,10.0,2.0,0.0,6.0,9.0,2.0,4.0,0.0,5.0,5.0
0022500423,1629027,2025-12-26,MIA,32.01,30.0,2.0,6.0,1.0,0.0,4.0,16.0,8.0,8.0,5.0,9.0,9.0
0022500411,1629027,2025-12-23,CHI,31.0,22.0,1.0,15.0,2.0,0.0,1.0,16.0,7.0,7.0,1.0,9.0,7.0
0022500396,1629027,2025-12-21,CHI,26.21,35.0,1.0,9.0,0.0,0.0,2.0,16.0,10.0,9.0,7.0,9.0,8.0
0022500371,1629027,2025-12-18,CHA,20.09,8.0,1.0,10.0,1.0,0.0,3.0,8.0,3.0,5.0,0.0,2.0,2.0
0022501198,1629028,2026-04-12,UTA,25.37,22.0,10.0,1.0,0.0,3.0,0.0,14.0,10.0,0.0,0.0,2.0,2.0
0022501185,1629028,2026-04-10,PHX,30.08,10.0,5.0,0.0,1.0,1.0,0.0,8.0,4.0,0.0,0.0,2.0,2.0
0022501170,1629028,2026-04-09,GSW,30.39,21.0,5.0,1.0,0.0,1.0,0.0,11.0,9.0,0.0,0.0,4.0,3.0
0022501155,1629028,2026-04-07,OKC,22.5,3.0,3.0,0.0,0.0,1.0,1.0,4.0,1.0,0.0,0.0,2.0,1.0
0022501140,1629028,2026-04-05,DAL,19.26,13.0,4.0,1.0,0.0,1.0,0.0,9.0,5.0,0.0,0.0,4.0,3.0
0022501116,1629028,2026-04-02,OKC,19.41,8.0,1.0,0.0,1.0,0.0,0.0,7.0,4.0,0.0,0.0,0.0,0.0
0022501103,1629028,2026-03-31,CLE,28.04,18.0,9.0,1.0,1.0,1.0,0.0,13.0,8.0,0.0,0.0,3.0,2.0
0022501098,1629028,2026-03-30,WAS,22.26,12.0,7.0,1.0,0.0,3.0,2.0,5.0,5.0,0.0,0.0,2.0,2.0
0022501075,1629028,2026-03-27,BKN,21.56,9.0,7.0,0.0,1.0,3.0,2.0,3.0,3.0,0.0,0.0,4.0,3.0
0022501038,1629028,2026-03-23,DET,26.57,13.0,10.0,0.0,1.0,0.0,1.0,6.0,5.0,0.0,0.0,4.0,3.0
0022501116,1629029,2026-04-02,OKC,25.42,12.0,4.0,7.0,1.0,0.0,6.0,10.0,3.0,7.0,1.0,6.0,5.0
0022501103,1629029,2026-03-31,CLE,33.57,42.0,5.0,12.0,2.0,0.0,0.0,26.0,13.0,13.0,6.0,10.0,10.0
0022501075,1629029,2026-03-27,BKN,38.41,41.0,8.0,3.0,3.0,1.0,5.0,25.0,15.0,10.0,5.0,6.0,6.0
0022501052,1629029,2026-03-25,IND,37.3,43.0,6.0,7.0,1.0,0.0,5.0,30.0,15.0,11.0,4.0,10.0,9.0
0022501038,1629029,2026-03-23,DET,38.49,32.0,7.0,6.0,3.0,0.0,3.0,29.0,11.0,13.0,3.0,8.0,7.0
0022501024,1629029,2026-03-21,ORL,38.11,33.0,5.0,8.0,4.0,1.0,4.0,30.0,12.0,13.0,3.0,9.0,6.0
0022501010,1629029,2026-03-19,MIA,37.36,60.0,7.0,3.0,5.0,0.0,2.0,30.0,18.0,17.0,9.0,19.0,15.0
0022501007,1629029,2026-03-18,HOU,37.41,40.0,9.0,10.0,1.0,0.0,5.0,25.0,12.0,17.0,7.0,14.0,9.0
0022500989,1629029,2026-03-16,HOU,39.34,36.0,6.0,4.0,2.0,0.0,4.0,27.0,14.0,12.0,4.0,5.0,4.0
0022500974,1629029,2026-03-14,DEN,43.01,30.0,11.0,13.0,1.0,3.0,6.0,26.0,10.0,14.0,4.0,9.0,6.0
0022501186,1629048,2026-04-12,BOS,16.22,5.0,7.0,1.0,0.0,0.0,1.0,2.0,2.0,0.0,0.0,2.0,1.0
0022501177,1629048,2026-04-10,CHI,16.37,15.0,11.0,0.0,1.0,2.0,0.0,7.0,6.0,0.0,0.0,3.0,3.0
0022501159,1629048,2026-04-08,MIN,21.44,14.0,15.0,6.0,1.0,0.0,1.0,11.0,6.0,0.0,0.0,2.0,2.0
0022501144,1629048,2026-04-06,DET,24.1,9.0,4.0,1.0,1.0,3.0,2.0,6.0,4.0,0.0,0.0,2.0,1.0
0022501138,1629048,2026-04-05,NOP,16.15,6.0,8.0,1.0,1.0,2.0,2.0,4.0,3.0,0.0,0.0,0.0,0.0
0022501127,1629048,2026-04-03,DAL,12.09,2.0,4.0,2.0,0.0,0.0,0.0,1.0,0.0,0.0,0.0,2.0,2.0
0022501107,1629048,2026-04-01,ATL,15.25,4.0,5.0,1.0,0.0,2.0,3.0,3.0,2.0,0.0,0.0,0.0,0.0
0022501099,1629048,2026-03-31,PHX,14.02,3.0,2.0,1.0,0.0,0.0,1.0,1.0,0.0,0.0,0.0,4.0,3.0
0022501086,1629048,2026-03-29,TOR,10.11,6.0,4.0,0.0,0.0,0.0,2.0,5.0,2.0,0.0,0.0,3.0,2.0
0022501065,1629048,2026-03-26,SAC,12.37,6.0,2.0,0.0,1.0,0.0,2.0,3.0,2.0,0.0,0.0,2.0,2.0
0022501200,1629057,2026-04-12,SAC,22.31,6.0,10.0,1.0,2.0,1.0,0.0,4.0,3.0,0.0,0.0,0.0,0.0
0022501183,1629057,2026-04-10,LAC,17.39,13.0,10.0,0.0,1.0,1.0,1.0,7.0,4.0,2.0,2.0,4.0,3.0
0022501161,1629057,2026-04-08,SAS,12.47,4.0,7.0,1.0,0.0,0.0,2.0,3.0,2.0,0.0,0.0,2.0,0.0
0022501147,1629057,2026-04-06,DEN,22.58,6.0,6.0,3.0,0.0,0.0,1.0,4.0,2.0,0.0,0.0,4.0,2.0
0022501118,1629057,2026-04-02,NOP,23.04,6.0,9.0,1.0,0.0,3.0,0.0,5.0,3.0,0.0,0.0,0.0,0.0
0022501104,1629057,2026-03-31,LAC,18.0,6.0,7.0,1.0,0.0,1.0,1.0,3.0,3.0,0.0,0.0,0.0,0.0
0022501087,1629057,2026-03-29,WAS,14.53,4.0,6.0,1.0,1.0,2.0,0.0,3.0,2.0,0.0,0.0,0.0,0.0
0022501074,1629057,2026-03-27,DAL,10.5,4.0,5.0,0.0,0.0,1.0,0.0,3.0,2.0,0.0,0.0,0.0,0.0
0022501061,1629057,2026-03-25,MIL,13.28,6.0,6.0,0.0,0.0,2.0,1.0,4.0,2.0,0.0,0.0,4.0,2.0
0022501032,1629057,2026-03-22,DEN,18.54,16.0,5.0,1.0,0.0,0.0,0.0,10.0,8.0,1.0,0.0,1.0,0.0
0022501198,1629060,2026-04-12,UTA,28.58,22.0,10.0,0.0,1.0,0.0,0.0,12.0,8.0,5.0,3.0,4.0,3.0
0022501185,1629060,2026-04-10,PHX,30.47,13.0,2.0,3.0,0.0,0.0,2.0,8.0,4.0,3.0,2.0,4.0,3.0
0022501170,1629060,2026-04-09,GSW,29.39,12.0,2.0,2.0,3.0,0.0,0.0,12.0,5.0,4.0,2.0,1.0,0.0
0022501155,1629060,2026-04-07,OKC,25.34,15.0,5.0,1.0,0.0,1.0,2.0,10.0,7.0,1.0,1.0,3.0,0.0
0022501140,1629060,2026-04-05,DAL,39.02,21.0,7.0,1.0,1.0,0.0,0.0,13.0,9.0,5.0,3.0,0.0,0.0
0022501116,1629060,2026-04-02,OKC,18.17,4.0,1.0,0.0,1.0,1.0,0.0,9.0,2.0,3.0,0.0,0.0,0.0
0022501103,1629060,2026-03-31,CLE,18.51,14.0,1.0,0.0,0.0,1.0,0.0,8.0,6.0,3.0,2.0,0.0,0.0
0022501098,1629060,2026-03-30,WAS,25.36,14.0,6.0,0.0,0.0,0.0,0.0,10.0,6.0,3.0,1.0,2.0,1.0
0022501075,1629060,2026-03-27,BKN,26.04,8.0,3.0,0.0,1.0,0.0,0.0,6.0,3.0,2.0,0.0,4.0,2.0
0022501024,1629060,2026-03-21,ORL,15.14,2.0,1.0,0.0,0.0,1.0,0.0,2.0,1.0,0.0,0.0,0.0,0.0
0022501107,1629111,2026-04-01,ORL,14.34,8.0,1.0,1.0,0.0,0.0,1.0,4.0,3.0,2.0,1.0,2.0,1.0
0022501078,1629111,2026-03-28,SAC,34.15,19.0,13.0,4.0,0.0,2.0,1.0,11.0,7.0,3.0,2.0,5.0,3.0
0022501051,1629111,2026-03-25,DET,28.05,5.0,10.0,2.0,0.0,0.0,1.0,5.0,2.0,4.0,1.0,0.0,0.0
0022501037,1629111,2026-03-23,MEM,20.36,11.0,4.0,2.0,0.0,2.0,2.0,10.0,5.0,4.0,1.0,0.0,0.0
0022501026,1629111,2026-03-21,GSW,18.39,7.0,1.0,1.0,3.0,0.0,1.0,7.0,3.0,4.0,1.0,0.0,0.0
0022501018,1629111,2026-03-20,HOU,20.06,6.0,1.0,3.0,2.0,2.0,0.0,9.0,3.0,2.0,0.0,0.0,0.0
0022501006,1629111,2026-03-18,DAL,18.36,5.0,1.0,5.0,0.0,0.0,0.0,3.0,2.0,2.0,1.0,0.0,0.0
0022500983,1629111,2026-03-16,ORL,10.52,8.0,1.0,2.0,0.0,0.0,0.0,4.0,3.0,1.0,1.0,2.0,1.0
0022500970,1629111,2026-03-14,MIL,17.15,10.0,6.0,1.0,0.0,0.0,0.0,7.0,5.0,0.0,0.0,2.0,0.0
0022500956,1629111,2026-03-12,BKN,13.21,4.0,2.0,0.0,0.0,0.0,1.0,5.0,2.0,1.0,0.0,2.0,0.0
0022501188,1629130,2026-04-12,IND,21.43,9.0,2.0,2.0,0.0,0.0,1.0,5.0,4.0,2.0,1.0,0.0,0.0
0022501171,1629130,2026-04-10,CHA,25.42,19.0,3.0,1.0,1.0,0.0,1.0,11.0,6.0,7.0,3.0,6.0,4.0
0022501160,1629130,2026-04-08,MIL,24.23,20.0,1.0,3.0,1.0,0.0,1.0,13.0,8.0,8.0,4.0,0.0,0.0
0022501131,1629130,2026-04-04,PHI,23.24,11.0,2.0,2.0,0.0,0.0,0.0,7.0,4.0,6.0,3.0,0.0,0.0
0022501115,1629130,2026-04-02,MIN,28.42,15.0,4.0,3.0,1.0,0.0,2.0,11.0,5.0,7.0,3.0,2.0,2.0
0022501101,1629130,2026-03-31,TOR,29.02,19.0,1.0,2.0,1.0,0.0,1.0,9.0,6.0,8.0,5.0,3.0,2.0
0022501080,1629130,2026-03-28,MIN,24.14,10.0,2.0,2.0,0.0,0.0,0.0,6.0,3.0,4.0,2.0,3.0,2.0
0022501051,1629130,2026-03-25,ATL,31.52,17.0,7.0,4.0,0.0,0.0,0.0,12.0,6.0,10.0,5.0,0.0,0.0
0022501038,1629130,2026-03-23,LAL,27.38,12.0,0.0,2.0,0.0,0.0,2.0,10.0,4.0,9.0,4.0,0.0,0.0
0022501017,1629130,2026-03-20,GSW,29.04,11.0,1.0,2.0,2.0,0.0,0.0,9.0,4.0,6.0,2.0,2.0,1.0
0022501197,1629162,2026-04-12,DEN,1.47,2.0,1.0,1.0,0.0,0.0,0.0,1.0,1.0,0.0,0.0,0.0,0.0
0022501180,1629162,2026-04-10,DAL,5.38,3.0,2.0,0.0,1.0,0.0,0.0,2.0,1.0,1.0,1.0,0.0,0.0
0022501161,1629162,2026-04-08,POR,8.35,2.0,2.0,0.0,0.0,0.0,0.0,1.0,0.0,0.0,0.0,2.0,2.0
0022501119,1629162,2026-04-02,LAC,3.5,2.0,0.0,1.0,1.0,0.0,0.0,2.0,1.0,0.0,0.0,0.0,0.0
0022501076,1629162,2026-03-28,MIL,5.2,2.0,0.0,0.0,1.0,0.0,1.0,1.0,1.0,0.0,0.0,0.0,0.0
0022501056,1629162,2026-03-25,MEM,15.15,2.0,1.0,1.0,0.0,0.0,0.0,3.0,1.0,2.0,0.0,0.0,0.0
0022501041,1629162,2026-03-23,MIA,2.52,0.0,0.0,1.0,1.0,0.0,0.0,0.0,0.0,0.0,0.0,0.0,0.0
0022501028,1629162,2026-03-21,IND,17.43,6.0,0.0,3.0,2.0,0.0,1.0,4.0,2.0,3.0,2.0,0.0,0.0
0022501013,1629162,2026-03-19,PHX,10.23,0.0,2.0,5.0,1.0,1.0,1.0,0.0,0.0,0.0,0.0,0.0,0.0
0022500998,1629162,2026-03-17,SAC,5.03,3.0,0.0,1.0,0.0,0.0,0.0,2.0,1.0,1.0,1.0,0.0,0.0
0022501173,1629216,2026-04-10,CLE,14.17,3.0,1.0,0.0,0.0,0.0,1.0,3.0,1.0,3.0,1.0,0.0,0.0
0022501158,1629216,2026-04-08,CLE,14.35,10.0,1.0,1.0,0.0,0.0,0.0,3.0,3.0,3.0,3.0,3.0,1.0
0022501143,1629216,2026-04-06,NYK,10.21,0.0,2.0,3.0,0.0,0.0,0.0,1.0,0.0,1.0,0.0,0.0,0.0
0022501122,1629216,2026-04-03,BKN,9.45,3.0,0.0,4.0,1.0,1.0,1.0,3.0,1.0,3.0,1.0,0.0,0.0
0022501107,1629216,2026-04-01,ORL,12.15,5.0,2.0,1.0,1.0,0.0,2.0,2.0,1.0,2.0,1.0,2.0,2.0
0022501092,1629216,2026-03-30,BOS,14.19,2.0,1.0,1.0,1.0,0.0,1.0,3.0,1.0,2.0,0.0,0.0,0.0
0022501078,1629216,2026-03-28,SAC,25.0,2.0,3.0,3.0,2.0,0.0,3.0,3.0,1.0,1.0,0.0,0.0,0.0
0022501067,1629216,2026-03-27,BOS,12.26,3.0,0.0,1.0,0.0,0.0,0.0,4.0,1.0,4.0,1.0,0.0,0.0
0022501051,1629216,2026-03-25,DET,11.04,8.0,1.0,0.0,2.0,0.0,0.0,6.0,3.0,4.0,2.0,0.0,0.0
0022501037,1629216,2026-03-23,MEM,15.31,5.0,2.0,2.0,1.0,0.0,3.0,4.0,1.0,3.0,1.0,2.0,2.0
0022500951,1629234,2026-03-11,CHA,14.44,4.0,6.0,2.0,0.0,0.0,1.0,4.0,2.0,0.0,0.0,2.0,0.0
0022500945,1629234,2026-03-10,IND,14.2,4.0,4.0,1.0,1.0,2.0,1.0,2.0,1.0,0.0,0.0,2.0,2.0
0022500930,1629234,2026-03-08,CHI,9.56,5.0,4.0,0.0,0.0,1.0,0.0,4.0,2.0,0.0,0.0,2.0,1.0
0022500907,1629234,2026-03-05,NOP,21.33,15.0,11.0,0.0,0.0,0.0,0.0,9.0,7.0,1.0,0.0,3.0,1.0
0022500892,1629234,2026-03-03,PHX,2.39,0.0,0.0,0.0,0.0,0.0,1.0,1.0,0.0,0.0,0.0,0.0,0.0
0022500878,1629234,2026-03-01,LAL,14.13,10.0,2.0,1.0,1.0,2.0,2.0,7.0,4.0,0.0,0.0,2.0,2.0
0022500854,1629234,2026-02-26,DAL,9.51,11.0,2.0,0.0,0.0,0.0,0.0,6.0,5.0,0.0,0.0,1.0,1.0
0022500845,1629234,2026-02-25,HOU,9.28,1.0,5.0,1.0,0.0,1.0,0.0,1.0,0.0,0.0,0.0,2.0,1.0
0022500815,1629234,2026-02-21,SAS,14.27,6.0,4.0,4.0,1.0,1.0,0.0,6.0,3.0,1.0,0.0,0.0,0.0
0022500800,1629234,2026-02-19,ORL,11.21,0.0,5.0,1.0,0.0,0.0,0.0,2.0,0.0,0.0,0.0,0.0,0.0
0022501196,1629312,2026-04-12,OKC,10.28,5.0,0.0,0.0,0.0,0.0,0.0,3.0,2.0,1.0,0.0,1.0,1.0
0022500996,1629312,2026-03-17,MIN,8.55,3.0,2.0,1.0,0.0,0.0,0.0,2.0,1.0,2.0,1.0,0.0,0.0
0022500986,1629312,2026-03-16,BOS,18.44,16.0,4.0,1.0,1.0,0.0,0.0,8.0,4.0,5.0,4.0,4.0,4.0
0022500963,1629312,2026-03-13,TOR,18.37,5.0,1.0,2.0,0.0,0.0,0.0,3.0,2.0,1.0,1.0,0.0,0.0
0022500941,1629312,2026-03-10,MIL,12.48,6.0,2.0,1.0,2.0,0.0,0.0,3.0,2.0,3.0,2.0,0.0,0.0
0022500928,1629312,2026-03-08,CHA,21.14,3.0,4.0,2.0,1.0,0.0,0.0,4.0,1.0,2.0,0.0,2.0,1.0
0022500912,1629312,2026-03-06,NOP,0.02,0.0,0.0,0.0,0.0,0.0,0.0,0.0,0.0,0.0,0.0,0.0,0.0
0022501196,1629599,2026-04-12,OKC,26.5,17.0,3.0,3.0,0.0,0.0,1.0,14.0,7.0,6.0,3.0,0.0,0.0
0022501185,1629599,2026-04-10,LAL,20.33,7.0,2.0,0.0,1.0,0.0,1.0,6.0,3.0,2.0,1.0,0.0,0.0
0022501164,1629599,2026-04-08,DAL,5.54,0.0,0.0,0.0,0.0,0.0,1.0,0.0,0.0,0.0,0.0,0.0,0.0
0022501013,1629599,2026-03-19,SAS,5.39,0.0,1.0,2.0,0.0,0.0,1.0,0.0,0.0,0.0,0.0,0.0,0.0
0022500986,1629599,2026-03-16,BOS,4.06,0.0,0.0,0.0,0.0,1.0,0.0,0.0,0.0,0.0,0.0,0.0,0.0
0022500954,1629599,2026-03-12,IND,12.31,2.0,1.0,0.0,1.0,0.0,0.0,1.0,1.0,0.0,0.0,0.0,0.0
0022500928,1629599,2026-03-08,CHA,5.12,2.0,1.0,0.0,0.0,0.0,0.0,1.0,1.0,0.0,0.0,0.0,0.0
0022500912,1629599,2026-03-06,NOP,6.5,0.0,2.0,0.0,0.0,0.0,0.0,2.0,0.0,2.0,0.0,0.0,0.0
0022500905,1629599,2026-03-05,CHI,17.29,12.0,4.0,0.0,0.0,0.0,0.0,4.0,3.0,2.0,2.0,7.0,4.0
0022500892,1629599,2026-03-03,SAC,12.08,2.0,3.0,0.0,0.0,0.0,0.0,3.0,1.0,1.0,0.0,0.0,0.0
0022501084,1629610,2026-03-29,BKN,26.22,14.0,2.0,0.0,2.0,0.0,0.0,9.0,4.0,6.0,2.0,4.0,4.0
0022501078,1629610,2026-03-28,ATL,26.32,15.0,3.0,1.0,0.0,0.0,0.0,9.0,6.0,3.0,2.0,1.0,1.0
0022501065,1629610,2026-03-26,ORL,7.0,2.0,0.0,0.0,0.0,0.0,0.0,1.0,1.0,0.0,0.0,0.0,0.0
0022501122,1629611,2026-04-03,ATL,22.3,8.0,2.0,1.0,0.0,0.0,2.0,5.0,3.0,3.0,2.0,0.0,0.0
0022501084,1629611,2026-03-29,SAC,22.15,8.0,2.0,3.0,2.0,0.0,3.0,3.0,2.0,3.0,2.0,2.0,2.0
0022501075,1629611,2026-03-27,LAL,21.47,5.0,4.0,2.0,1.0,1.0,0.0,4.0,2.0,2.0,1.0,0.0,0.0
0022501060,1629611,2026-03-25,GSW,23.01,4.0,5.0,1.0,2.0,0.0,0.0,7.0,2.0,3.0,0.0,0.0,0.0
0022501033,1629611,2026-03-22,SAC,26.03,5.0,3.0,2.0,0.0,0.0,0.0,5.0,2.0,3.0,1.0,0.0,0.0
0022501000,1629611,2026-03-18,OKC,16.4,0.0,5.0,1.0,0.0,0.0,3.0,4.0,0.0,2.0,0.0,2.0,0.0
0022500969,1629611,2026-03-14,PHI,18.14,5.0,1.0,1.0,0.0,0.0,2.0,6.0,2.0,2.0,1.0,0.0,0.0
0022500956,1629611,2026-03-12,ATL,15.49,8.0,2.0,1.0,0.0,0.0,0.0,5.0,3.0,0.0,0.0,2.0,2.0
0022500916,1629611,2026-03-07,DET,29.27,7.0,4.0,2.0,0.0,1.0,1.0,7.0,3.0,3.0,0.0,2.0,1.0
0022500901,1629611,2026-03-05,MIA,29.27,7.0,8.0,5.0,0.0,0.0,1.0,6.0,3.0,2.0,1.0,0.0,0.0
0022501083,1629614,2026-03-29,MIA,36.21,15.0,3.0,10.0,0.0,0.0,2.0,12.0,6.0,6.0,2.0,1.0,1.0
0022501066,1629614,2026-03-27,LAC,32.14,13.0,1.0,10.0,1.0,1.0,2.0,13.0,4.0,7.0,2.0,3.0,3.0
0022501052,1629614,2026-03-25,LAL,33.34,14.0,2.0,19.0,0.0,0.0,2.0,9.0,3.0,6.0,2.0,6.0,6.0
0022501039,1629614,2026-03-23,ORL,34.48,13.0,7.0,14.0,0.0,0.0,2.0,9.0,5.0,3.0,1.0,2.0,2.0
0022501028,1629614,2026-03-21,SAS,27.46,25.0,1.0,7.0,1.0,0.0,1.0,13.0,8.0,4.0,2.0,9.0,7.0
0022500962,1629614,2026-03-13,NYK,32.04,8.0,5.0,7.0,2.0,0.0,2.0,14.0,3.0,3.0,0.0,2.0,2.0
0022500954,1629614,2026-03-12,PHX,17.04,23.0,0.0,2.0,1.0,0.0,0.0,7.0,6.0,2.0,2.0,10.0,9.0
0022500929,1629614,2026-03-08,POR,27.56,14.0,2.0,9.0,2.0,0.0,3.0,11.0,5.0,4.0,2.0,4.0,2.0
0022500914,1629614,2026-03-06,LAL,31.08,17.0,2.0,8.0,1.0,0.0,1.0,14.0,7.0,6.0,1.0,2.0,2.0
0022500898,1629614,2026-03-04,LAC,24.03,5.0,4.0,5.0,1.0,0.0,3.0,5.0,1.0,3.0,0.0,5.0,3.0
0022501197,1629618,2026-04-12,SAS,29.52,11.0,3.0,6.0,0.0,1.0,2.0,13.0,4.0,5.0,1.0,4.0,2.0
0022501182,1629618,2026-04-10,OKC,29.36,13.0,4.0,4.0,0.0,0.0,2.0,11.0,5.0,6.0,3.0,0.0,0.0
0022501162,1629618,2026-04-08,MEM,5.56,5.0,0.0,1.0,0.0,0.0,0.0,3.0,2.0,2.0,1.0,0.0,0.0
0022501112,1629618,2026-04-01,UTA,1.4,0.0,0.0,0.0,0.0,0.0,0.0,0.0,0.0,0.0,0.0,0.0,0.0
0022501090,1629618,2026-03-29,GSW,1.56,0.0,0.0,0.0,0.0,0.0,0.0,0.0,0.0,0.0,0.0,0.0,0.0
0022501032,1629618,2026-03-22,POR,1.57,0.0,0.0,0.0,0.0,0.0,0.0,0.0,0.0,0.0,0.0,0.0,0.0
0022500997,1629618,2026-03-17,PHI,7.13,4.0,1.0,1.0,0.0,0.0,1.0,1.0,1.0,1.0,1.0,2.0,1.0
0022500950,1629618,2026-03-11,HOU,5.51,3.0,0.0,0.0,0.0,0.0,0.0,2.0,1.0,2.0,1.0,0.0,0.0
0022500911,1629618,2026-03-06,NYK,9.03,0.0,0.0,1.0,0.0,0.0,0.0,2.0,0.0,1.0,0.0,0.0,0.0
0022500881,1629618,2026-03-02,UTA,18.35,8.0,1.0,1.0,0.0,0.0,0.0,3.0,2.0,3.0,2.0,2.0,2.0
0022501187,1629622,2026-04-12,WAS,17.54,10.0,5.0,2.0,0.0,0.0,1.0,9.0,4.0,6.0,1.0,1.0,1.0
0022501173,1629622,2026-04-10,ATL,23.25,2.0,4.0,0.0,0.0,0.0,0.0,9.0,1.0,4.0,0.0,0.0,0.0
0022501158,1629622,2026-04-08,ATL,21.14,8.0,2.0,2.0,0.0,0.0,1.0,7.0,3.0,5.0,2.0,0.0,0.0
0022501136,1629622,2026-04-05,IND,30.56,4.0,7.0,5.0,0.0,0.0,0.0,10.0,1.0,9.0,1.0,2.0,1.0
0022501117,1629622,2026-04-02,GSW,27.53,24.0,5.0,2.0,0.0,0.0,2.0,14.0,9.0,10.0,6.0,0.0,0.0
0022501103,1629622,2026-03-31,LAL,23.15,11.0,3.0,1.0,0.0,0.0,0.0,8.0,4.0,7.0,3.0,0.0,0.0
0022501068,1629622,2026-03-27,MIA,22.49,29.0,8.0,1.0,0.0,0.0,1.0,14.0,10.0,11.0,8.0,2.0,1.0
0022501049,1629622,2026-03-24,ORL,26.42,11.0,3.0,3.0,1.0,0.0,0.0,10.0,4.0,8.0,3.0,0.0,0.0
0022501025,1629622,2026-03-21,NOP,24.14,5.0,8.0,2.0,0.0,0.0,1.0,5.0,2.0,4.0,1.0,0.0,0.0
0022501011,1629622,2026-03-19,CHI,23.58,0.0,6.0,1.0,2.0,0.0,1.0,5.0,0.0,5.0,0.0,0.0,0.0
0022501138,1629627,2026-04-05,ORL,27.48,17.0,7.0,2.0,0.0,1.0,1.0,11.0,5.0,0.0,0.0,9.0,7.0
0022501128,1629627,2026-04-03,SAC,28.31,13.0,6.0,3.0,1.0,0.0,4.0,11.0,5.0,0.0,0.0,4.0,3.0
0022501118,1629627,2026-04-02,POR,29.24,15.0,1.0,3.0,0.0,1.0,2.0,7.0,4.0,0.0,0.0,8.0,7.0
0022501088,1629627,2026-03-29,HOU,25.18,18.0,4.0,3.0,0.0,0.0,1.0,8.0,6.0,0.0,0.0,8.0,6.0
0022501071,1629627,2026-03-27,TOR,30.41,22.0,7.0,4.0,0.0,0.0,2.0,13.0,9.0,0.0,0.0,4.0,4.0
0022501064,1629627,2026-03-26,DET,30.46,21.0,6.0,2.0,2.0,1.0,2.0,13.0,8.0,0.0,0.0,9.0,5.0
0022501048,1629627,2026-03-24,NYK,33.56,22.0,4.0,2.0,1.0,1.0,1.0,10.0,8.0,0.0,0.0,8.0,6.0
0022501025,1629627,2026-03-21,CLE,32.17,25.0,6.0,4.0,1.0,0.0,1.0,14.0,10.0,0.0,0.0,9.0,5.0
0022501012,1629627,2026-03-19,LAC,33.01,15.0,5.0,2.0,3.0,0.0,2.0,7.0,5.0,0.0,0.0,7.0,5.0
0022501005,1629627,2026-03-18,LAC,27.41,14.0,4.0,3.0,0.0,1.0,2.0,8.0,6.0,0.0,0.0,2.0,2.0
0022501192,1629628,2026-04-12,BKN,28.37,26.0,3.0,2.0,0.0,0.0,1.0,15.0,9.0,5.0,2.0,9.0,6.0
0022501165,1629628,2026-04-09,MIA,34.57,22.0,6.0,3.0,2.0,0.0,0.0,15.0,6.0,5.0,1.0,10.0,9.0
0022501151,1629628,2026-04-07,MIA,31.19,16.0,8.0,2.0,0.0,1.0,2.0,16.0,7.0,3.0,0.0,3.0,2.0
0022501132,1629628,2026-04-05,BOS,35.23,15.0,5.0,4.0,0.0,1.0,3.0,17.0,6.0,4.0,1.0,2.0,2.0
0022501125,1629628,2026-04-03,MEM,29.06,25.0,3.0,4.0,0.0,1.0,2.0,17.0,9.0,6.0,4.0,4.0,3.0
0022501108,1629628,2026-04-01,SAC,36.19,20.0,5.0,6.0,0.0,1.0,5.0,19.0,8.0,5.0,1.0,5.0,3.0
0022501101,1629628,2026-03-31,DET,30.47,24.0,6.0,2.0,1.0,0.0,2.0,12.0,7.0,4.0,2.0,10.0,8.0
0022501086,1629628,2026-03-29,ORL,26.28,24.0,3.0,3.0,3.0,0.0,1.0,14.0,8.0,4.0,0.0,8.0,8.0
0022501071,1629628,2026-03-27,NOP,31.11,18.0,6.0,4.0,0.0,0.0,2.0,14.0,7.0,6.0,2.0,2.0,2.0
0022501062,1629628,2026-03-25,LAC,31.51,12.0,6.0,4.0,1.0,0.0,1.0,19.0,5.0,7.0,0.0,5.0,2.0
0022500623,1629630,2026-01-21,ATL,29.56,23.0,2.0,12.0,1.0,3.0,5.0,15.0,7.0,4.0,1.0,8.0,8.0
0022500602,1629630,2026-01-18,ORL,28.24,24.0,5.0,13.0,1.0,0.0,2.0,13.0,7.0,4.0,3.0,9.0,7.0
0022500485,1629630,2026-01-02,LAL,31.22,16.0,3.0,11.0,2.0,0.0,3.0,18.0,7.0,3.0,0.0,3.0,2.0
0022500458,1629630,2025-12-30,PHI,34.29,40.0,2.0,3.0,2.0,0.0,4.0,22.0,16.0,2.0,0.0,10.0,8.0
0022500443,1629630,2025-12-28,WAS,27.28,21.0,0.0,7.0,0.0,0.0,3.0,16.0,8.0,5.0,3.0,2.0,2.0
0022500428,1629630,2025-12-26,MIL,25.2,17.0,4.0,10.0,1.0,0.0,4.0,11.0,6.0,0.0,0.0,6.0,5.0
0022501226,1629630,2025-12-15,LAC,20.58,12.0,3.0,4.0,1.0,1.0,1.0,12.0,4.0,2.0,1.0,3.0,3.0
0022501213,1629630,2025-12-12,UTA,25.14,21.0,4.0,10.0,0.0,1.0,4.0,20.0,7.0,5.0,2.0,7.0,5.0
0022500228,1629630,2025-11-15,CLE,5.59,7.0,1.0,2.0,0.0,0.0,1.0,2.0,2.0,0.0,0.0,4.0,3.0
0022500208,1629630,2025-11-11,NYK,33.32,16.0,3.0,10.0,0.0,0.0,8.0,14.0,4.0,6.0,2.0,6.0,6.0
0022500746,1629631,2026-02-06,LAC,24.34,6.0,1.0,0.0,0.0,0.0,3.0,8.0,1.0,5.0,0.0,4.0,4.0
0022500731,1629631,2026-02-04,MEM,26.25,9.0,2.0,1.0,0.0,0.0,1.0,11.0,3.0,4.0,2.0,2.0,1.0
0022500693,1629631,2026-01-30,PHX,22.52,17.0,3.0,1.0,3.0,0.0,3.0,15.0,7.0,7.0,2.0,3.0,1.0
0022500671,1629631,2026-01-28,LAL,21.01,19.0,3.0,1.0,1.0,0.0,0.0,15.0,7.0,8.0,3.0,2.0,2.0
0022500638,1629631,2026-01-23,SAC,19.01,9.0,0.0,0.0,0.0,0.0,0.0,9.0,3.0,3.0,1.0,2.0,2.0
0022500620,1629631,2026-01-21,CHA,13.17,4.0,4.0,1.0,1.0,0.0,4.0,6.0,1.0,6.0,1.0,2.0,1.0
0022500015,1629631,2026-01-19,OKC,25.31,16.0,9.0,1.0,1.0,0.0,5.0,13.0,3.0,6.0,2.0,8.0,8.0
0022500589,1629631,2026-01-16,PHI,30.46,16.0,3.0,4.0,1.0,1.0,1.0,13.0,7.0,5.0,2.0,0.0,0.0
0022500572,1629631,2026-01-14,PHI,21.36,17.0,4.0,4.0,0.0,0.0,1.0,13.0,7.0,7.0,3.0,0.0,0.0
0022500558,1629631,2026-01-12,UTA,17.4,2.0,0.0,3.0,0.0,0.0,3.0,5.0,1.0,2.0,0.0,0.0,0.0
0022501190,1629632,2026-04-12,NYK,16.18,19.0,1.0,2.0,0.0,0.0,2.0,10.0,6.0,6.0,3.0,6.0,4.0
0022501171,1629632,2026-04-10,DET,16.1,11.0,2.0,1.0,0.0,0.0,2.0,7.0,3.0,3.0,2.0,4.0,3.0
0022501137,1629632,2026-04-05,MIN,19.36,17.0,0.0,1.0,0.0,0.0,3.0,11.0,5.0,5.0,3.0,5.0,4.0
0022501120,1629632,2026-04-03,IND,14.11,11.0,3.0,4.0,0.0,0.0,1.0,7.0,3.0,2.0,1.0,4.0,4.0
0022501114,1629632,2026-04-02,PHX,20.2,19.0,4.0,3.0,0.0,0.0,3.0,13.0,6.0,7.0,3.0,5.0,4.0
0022501100,1629632,2026-03-31,BKN,21.09,16.0,2.0,5.0,0.0,0.0,3.0,12.0,5.0,6.0,1.0,6.0,5.0
0022501085,1629632,2026-03-29,BOS,19.46,11.0,4.0,1.0,0.0,0.0,2.0,11.0,4.0,5.0,1.0,2.0,2.0
0022501077,1629632,2026-03-28,PHI,18.41,16.0,4.0,2.0,1.0,0.0,0.0,11.0,6.0,4.0,1.0,4.0,3.0
0022501063,1629632,2026-03-26,NYK,23.25,17.0,3.0,2.0,0.0,0.0,3.0,13.0,6.0,5.0,1.0,4.0,4.0
0022501047,1629632,2026-03-24,SAC,18.25,27.0,5.0,1.0,0.0,0.0,0.0,12.0,9.0,8.0,6.0,3.0,3.0
0022500391,1629634,2025-12-20,WAS,3.52,2.0,3.0,0.0,1.0,0.0,0.0,2.0,1.0,0.0,0.0,0.0,0.0
0022500368,1629634,2025-12-17,MIN,16.34,6.0,3.0,1.0,1.0,0.0,0.0,7.0,2.0,0.0,0.0,4.0,2.0
0022501199,1629636,2026-04-12,GSW,26.36,15.0,1.0,6.0,0.0,0.0,1.0,17.0,6.0,5.0,1.0,2.0,2.0
0022501183,1629636,2026-04-10,POR,40.33,16.0,5.0,7.0,3.0,0.0,3.0,16.0,5.0,8.0,2.0,4.0,4.0
0022501156,1629636,2026-04-07,DAL,28.23,22.0,1.0,4.0,1.0,1.0,2.0,18.0,9.0,6.0,2.0,2.0,2.0
0022501141,1629636,2026-04-05,SAC,24.26,17.0,4.0,6.0,1.0,0.0,2.0,14.0,7.0,7.0,2.0,1.0,1.0
0022501119,1629636,2026-04-02,SAS,29.0,11.0,2.0,3.0,1.0,1.0,1.0,17.0,5.0,8.0,1.0,2.0,0.0
0022501104,1629636,2026-03-31,POR,37.15,20.0,2.0,4.0,2.0,1.0,5.0,17.0,7.0,8.0,3.0,3.0,3.0
0022501082,1629636,2026-03-29,MIL,26.4,15.0,2.0,11.0,2.0,0.0,5.0,9.0,5.0,7.0,3.0,2.0,2.0
0022501066,1629636,2026-03-27,IND,34.33,30.0,0.0,5.0,0.0,0.0,4.0,19.0,10.0,11.0,6.0,4.0,4.0
0022501062,1629636,2026-03-25,TOR,30.09,24.0,4.0,6.0,1.0,1.0,3.0,16.0,9.0,9.0,5.0,2.0,1.0
0022501046,1629636,2026-03-23,MIL,18.08,15.0,2.0,6.0,1.0,0.0,3.0,7.0,5.0,4.0,3.0,2.0,2.0
0022501140,1629637,2026-04-05,DAL,27.12,23.0,4.0,2.0,0.0,0.0,3.0,10.0,8.0,0.0,0.0,8.0,7.0
0022501116,1629637,2026-04-02,OKC,20.44,12.0,1.0,1.0,0.0,0.0,1.0,3.0,3.0,0.0,0.0,8.0,6.0
0022501103,1629637,2026-03-31,CLE,18.35,4.0,3.0,1.0,2.0,0.0,0.0,4.0,2.0,0.0,0.0,0.0,0.0
0022501098,1629637,2026-03-30,WAS,19.45,19.0,7.0,0.0,0.0,2.0,0.0,8.0,8.0,1.0,1.0,3.0,2.0
0022501075,1629637,2026-03-27,BKN,26.04,10.0,8.0,1.0,0.0,5.0,1.0,3.0,2.0,0.0,0.0,10.0,6.0
0022501052,1629637,2026-03-25,IND,36.16,21.0,10.0,1.0,2.0,2.0,0.0,11.0,9.0,0.0,0.0,6.0,3.0
0022501038,1629637,2026-03-23,DET,20.49,11.0,3.0,1.0,2.0,4.0,1.0,5.0,5.0,0.0,0.0,2.0,1.0
0022501024,1629637,2026-03-21,ORL,18.39,8.0,7.0,0.0,0.0,3.0,0.0,3.0,3.0,0.0,0.0,6.0,2.0
0022501010,1629637,2026-03-19,MIA,18.48,6.0,5.0,1.0,0.0,2.0,0.0,6.0,2.0,0.0,0.0,2.0,2.0
0022501007,1629637,2026-03-18,HOU,13.38,1.0,3.0,1.0,0.0,1.0,0.0,0.0,0.0,0.0,0.0,4.0,1.0
0022501173,1629638,2026-04-10,CLE,31.57,18.0,1.0,1.0,2.0,1.0,0.0,13.0,7.0,8.0,3.0,1.0,1.0
0022501158,1629638,2026-04-08,CLE,39.14,25.0,4.0,2.0,2.0,0.0,4.0,19.0,10.0,9.0,4.0,1.0,1.0
0022501143,1629638,2026-04-06,NYK,39.01,36.0,2.0,3.0,0.0,1.0,2.0,19.0,12.0,11.0,7.0,5.0,5.0
0022501122,1629638,2026-04-03,BKN,34.21,21.0,4.0,3.0,0.0,3.0,4.0,16.0,8.0,9.0,4.0,1.0,1.0
0022501107,1629638,2026-04-01,ORL,33.18,32.0,4.0,1.0,3.0,1.0,3.0,16.0,11.0,9.0,5.0,6.0,5.0
0022501092,1629638,2026-03-30,BOS,34.58,17.0,4.0,6.0,0.0,0.0,1.0,16.0,6.0,8.0,3.0,3.0,2.0
0022501078,1629638,2026-03-28,SAC,36.1,27.0,5.0,8.0,4.0,0.0,2.0,14.0,7.0,9.0,4.0,9.0,9.0
0022501067,1629638,2026-03-27,BOS,38.22,20.0,4.0,5.0,2.0,0.0,0.0,13.0,6.0,5.0,2.0,7.0,6.0
0022501051,1629638,2026-03-25,DET,40.2,21.0,4.0,3.0,0.0,0.0,1.0,18.0,9.0,10.0,3.0,0.0,0.0
0022501037,1629638,2026-03-23,MEM,25.43,26.0,2.0,6.0,1.0,0.0,0.0,11.0,8.0,6.0,4.0,6.0,6.0
0022501189,1629639,2026-04-12,ATL,22.18,5.0,10.0,8.0,1.0,0.0,3.0,9.0,2.0,6.0,1.0,0.0,0.0
0022501165,1629639,2026-04-09,TOR,28.15,15.0,4.0,4.0,0.0,0.0,1.0,12.0,6.0,5.0,3.0,0.0,0.0
0022501151,1629639,2026-04-07,TOR,30.0,14.0,5.0,6.0,0.0,0.0,1.0,8.0,5.0,4.0,1.0,4.0,3.0
0022501106,1629639,2026-04-01,BOS,40.2,18.0,3.0,7.0,0.0,1.0,3.0,15.0,5.0,10.0,4.0,4.0,4.0
0022501091,1629639,2026-03-30,PHI,41.55,30.0,4.0,3.0,1.0,2.0,3.0,24.0,12.0,10.0,3.0,5.0,3.0
0022501083,1629639,2026-03-29,IND,36.21,31.0,3.0,4.0,0.0,0.0,0.0,22.0,12.0,13.0,5.0,2.0,2.0
0022501068,1629639,2026-03-27,CLE,31.22,11.0,3.0,5.0,0.0,0.0,1.0,13.0,4.0,4.0,1.0,2.0,2.0
0022501055,1629639,2026-03-25,CLE,30.15,18.0,2.0,4.0,3.0,0.0,2.0,11.0,6.0,8.0,4.0,2.0,2.0
0022501041,1629639,2026-03-23,SAS,26.14,18.0,5.0,2.0,0.0,1.0,2.0,11.0,6.0,6.0,2.0,4.0,4.0
0022501027,1629639,2026-03-21,HOU,38.32,25.0,6.0,4.0,1.0,0.0,0.0,22.0,10.0,9.0,2.0,3.0,3.0
0022501197,1629640,2026-04-12,DEN,21.52,18.0,6.0,1.0,0.0,0.0,1.0,12.0,6.0,5.0,2.0,6.0,4.0
0022501180,1629640,2026-04-10,DAL,23.3,17.0,6.0,2.0,0.0,0.0,0.0,13.0,6.0,5.0,1.0,4.0,4.0
0022501161,1629640,2026-04-08,POR,28.55,20.0,8.0,1.0,2.0,1.0,2.0,15.0,8.0,3.0,0.0,5.0,4.0
0022501146,1629640,2026-04-06,PHI,25.26,13.0,9.0,1.0,2.0,1.0,1.0,14.0,4.0,5.0,1.0,6.0,4.0
0022501130,1629640,2026-04-04,DEN,17.24,10.0,2.0,0.0,0.0,0.0,0.0,10.0,3.0,6.0,0.0,4.0,4.0
0022501119,1629640,2026-04-02,LAC,26.48,13.0,6.0,1.0,0.0,0.0,1.0,11.0,6.0,2.0,1.0,0.0,0.0
0022501113,1629640,2026-04-01,GSW,25.42,11.0,3.0,1.0,0.0,0.0,1.0,11.0,3.0,6.0,2.0,4.0,3.0
0022501094,1629640,2026-03-30,CHI,26.29,15.0,2.0,1.0,1.0,0.0,1.0,11.0,5.0,5.0,2.0,4.0,3.0
0022501076,1629640,2026-03-28,MIL,23.18,16.0,0.0,5.0,1.0,0.0,0.0,8.0,6.0,2.0,2.0,2.0,2.0
0022501056,1629640,2026-03-25,MEM,22.27,15.0,7.0,3.0,0.0,0.0,1.0,16.0,7.0,6.0,1.0,0.0,0.0
0022500995,1629645,2026-03-17,CLE,32.33,25.0,3.0,10.0,0.0,2.0,1.0,15.0,8.0,4.0,1.0,8.0,8.0
0022500970,1629645,2026-03-14,ATL,30.07,18.0,7.0,7.0,2.0,1.0,3.0,13.0,7.0,2.0,0.0,4.0,4.0
0022500957,1629645,2026-03-12,MIA,27.44,6.0,7.0,5.0,3.0,0.0,3.0,8.0,3.0,1.0,0.0,0.0,0.0
0022500880,1629645,2026-03-02,BOS,30.59,8.0,4.0,2.0,3.0,0.0,3.0,6.0,3.0,1.0,1.0,2.0,1.0
0022500870,1629645,2026-03-01,CHI,31.33,10.0,6.0,4.0,1.0,0.0,1.0,16.0,4.0,1.0,0.0,2.0,2.0
0022500860,1629645,2026-02-27,NYK,27.09,11.0,6.0,10.0,1.0,1.0,3.0,12.0,4.0,2.0,1.0,2.0,2.0
0022500846,1629645,2026-02-25,CLE,37.52,20.0,8.0,5.0,5.0,1.0,3.0,16.0,10.0,2.0,0.0,0.0,0.0
0022500837,1629645,2026-02-24,MIA,36.36,32.0,7.0,7.0,2.0,1.0,1.0,20.0,11.0,4.0,2.0,8.0,8.0
0022500819,1629645,2026-02-22,TOR,30.52,21.0,2.0,10.0,3.0,0.0,1.0,11.0,8.0,1.0,1.0,6.0,4.0
0022500807,1629645,2026-02-20,NOP,32.21,25.0,2.0,7.0,2.0,1.0,1.0,15.0,10.0,1.0,0.0,6.0,5.0
0022501199,1629646,2026-04-12,LAC,18.37,16.0,3.0,2.0,0.0,0.0,1.0,6.0,5.0,0.0,0.0,8.0,6.0
0022501184,1629646,2026-04-10,SAC,15.02,6.0,4.0,1.0,0.0,1.0,0.0,3.0,1.0,0.0,0.0,4.0,4.0
0022501170,1629646,2026-04-09,LAL,29.48,12.0,13.0,1.0,0.0,2.0,2.0,8.0,6.0,0.0,0.0,0.0,0.0
0022501154,1629646,2026-04-07,SAC,27.14,14.0,12.0,0.0,2.0,2.0,0.0,12.0,7.0,0.0,0.0,0.0,0.0
0022501142,1629646,2026-04-05,HOU,9.44,5.0,4.0,1.0,0.0,2.0,1.0,2.0,2.0,0.0,0.0,1.0,1.0
0022501126,1629646,2026-04-03,MIL,6.14,6.0,1.0,0.0,0.0,0.0,0.0,3.0,3.0,0.0,0.0,0.0,0.0
0022501092,1629646,2026-03-30,ATL,5.52,3.0,2.0,0.0,0.0,2.0,1.0,1.0,1.0,0.0,0.0,2.0,1.0
0022501085,1629646,2026-03-29,CHA,1.03,1.0,1.0,0.0,0.0,0.0,0.0,0.0,0.0,0.0,0.0,2.0,1.0
0022501035,1629646,2026-03-22,MIN,1.45,2.0,1.0,0.0,1.0,0.0,0.0,2.0,1.0,0.0,0.0,0.0,0.0
0022500999,1629646,2026-03-18,GSW,2.14,2.0,1.0,0.0,0.0,0.0,0.0,1.0,1.0,0.0,0.0,0.0,0.0
0022501122,1629651,2026-04-03,ATL,24.55,16.0,5.0,2.0,0.0,0.0,3.0,10.0,7.0,1.0,0.0,2.0,2.0
0022501100,1629651,2026-03-31,CHA,21.38,4.0,4.0,3.0,0.0,0.0,2.0,3.0,1.0,0.0,0.0,2.0,2.0
0022501084,1629651,2026-03-29,SAC,23.13,10.0,7.0,3.0,0.0,1.0,0.0,8.0,4.0,1.0,0.0,3.0,2.0
0022501075,1629651,2026-03-27,LAL,23.04,16.0,7.0,3.0,0.0,1.0,0.0,10.0,8.0,0.0,0.0,0.0,0.0
0022501060,1629651,2026-03-25,GSW,20.23,8.0,4.0,2.0,1.0,1.0,3.0,6.0,3.0,0.0,0.0,2.0,2.0
0022501045,1629651,2026-03-23,POR,21.31,10.0,4.0,2.0,1.0,1.0,1.0,10.0,4.0,0.0,0.0,2.0,2.0
0022501016,1629651,2026-03-20,NYK,21.43,8.0,7.0,0.0,0.0,0.0,2.0,7.0,4.0,0.0,0.0,0.0,0.0
0022501000,1629651,2026-03-18,OKC,22.37,4.0,6.0,1.0,0.0,1.0,2.0,6.0,2.0,0.0,0.0,2.0,0.0
0022500985,1629651,2026-03-16,POR,20.21,12.0,11.0,1.0,0.0,2.0,0.0,11.0,5.0,1.0,0.0,4.0,2.0
0022500956,1629651,2026-03-12,ATL,20.53,8.0,4.0,2.0,0.0,0.0,0.0,6.0,4.0,0.0,0.0,2.0,0.0
0022501196,1629652,2026-04-12,PHX,20.08,6.0,1.0,1.0,2.0,0.0,0.0,6.0,2.0,5.0,2.0,0.0,0.0
0022501182,1629652,2026-04-10,DEN,20.27,5.0,3.0,1.0,0.0,0.0,0.0,7.0,2.0,4.0,1.0,0.0,0.0
0022501163,1629652,2026-04-08,LAC,20.02,6.0,2.0,0.0,3.0,0.0,0.0,4.0,2.0,4.0,2.0,0.0,0.0
0022501155,1629652,2026-04-07,LAL,22.36,8.0,1.0,2.0,4.0,0.0,1.0,6.0,3.0,5.0,2.0,0.0,0.0
0022501139,1629652,2026-04-05,UTA,21.13,13.0,4.0,2.0,1.0,1.0,1.0,7.0,5.0,5.0,3.0,0.0,0.0
0022501116,1629652,2026-04-02,LAL,21.2,14.0,0.0,1.0,2.0,0.0,1.0,8.0,5.0,6.0,4.0,0.0,0.0
0022501097,1629652,2026-03-30,DET,22.01,2.0,3.0,2.0,0.0,0.0,1.0,4.0,1.0,2.0,0.0,0.0,0.0
0022501089,1629652,2026-03-29,NYK,27.06,12.0,2.0,1.0,2.0,0.0,0.0,7.0,4.0,5.0,2.0,2.0,2.0
0022501070,1629652,2026-03-27,CHI,18.05,3.0,2.0,1.0,0.0,1.0,0.0,4.0,1.0,3.0,1.0,0.0,0.0
0022501054,1629652,2026-03-25,BOS,21.38,14.0,5.0,0.0,0.0,1.0,3.0,9.0,5.0,6.0,4.0,0.0,0.0
0022501140,1629655,2026-04-05,LAL,19.54,7.0,7.0,0.0,2.0,2.0,0.0,4.0,2.0,0.0,0.0,4.0,3.0
0022501127,1629655,2026-04-03,ORL,19.53,7.0,3.0,1.0,2.0,2.0,0.0,3.0,2.0,0.0,0.0,6.0,3.0
0022500652,1629655,2026-03-31,MIL,11.04,7.0,4.0,0.0,0.0,1.0,0.0,6.0,2.0,0.0,0.0,6.0,3.0
0022501095,1629655,2026-03-30,MIN,24.23,21.0,8.0,2.0,0.0,1.0,1.0,11.0,9.0,0.0,0.0,8.0,3.0
0022501044,1629655,2026-03-23,GSW,31.31,20.0,7.0,5.0,1.0,1.0,0.0,8.0,8.0,0.0,0.0,8.0,4.0
0022501029,1629655,2026-03-21,LAC,25.18,7.0,13.0,1.0,0.0,0.0,1.0,8.0,3.0,0.0,0.0,2.0,1.0
0022501006,1629655,2026-03-18,ATL,22.23,24.0,8.0,0.0,0.0,1.0,1.0,10.0,9.0,0.0,0.0,7.0,6.0
0022501111,1629655,2026-03-12,MEM,27.18,22.0,14.0,1.0,0.0,1.0,2.0,12.0,9.0,0.0,0.0,7.0,4.0
0022500939,1629655,2026-03-10,ATL,25.21,14.0,10.0,1.0,1.0,0.0,1.0,9.0,6.0,0.0,0.0,4.0,2.0
0022500924,1629655,2026-03-08,TOR,23.2,21.0,11.0,3.0,0.0,1.0,1.0,10.0,10.0,0.0,0.0,1.0,1.0
0022501191,1629656,2026-04-12,MIL,27.57,20.0,3.0,5.0,1.0,0.0,2.0,13.0,7.0,6.0,4.0,2.0,2.0
0022501175,1629656,2026-04-10,IND,16.27,4.0,3.0,1.0,0.0,0.0,1.0,5.0,1.0,1.0,0.0,2.0,2.0
0022501169,1629656,2026-04-09,HOU,26.29,20.0,2.0,0.0,1.0,0.0,1.0,16.0,7.0,4.0,1.0,6.0,5.0
0022501146,1629656,2026-04-06,SAS,22.55,5.0,2.0,0.0,0.0,0.0,0.0,7.0,2.0,4.0,1.0,0.0,0.0
0022501131,1629656,2026-04-04,DET,17.22,0.0,3.0,1.0,0.0,0.0,1.0,4.0,0.0,2.0,0.0,0.0,0.0
0022501121,1629656,2026-04-03,MIN,24.48,10.0,4.0,1.0,0.0,2.0,0.0,8.0,5.0,1.0,0.0,0.0,0.0
0022501105,1629656,2026-04-01,WAS,23.07,12.0,4.0,1.0,0.0,0.0,2.0,10.0,5.0,4.0,2.0,0.0,0.0
0022501091,1629656,2026-03-30,MIA,31.36,11.0,5.0,4.0,0.0,0.0,1.0,8.0,4.0,5.0,2.0,2.0,1.0
0022501077,1629656,2026-03-28,CHA,28.32,8.0,1.0,3.0,1.0,0.0,1.0,5.0,2.0,3.0,2.0,2.0,2.0
0022501053,1629656,2026-03-25,CHI,30.59,13.0,6.0,5.0,3.0,3.0,1.0,10.0,5.0,3.0,1.0,2.0,2.0
0022501037,1629660,2026-03-23,ATL,23.53,17.0,1.0,4.0,2.0,1.0,2.0,15.0,6.0,7.0,3.0,2.0,2.0
0022501019,1629660,2026-03-20,BOS,24.57,16.0,1.0,7.0,0.0,0.0,0.0,17.0,7.0,6.0,2.0,0.0,0.0
0022500651,1629660,2026-03-18,DEN,24.51,21.0,9.0,9.0,0.0,1.0,2.0,15.0,8.0,8.0,5.0,0.0,0.0
0022500961,1629660,2026-03-13,DET,24.34,21.0,1.0,3.0,0.0,0.0,3.0,17.0,8.0,7.0,3.0,3.0,2.0
0022500936,1629660,2026-03-10,PHI,24.3,26.0,2.0,8.0,0.0,0.0,4.0,20.0,10.0,10.0,4.0,2.0,2.0
0022500918,1629660,2026-03-07,LAC,24.3,23.0,2.0,7.0,3.0,0.0,1.0,17.0,7.0,5.0,2.0,8.0,7.0
0022500890,1629660,2026-03-03,MIN,23.39,14.0,4.0,2.0,1.0,0.0,1.0,13.0,4.0,6.0,2.0,4.0,4.0
0022500844,1629660,2026-02-25,GSW,24.01,22.0,3.0,5.0,1.0,0.0,2.0,14.0,8.0,8.0,4.0,2.0,2.0
0022500813,1629660,2026-02-21,MIA,22.21,17.0,6.0,4.0,2.0,0.0,2.0,16.0,6.0,8.0,3.0,2.0,2.0
0022500787,1629660,2026-02-11,DEN,20.58,19.0,1.0,7.0,1.0,1.0,0.0,11.0,4.0,7.0,3.0,9.0,8.0
0022501162,1629661,2026-04-08,MEM,29.43,18.0,3.0,2.0,1.0,0.0,1.0,12.0,8.0,4.0,2.0,0.0,0.0
0022501147,1629661,2026-04-06,POR,36.4,17.0,6.0,7.0,0.0,0.0,2.0,9.0,6.0,3.0,1.0,5.0,4.0
0022501130,1629661,2026-04-04,SAS,39.11,17.0,7.0,1.0,2.0,2.0,1.0,11.0,6.0,8.0,4.0,1.0,1.0
0022501112,1629661,2026-04-01,UTA,35.29,19.0,9.0,6.0,2.0,0.0,1.0,13.0,7.0,7.0,3.0,2.0,2.0
0022501090,1629661,2026-03-29,GSW,19.08,6.0,1.0,3.0,1.0,1.0,0.0,5.0,2.0,4.0,2.0,0.0,0.0
0022501072,1629661,2026-03-27,UTA,26.1,12.0,4.0,0.0,1.0,0.0,1.0,11.0,4.0,11.0,4.0,0.0,0.0
0022501059,1629661,2026-03-25,DAL,29.26,12.0,1.0,3.0,0.0,1.0,1.0,8.0,5.0,4.0,2.0,0.0,0.0
0022501050,1629661,2026-03-24,PHX,32.41,14.0,3.0,2.0,1.0,1.0,0.0,9.0,4.0,7.0,2.0,4.0,4.0
0022501032,1629661,2026-03-22,POR,27.42,19.0,2.0,3.0,2.0,0.0,0.0,10.0,7.0,7.0,5.0,0.0,0.0
0022501021,1629661,2026-03-20,TOR,30.55,6.0,5.0,2.0,2.0,0.0,1.0,7.0,2.0,4.0,0.0,3.0,2.0
0022501174,1629673,2026-04-10,BOS,28.43,11.0,3.0,3.0,1.0,0.0,5.0,10.0,3.0,5.0,2.0,5.0,3.0
0022501153,1629673,2026-04-07,UTA,31.57,34.0,2.0,4.0,1.0,1.0,2.0,23.0,12.0,16.0,7.0,4.0,3.0
0022501088,1629673,2026-03-29,HOU,6.11,0.0,0.0,0.0,0.0,0.0,0.0,2.0,0.0,2.0,0.0,0.0,0.0
0022501071,1629673,2026-03-27,TOR,23.24,12.0,2.0,6.0,0.0,0.0,2.0,12.0,3.0,8.0,2.0,4.0,4.0
0022501012,1629673,2026-03-19,LAC,17.11,5.0,0.0,3.0,0.0,0.0,0.0,6.0,2.0,4.0,1.0,0.0,0.0
0022500988,1629673,2026-03-16,DAL,18.11,4.0,1.0,2.0,0.0,2.0,1.0,9.0,2.0,6.0,0.0,1.0,0.0
0022500867,1629673,2026-02-28,UTA,15.14,11.0,3.0,1.0,0.0,2.0,4.0,8.0,4.0,7.0,3.0,0.0,0.0
0022500856,1629673,2026-02-26,UTA,10.11,3.0,2.0,3.0,0.0,1.0,0.0,4.0,1.0,4.0,1.0,0.0,0.0
0022500838,1629673,2026-02-24,GSW,22.47,12.0,6.0,3.0,0.0,0.0,2.0,11.0,4.0,10.0,3.0,1.0,1.0
0022500812,1629673,2026-02-21,PHI,24.28,23.0,3.0,5.0,1.0,0.0,0.0,15.0,8.0,11.0,5.0,2.0,2.0
0022501174,1629674,2026-04-10,NOP,13.07,7.0,10.0,2.0,0.0,1.0,1.0,3.0,3.0,1.0,1.0,0.0,0.0
0022501168,1629674,2026-04-09,NYK,24.11,10.0,10.0,2.0,2.0,0.0,0.0,6.0,4.0,0.0,0.0,2.0,2.0
0022501149,1629674,2026-04-07,CHA,25.18,12.0,5.0,3.0,0.0,1.0,0.0,7.0,6.0,0.0,0.0,0.0,0.0
0022501132,1629674,2026-04-05,TOR,33.52,18.0,7.0,4.0,0.0,3.0,0.0,10.0,9.0,0.0,0.0,0.0,0.0
0022501126,1629674,2026-04-03,MIL,28.54,19.0,10.0,2.0,0.0,4.0,0.0,11.0,8.0,0.0,0.0,4.0,3.0
0022501106,1629674,2026-04-01,MIA,33.05,16.0,11.0,3.0,0.0,3.0,0.0,7.0,5.0,0.0,0.0,8.0,6.0
0022501085,1629674,2026-03-29,CHA,28.45,17.0,8.0,1.0,1.0,1.0,0.0,13.0,8.0,1.0,0.0,2.0,1.0
0022501067,1629674,2026-03-27,ATL,27.35,5.0,11.0,5.0,0.0,1.0,3.0,2.0,2.0,0.0,0.0,2.0,1.0
0022501054,1629674,2026-03-25,OKC,29.54,13.0,5.0,2.0,0.0,2.0,0.0,7.0,5.0,0.0,0.0,4.0,3.0
0022501035,1629674,2026-03-22,MIN,26.57,4.0,10.0,1.0,2.0,0.0,0.0,5.0,2.0,0.0,0.0,0.0,0.0
0022501159,1629675,2026-04-08,ORL,24.06,15.0,5.0,2.0,3.0,2.0,1.0,11.0,6.0,5.0,1.0,3.0,2.0
0022501152,1629675,2026-04-07,IND,23.47,17.0,2.0,1.0,2.0,0.0,2.0,10.0,7.0,5.0,3.0,0.0,0.0
0022501137,1629675,2026-04-05,CHA,24.44,6.0,7.0,1.0,0.0,1.0,1.0,14.0,3.0,4.0,0.0,0.0,0.0
0022501121,1629675,2026-04-03,PHI,28.39,12.0,7.0,1.0,1.0,2.0,3.0,14.0,5.0,6.0,1.0,1.0,1.0
0022501115,1629675,2026-04-02,DET,30.3,19.0,6.0,3.0,0.0,2.0,1.0,16.0,6.0,9.0,4.0,4.0,3.0
0022501095,1629675,2026-03-30,DAL,24.52,12.0,5.0,0.0,0.0,1.0,1.0,14.0,5.0,6.0,2.0,0.0,0.0
0022501080,1629675,2026-03-28,DET,24.24,8.0,4.0,1.0,2.0,0.0,3.0,15.0,3.0,7.0,0.0,3.0,2.0
0022501058,1629675,2026-03-25,HOU,30.52,14.0,13.0,1.0,2.0,2.0,3.0,13.0,5.0,5.0,2.0,2.0,2.0
0022501035,1629675,2026-03-22,BOS,25.4,11.0,7.0,0.0,0.0,1.0,2.0,12.0,4.0,4.0,1.0,2.0,2.0
0022500996,1629675,2026-03-17,PHX,17.59,11.0,3.0,5.0,0.0,4.0,1.0,5.0,3.0,3.0,1.0,4.0,4.0
0022501200,1629680,2026-04-12,SAC,7.06,5.0,1.0,0.0,0.0,0.0,0.0,4.0,2.0,3.0,1.0,0.0,0.0
0022501183,1629680,2026-04-10,LAC,18.13,6.0,2.0,1.0,4.0,2.0,0.0,5.0,2.0,3.0,1.0,2.0,1.0
0022501161,1629680,2026-04-08,SAS,24.07,0.0,0.0,0.0,2.0,0.0,0.0,5.0,0.0,2.0,0.0,0.0,0.0
0022501147,1629680,2026-04-06,DEN,33.13,14.0,1.0,3.0,5.0,1.0,5.0,7.0,5.0,6.0,4.0,0.0,0.0
0022501118,1629680,2026-04-02,NOP,30.51,13.0,5.0,2.0,2.0,0.0,1.0,9.0,4.0,8.0,3.0,2.0,2.0
0022501104,1629680,2026-03-31,LAC,23.55,5.0,2.0,1.0,3.0,1.0,1.0,5.0,2.0,4.0,1.0,0.0,0.0
0022501087,1629680,2026-03-29,WAS,19.02,10.0,5.0,2.0,0.0,1.0,1.0,6.0,4.0,3.0,2.0,0.0,0.0
0022501074,1629680,2026-03-27,DAL,15.35,4.0,0.0,1.0,1.0,0.0,2.0,3.0,1.0,1.0,0.0,2.0,2.0
0022501061,1629680,2026-03-25,MIL,23.04,14.0,8.0,0.0,3.0,1.0,2.0,7.0,5.0,5.0,3.0,1.0,1.0
0022501045,1629680,2026-03-23,BKN,19.04,10.0,0.0,0.0,3.0,0.0,3.0,5.0,3.0,3.0,1.0,6.0,3.0
0022501190,1629684,2026-04-12,NYK,20.48,8.0,6.0,2.0,0.0,1.0,0.0,4.0,3.0,3.0,2.0,0.0,0.0
0022501171,1629684,2026-04-10,DET,22.13,2.0,4.0,0.0,4.0,1.0,0.0,5.0,1.0,3.0,0.0,0.0,0.0
0022501149,1629684,2026-04-07,BOS,25.4,9.0,2.0,0.0,0.0,2.0,1.0,8.0,3.0,7.0,3.0,0.0,0.0
0022501137,1629684,2026-04-05,MIN,18.51,8.0,4.0,1.0,2.0,1.0,0.0,3.0,2.0,3.0,2.0,2.0,2.0
0022501114,1629684,2026-04-02,PHX,21.01,10.0,7.0,2.0,0.0,0.0,1.0,10.0,3.0,8.0,2.0,2.0,2.0
0022501100,1629684,2026-03-31,BKN,19.52,10.0,2.0,2.0,0.0,0.0,0.0,7.0,4.0,3.0,2.0,0.0,0.0
0022501077,1629684,2026-03-28,PHI,25.07,9.0,8.0,0.0,0.0,0.0,2.0,5.0,2.0,4.0,2.0,6.0,3.0
0022501063,1629684,2026-03-26,NYK,14.59,5.0,1.0,1.0,0.0,1.0,2.0,2.0,1.0,2.0,1.0,2.0,2.0
0022501047,1629684,2026-03-24,SAC,16.46,0.0,3.0,2.0,0.0,1.0,0.0,1.0,0.0,1.0,0.0,0.0,0.0
0022501023,1629684,2026-03-21,MEM,18.37,5.0,4.0,0.0,0.0,0.0,0.0,3.0,2.0,2.0,1.0,0.0,0.0
0022501198,1629723,2026-04-12,LAL,27.45,4.0,7.0,2.0,3.0,2.0,1.0,6.0,2.0,2.0,0.0,0.0,0.0
0022501181,1629723,2026-04-10,MEM,35.28,11.0,11.0,10.0,5.0,2.0,3.0,6.0,4.0,3.0,1.0,2.0,2.0
0022501153,1629723,2026-04-07,NOP,37.49,12.0,10.0,10.0,2.0,1.0,1.0,8.0,4.0,3.0,2.0,2.0,2.0
0022501139,1629723,2026-04-05,OKC,25.56,9.0,9.0,3.0,5.0,0.0,2.0,7.0,3.0,1.0,0.0,4.0,3.0
0022501124,1629723,2026-04-03,HOU,30.25,3.0,5.0,3.0,2.0,1.0,0.0,7.0,1.0,4.0,1.0,0.0,0.0
0022501112,1629723,2026-04-01,DEN,29.11,12.0,10.0,6.0,2.0,1.0,1.0,7.0,4.0,3.0,1.0,5.0,3.0
0022501096,1629723,2026-03-30,CLE,29.58,6.0,4.0,2.0,0.0,0.0,0.0,4.0,2.0,2.0,2.0,0.0,0.0
0022501081,1629723,2026-03-28,PHX,21.42,3.0,3.0,5.0,1.0,0.0,0.0,3.0,1.0,2.0,1.0,0.0,0.0
0022501072,1629723,2026-03-27,DEN,30.13,16.0,8.0,2.0,1.0,2.0,0.0,10.0,8.0,1.0,0.0,0.0,0.0
0022501057,1629723,2026-03-25,WAS,38.27,8.0,14.0,5.0,1.0,3.0,0.0,9.0,4.0,3.0,0.0,0.0,0.0
0022500413,1629726,2025-12-23,MIL,11.06,6.0,2.0,0.0,1.0,0.0,0.0,4.0,2.0,3.0,2.0,0.0,0.0
0022500403,1629726,2025-12-22,BOS,1.01,2.0,0.0,0.0,0.0,0.0,0.0,0.0,0.0,0.0,0.0,2.0,2.0
0022500389,1629726,2025-12-20,NOP,10.36,7.0,1.0,1.0,1.0,1.0,0.0,2.0,2.0,2.0,2.0,2.0,1.0
0022500372,1629726,2025-12-18,NYK,7.54,4.0,1.0,0.0,0.0,0.0,0.0,4.0,2.0,2.0,0.0,0.0,0.0
0022501216,1629726,2025-12-14,WAS,18.37,8.0,1.0,2.0,1.0,0.0,0.0,5.0,2.0,5.0,2.0,2.0,2.0
0022501211,1629726,2025-12-12,PHI,23.22,8.0,4.0,2.0,0.0,0.0,0.0,6.0,2.0,6.0,2.0,2.0,2.0
0022500364,1629726,2025-12-08,SAC,17.18,7.0,1.0,1.0,0.0,1.0,0.0,7.0,2.0,6.0,2.0,1.0,1.0
0022500345,1629726,2025-12-05,CHI,14.56,3.0,3.0,0.0,1.0,0.0,1.0,4.0,1.0,4.0,1.0,0.0,0.0
0022500325,1629726,2025-12-03,DEN,19.48,9.0,0.0,1.0,0.0,0.0,0.0,4.0,3.0,2.0,1.0,2.0,2.0
0022500310,1629726,2025-12-01,CLE,25.18,15.0,1.0,1.0,1.0,0.0,0.0,3.0,3.0,3.0,3.0,9.0,6.0
0022501173,1629731,2026-04-10,ATL,17.26,3.0,3.0,0.0,0.0,0.0,0.0,1.0,1.0,1.0,1.0,0.0,0.0
0022501158,1629731,2026-04-08,ATL,21.15,8.0,4.0,2.0,1.0,1.0,0.0,4.0,3.0,3.0,2.0,0.0,0.0
0022501049,1629731,2026-03-24,ORL,20.41,2.0,1.0,1.0,0.0,0.0,0.0,4.0,1.0,2.0,0.0,0.0,0.0
0022501025,1629731,2026-03-21,NOP,23.17,7.0,5.0,3.0,2.0,0.0,1.0,6.0,3.0,4.0,1.0,0.0,0.0
0022501011,1629731,2026-03-19,CHI,18.51,0.0,7.0,1.0,0.0,0.0,0.0,3.0,0.0,2.0,0.0,0.0,0.0
0022500995,1629731,2026-03-17,MIL,24.52,9.0,2.0,2.0,0.0,0.0,0.0,8.0,4.0,4.0,1.0,0.0,0.0
0022500977,1629731,2026-03-15,DAL,26.18,12.0,5.0,0.0,0.0,0.0,0.0,9.0,5.0,5.0,2.0,0.0,0.0
0022500965,1629731,2026-03-13,DAL,17.35,3.0,0.0,1.0,1.0,0.0,0.0,2.0,1.0,1.0,1.0,0.0,0.0
0022500947,1629731,2026-03-11,ORL,19.58,0.0,5.0,0.0,0.0,1.0,1.0,2.0,0.0,1.0,0.0,0.0,0.0
0022500931,1629731,2026-03-09,PHI,20.13,13.0,10.0,2.0,0.0,1.0,0.0,9.0,5.0,6.0,3.0,0.0,0.0
0022501188,1629750,2026-04-12,IND,11.52,6.0,3.0,1.0,1.0,0.0,0.0,3.0,2.0,3.0,2.0,0.0,0.0
0022501171,1629750,2026-04-10,CHA,15.1,6.0,2.0,0.0,1.0,0.0,0.0,1.0,1.0,1.0,1.0,3.0,3.0
0022501160,1629750,2026-04-08,MIL,15.42,8.0,5.0,0.0,1.0,1.0,0.0,4.0,2.0,2.0,1.0,3.0,3.0
0022501144,1629750,2026-04-06,ORL,27.15,17.0,6.0,2.0,3.0,2.0,1.0,13.0,6.0,8.0,3.0,3.0,2.0
0022501131,1629750,2026-04-04,PHI,6.21,2.0,1.0,0.0,0.0,0.0,0.0,2.0,1.0,0.0,0.0,0.0,0.0
0022501115,1629750,2026-04-02,MIN,26.33,8.0,6.0,0.0,1.0,0.0,1.0,7.0,2.0,5.0,2.0,2.0,2.0
0022501101,1629750,2026-03-31,TOR,5.48,0.0,0.0,1.0,1.0,0.0,0.0,0.0,0.0,0.0,0.0,0.0,0.0
0022501097,1629750,2026-03-30,OKC,30.2,19.0,5.0,1.0,2.0,0.0,0.0,12.0,6.0,11.0,5.0,2.0,2.0
0022501080,1629750,2026-03-28,MIN,13.35,6.0,5.0,1.0,1.0,0.0,0.0,4.0,2.0,4.0,2.0,0.0,0.0
0022501064,1629750,2026-03-26,NOP,19.33,8.0,1.0,1.0,1.0,0.0,1.0,4.0,3.0,3.0,2.0,0.0,0.0
0022501178,1630162,2026-04-10,HOU,27.09,22.0,2.0,3.0,0.0,0.0,4.0,14.0,7.0,7.0,3.0,6.0,5.0
0022501121,1630162,2026-04-03,PHI,26.1,8.0,2.0,3.0,2.0,1.0,2.0,15.0,3.0,7.0,0.0,3.0,2.0
0022501095,1630162,2026-03-30,DAL,22.37,17.0,2.0,4.0,0.0,0.0,3.0,13.0,7.0,3.0,2.0,1.0,1.0
0022500976,1630162,2026-03-15,OKC,37.19,19.0,6.0,5.0,1.0,1.0,6.0,17.0,6.0,5.0,2.0,10.0,5.0
0022500966,1630162,2026-03-13,GSW,37.16,42.0,8.0,5.0,1.0,1.0,2.0,22.0,13.0,9.0,4.0,12.0,12.0
0022500952,1630162,2026-03-11,LAC,34.56,36.0,2.0,5.0,1.0,0.0,5.0,17.0,11.0,8.0,3.0,12.0,11.0
0022500946,1630162,2026-03-10,LAL,30.51,14.0,2.0,4.0,1.0,1.0,2.0,15.0,2.0,10.0,1.0,10.0,9.0
0022500915,1630162,2026-03-07,ORL,31.33,34.0,3.0,2.0,2.0,2.0,0.0,18.0,8.0,9.0,5.0,14.0,13.0
0022500903,1630162,2026-03-05,TOR,34.05,22.0,4.0,3.0,1.0,0.0,4.0,12.0,8.0,8.0,5.0,2.0,1.0
0022500890,1630162,2026-03-03,MEM,37.16,41.0,6.0,2.0,5.0,1.0,2.0,29.0,15.0,13.0,7.0,4.0,4.0
0022501190,1630163,2026-04-12,NYK,29.05,19.0,7.0,6.0,2.0,1.0,5.0,19.0,7.0,16.0,5.0,0.0,0.0
0022501171,1630163,2026-04-10,DET,32.41,27.0,5.0,8.0,2.0,1.0,4.0,20.0,7.0,16.0,6.0,7.0,7.0
0022501149,1630163,2026-04-07,BOS,36.33,36.0,5.0,6.0,1.0,0.0,4.0,24.0,12.0,15.0,6.0,6.0,6.0
0022501137,1630163,2026-04-05,MIN,31.24,35.0,3.0,8.0,1.0,0.0,4.0,22.0,13.0,14.0,7.0,2.0,2.0
0022501120,1630163,2026-04-03,IND,30.01,18.0,6.0,9.0,2.0,0.0,3.0,15.0,6.0,12.0,5.0,2.0,1.0
0022501114,1630163,2026-04-02,PHX,25.1,15.0,2.0,11.0,1.0,0.0,0.0,13.0,6.0,6.0,2.0,1.0,1.0
0022501100,1630163,2026-03-31,BKN,27.31,14.0,7.0,9.0,0.0,0.0,3.0,12.0,4.0,10.0,3.0,4.0,3.0
0022501085,1630163,2026-03-29,BOS,26.26,19.0,4.0,3.0,1.0,0.0,4.0,19.0,7.0,12.0,3.0,2.0,2.0
0022501077,1630163,2026-03-28,PHI,37.1,20.0,3.0,8.0,1.0,0.0,2.0,26.0,7.0,18.0,5.0,1.0,1.0
0022501063,1630163,2026-03-26,NYK,35.37,22.0,5.0,6.0,0.0,0.0,1.0,14.0,7.0,9.0,4.0,4.0,4.0
0022500413,1630164,2025-12-23,MIL,11.41,3.0,0.0,1.0,0.0,0.0,1.0,1.0,1.0,0.0,0.0,2.0,1.0
0022500403,1630164,2025-12-22,BOS,12.12,0.0,1.0,2.0,0.0,0.0,0.0,1.0,0.0,0.0,0.0,0.0,0.0
0022500389,1630164,2025-12-20,NOP,14.44,6.0,3.0,0.0,0.0,0.0,1.0,5.0,3.0,0.0,0.0,0.0,0.0
0022500103,1630164,2025-10-25,MEM,19.51,4.0,4.0,0.0,0.0,1.0,3.0,3.0,2.0,0.0,0.0,0.0,0.0
0022501200,1630165,2026-04-12,POR,25.48,9.0,2.0,3.0,2.0,0.0,1.0,8.0,3.0,1.0,1.0,2.0,2.0
0022501184,1630165,2026-04-10,GSW,19.03,6.0,1.0,2.0,1.0,0.0,0.0,3.0,0.0,2.0,0.0,6.0,6.0
0022501154,1630165,2026-04-07,GSW,31.4,18.0,4.0,4.0,4.0,0.0,3.0,13.0,6.0,7.0,3.0,4.0,3.0
0022501141,1630165,2026-04-05,LAC,13.31,2.0,2.0,4.0,2.0,0.0,3.0,3.0,1.0,2.0,0.0,0.0,0.0
0022501128,1630165,2026-04-03,NOP,19.38,5.0,3.0,5.0,0.0,0.0,1.0,8.0,1.0,5.0,1.0,2.0,2.0
0022501108,1630165,2026-04-01,TOR,14.27,5.0,2.0,3.0,3.0,0.0,0.0,5.0,1.0,2.0,0.0,3.0,3.0
0022501084,1630165,2026-03-29,BKN,18.18,1.0,2.0,7.0,1.0,1.0,3.0,5.0,0.0,1.0,0.0,1.0,1.0
0022501078,1630165,2026-03-28,ATL,17.02,10.0,1.0,4.0,1.0,0.0,2.0,8.0,4.0,5.0,2.0,0.0,0.0
0022501065,1630165,2026-03-26,ORL,1.53,0.0,0.0,1.0,0.0,0.0,0.0,0.0,0.0,0.0,0.0,0.0,0.0
0022501033,1630165,2026-03-22,BKN,12.23,2.0,4.0,1.0,0.0,0.0,0.0,4.0,1.0,0.0,0.0,0.0,0.0
0022501200,1630166,2026-04-12,SAC,33.05,25.0,6.0,10.0,0.0,0.0,3.0,19.0,9.0,9.0,5.0,3.0,2.0
0022501183,1630166,2026-04-10,LAC,35.08,35.0,4.0,5.0,1.0,1.0,3.0,19.0,11.0,6.0,1.0,13.0,12.0
0022501161,1630166,2026-04-08,SAS,37.32,29.0,6.0,6.0,0.0,0.0,6.0,21.0,13.0,3.0,1.0,4.0,2.0
0022501147,1630166,2026-04-06,DEN,39.3,26.0,4.0,7.0,1.0,1.0,4.0,15.0,6.0,6.0,1.0,14.0,13.0
0022501118,1630166,2026-04-02,NOP,37.15,26.0,8.0,7.0,2.0,1.0,3.0,20.0,7.0,7.0,2.0,13.0,10.0
0022501104,1630166,2026-03-31,LAC,34.08,28.0,11.0,8.0,0.0,0.0,2.0,15.0,8.0,4.0,1.0,12.0,11.0
0022501087,1630166,2026-03-29,WAS,27.34,20.0,7.0,5.0,2.0,0.0,4.0,16.0,8.0,3.0,1.0,6.0,3.0
0022501074,1630166,2026-03-27,DAL,37.47,20.0,9.0,6.0,1.0,2.0,5.0,15.0,8.0,3.0,0.0,9.0,4.0
0022501061,1630166,2026-03-25,MIL,24.55,18.0,4.0,7.0,0.0,1.0,4.0,8.0,4.0,5.0,1.0,11.0,9.0
0022501045,1630166,2026-03-23,BKN,20.53,18.0,5.0,2.0,1.0,0.0,3.0,10.0,4.0,3.0,0.0,12.0,10.0
0022501188,1630167,2026-04-12,DET,18.07,21.0,2.0,2.0,0.0,0.0,2.0,12.0,7.0,11.0,7.0,0.0,0.0
0022501175,1630167,2026-04-10,PHI,19.24,7.0,7.0,2.0,0.0,0.0,2.0,8.0,3.0,5.0,1.0,0.0,0.0
0022501167,1630167,2026-04-09,BKN,18.35,26.0,9.0,3.0,0.0,0.0,0.0,14.0,11.0,1.0,0.0,4.0,4.0
0022501152,1630167,2026-04-07,MIN,22.03,14.0,3.0,2.0,1.0,0.0,2.0,13.0,4.0,3.0,1.0,5.0,5.0
0022501136,1630167,2026-04-05,CLE,23.28,21.0,8.0,4.0,1.0,0.0,1.0,10.0,4.0,7.0,3.0,10.0,10.0
0022501120,1630167,2026-04-03,CHA,20.02,11.0,4.0,1.0,0.0,0.0,1.0,9.0,4.0,6.0,3.0,0.0,0.0
0022501109,1630167,2026-04-01,CHI,10.48,6.0,3.0,3.0,1.0,0.0,0.0,6.0,3.0,1.0,0.0,0.0,0.0
0022501083,1630167,2026-03-29,MIA,14.36,12.0,2.0,3.0,0.0,0.0,0.0,8.0,5.0,3.0,1.0,1.0,1.0
0022501066,1630167,2026-03-27,LAC,22.54,20.0,8.0,4.0,0.0,0.0,1.0,11.0,8.0,7.0,4.0,0.0,0.0
0022501052,1630167,2026-03-25,LAL,19.51,15.0,3.0,2.0,3.0,0.0,3.0,10.0,7.0,3.0,1.0,0.0,0.0
0022501173,1630168,2026-04-10,CLE,26.5,2.0,5.0,1.0,1.0,0.0,0.0,5.0,1.0,2.0,0.0,0.0,0.0
0022501158,1630168,2026-04-08,CLE,32.53,18.0,5.0,0.0,0.0,1.0,1.0,10.0,7.0,2.0,1.0,4.0,3.0
0022501143,1630168,2026-04-06,NYK,36.42,12.0,8.0,1.0,0.0,1.0,2.0,13.0,4.0,7.0,2.0,2.0,2.0
0022501122,1630168,2026-04-03,BKN,26.36,15.0,7.0,4.0,0.0,2.0,1.0,11.0,5.0,5.0,2.0,4.0,3.0
0022501107,1630168,2026-04-01,ORL,30.37,16.0,7.0,4.0,2.0,2.0,3.0,11.0,4.0,5.0,2.0,8.0,6.0
0022501092,1630168,2026-03-30,BOS,36.18,20.0,10.0,3.0,3.0,1.0,2.0,14.0,7.0,10.0,4.0,2.0,2.0
0022501067,1630168,2026-03-27,BOS,37.43,8.0,9.0,2.0,0.0,0.0,1.0,7.0,3.0,2.0,1.0,3.0,1.0
0022501051,1630168,2026-03-25,DET,24.0,11.0,1.0,2.0,2.0,0.0,2.0,6.0,4.0,5.0,3.0,0.0,0.0
0022501037,1630168,2026-03-23,MEM,20.06,16.0,5.0,2.0,2.0,1.0,1.0,7.0,5.0,2.0,0.0,8.0,6.0
0022501026,1630168,2026-03-21,GSW,25.47,6.0,5.0,5.0,0.0,1.0,2.0,7.0,3.0,3.0,0.0,0.0,0.0
0022501197,1630170,2026-04-12,DEN,33.07,19.0,4.0,2.0,2.0,0.0,3.0,13.0,7.0,8.0,3.0,2.0,2.0
0022501180,1630170,2026-04-10,DAL,27.26,5.0,2.0,2.0,0.0,0.0,1.0,7.0,2.0,4.0,1.0,0.0,0.0
0022501161,1630170,2026-04-08,POR,30.59,14.0,8.0,1.0,2.0,0.0,1.0,13.0,5.0,7.0,2.0,3.0,2.0
0022501146,1630170,2026-04-06,PHI,30.04,9.0,4.0,4.0,1.0,0.0,0.0,9.0,4.0,4.0,1.0,0.0,0.0
0022501130,1630170,2026-04-04,DEN,39.13,18.0,5.0,2.0,0.0,1.0,0.0,14.0,6.0,8.0,3.0,3.0,3.0
0022501119,1630170,2026-04-02,LAC,28.52,14.0,10.0,2.0,0.0,0.0,0.0,12.0,5.0,8.0,3.0,1.0,1.0
0022501113,1630170,2026-04-01,GSW,27.49,8.0,2.0,4.0,0.0,1.0,2.0,8.0,2.0,5.0,1.0,4.0,3.0
0022501094,1630170,2026-03-30,CHI,30.43,6.0,7.0,3.0,1.0,0.0,0.0,9.0,2.0,4.0,2.0,0.0,0.0
0022501076,1630170,2026-03-28,MIL,24.09,16.0,4.0,1.0,3.0,1.0,0.0,11.0,6.0,7.0,4.0,0.0,0.0
0022501056,1630170,2026-03-25,MEM,26.28,19.0,7.0,4.0,1.0,0.0,0.0,10.0,7.0,6.0,4.0,2.0,1.0
0022501148,1630171,2026-04-07,WAS,16.18,11.0,4.0,2.0,1.0,0.0,0.0,7.0,4.0,3.0,1.0,2.0,2.0
0022501134,1630171,2026-04-05,PHX,36.28,10.0,4.0,5.0,2.0,1.0,3.0,10.0,5.0,5.0,0.0,0.0,0.0
0022501123,1630171,2026-04-03,NYK,26.24,7.0,1.0,2.0,3.0,0.0,0.0,6.0,3.0,2.0,0.0,1.0,1.0
0022501109,1630171,2026-04-01,IND,26.14,14.0,1.0,2.0,1.0,0.0,0.0,5.0,4.0,4.0,3.0,4.0,3.0
0022501094,1630171,2026-03-30,SAS,25.15,6.0,3.0,0.0,1.0,0.0,0.0,5.0,2.0,3.0,1.0,2.0,1.0
0022501079,1630171,2026-03-28,MEM,29.42,7.0,4.0,1.0,0.0,3.0,2.0,7.0,3.0,3.0,0.0,2.0,1.0
0022501070,1630171,2026-03-27,OKC,31.13,20.0,4.0,0.0,0.0,1.0,0.0,13.0,7.0,5.0,3.0,3.0,3.0
0022501053,1630171,2026-03-25,PHI,23.17,13.0,2.0,1.0,1.0,0.0,0.0,10.0,5.0,6.0,3.0,0.0,0.0
0022500930,1630171,2026-03-08,SAC,23.44,9.0,1.0,1.0,0.0,0.0,0.0,5.0,2.0,5.0,2.0,4.0,3.0
0022500905,1630171,2026-03-05,PHX,35.31,6.0,1.0,3.0,1.0,0.0,2.0,7.0,3.0,1.0,0.0,0.0,0.0
0022501193,1630172,2026-04-12,DAL,35.35,13.0,4.0,5.0,3.0,1.0,2.0,15.0,5.0,9.0,2.0,1.0,1.0
0022501177,1630172,2026-04-10,ORL,27.21,8.0,4.0,0.0,1.0,0.0,0.0,10.0,3.0,6.0,2.0,0.0,0.0
0022501166,1630172,2026-04-09,WAS,38.59,15.0,8.0,4.0,1.0,1.0,1.0,11.0,4.0,6.0,3.0,4.0,4.0
0022501148,1630172,2026-04-07,WAS,31.54,20.0,7.0,6.0,3.0,1.0,3.0,8.0,6.0,6.0,4.0,4.0,4.0
0022501134,1630172,2026-04-05,PHX,24.08,5.0,1.0,3.0,1.0,1.0,1.0,8.0,2.0,5.0,0.0,1.0,1.0
0022501123,1630172,2026-04-03,NYK,20.49,7.0,3.0,2.0,0.0,0.0,2.0,8.0,3.0,4.0,1.0,0.0,0.0
0022501109,1630172,2026-04-01,IND,13.14,0.0,4.0,1.0,0.0,0.0,3.0,4.0,0.0,4.0,0.0,2.0,0.0
0022501094,1630172,2026-03-30,SAS,21.15,2.0,1.0,1.0,1.0,1.0,1.0,7.0,0.0,4.0,0.0,2.0,2.0
0022501079,1630172,2026-03-28,MEM,22.58,4.0,3.0,0.0,0.0,1.0,0.0,5.0,2.0,3.0,0.0,0.0,0.0
0022501070,1630172,2026-03-27,OKC,18.13,4.0,5.0,1.0,0.0,0.0,0.0,8.0,1.0,4.0,1.0,2.0,1.0
0022501200,1630173,2026-04-12,POR,35.0,27.0,11.0,4.0,0.0,1.0,2.0,21.0,10.0,3.0,0.0,11.0,7.0
0022501184,1630173,2026-04-10,GSW,24.55,5.0,6.0,4.0,2.0,1.0,1.0,9.0,2.0,4.0,0.0,2.0,1.0
0022501154,1630173,2026-04-07,GSW,34.12,13.0,6.0,4.0,0.0,1.0,2.0,14.0,6.0,2.0,0.0,2.0,1.0
0022501141,1630173,2026-04-05,LAC,20.11,8.0,5.0,0.0,0.0,0.0,1.0,6.0,3.0,0.0,0.0,6.0,2.0
0022501128,1630173,2026-04-03,NOP,24.51,12.0,7.0,2.0,2.0,0.0,3.0,10.0,6.0,2.0,0.0,1.0,0.0
0022501108,1630173,2026-04-01,TOR,37.58,28.0,19.0,1.0,0.0,1.0,2.0,19.0,12.0,2.0,1.0,4.0,3.0
0022501084,1630173,2026-03-29,BKN,34.19,16.0,8.0,1.0,1.0,0.0,3.0,14.0,7.0,1.0,0.0,7.0,2.0
0022501078,1630173,2026-03-28,ATL,20.11,16.0,6.0,2.0,2.0,0.0,1.0,11.0,8.0,1.0,0.0,0.0,0.0
0022501065,1630173,2026-03-26,ORL,33.45,14.0,9.0,2.0,2.0,2.0,2.0,12.0,7.0,1.0,0.0,0.0,0.0
0022501033,1630173,2026-03-22,BKN,28.27,14.0,15.0,0.0,1.0,0.0,2.0,13.0,6.0,0.0,0.0,4.0,2.0
0022501066,1630174,2026-03-27,LAC,35.24,26.0,7.0,2.0,1.0,0.0,5.0,14.0,10.0,5.0,4.0,2.0,2.0
0022501052,1630174,2026-03-25,LAL,32.07,14.0,3.0,1.0,1.0,0.0,3.0,13.0,6.0,8.0,2.0,2.0,0.0
0022501039,1630174,2026-03-23,ORL,35.21,19.0,2.0,2.0,0.0,1.0,1.0,11.0,6.0,8.0,5.0,2.0,2.0
0022501028,1630174,2026-03-21,SAS,24.49,5.0,2.0,0.0,0.0,0.0,0.0,7.0,2.0,3.0,1.0,0.0,0.0
0022501001,1630174,2026-03-18,POR,26.2,15.0,3.0,1.0,1.0,0.0,1.0,13.0,6.0,5.0,1.0,2.0,2.0
0022500994,1630174,2026-03-17,NYK,24.2,14.0,1.0,0.0,0.0,0.0,0.0,8.0,5.0,6.0,4.0,0.0,0.0
0022500979,1630174,2026-03-15,MIL,28.49,32.0,2.0,1.0,0.0,1.0,3.0,14.0,10.0,10.0,7.0,5.0,5.0
0022500962,1630174,2026-03-13,NYK,34.26,12.0,2.0,2.0,1.0,0.0,1.0,13.0,5.0,5.0,1.0,1.0,1.0
0022500945,1630174,2026-03-10,SAC,34.36,29.0,4.0,3.0,0.0,1.0,0.0,22.0,10.0,7.0,2.0,7.0,7.0
0022500929,1630174,2026-03-08,POR,24.45,9.0,1.0,2.0,1.0,0.0,1.0,6.0,4.0,3.0,1.0,0.0,0.0
0022500722,1630175,2026-02-03,CHI,12.14,4.0,3.0,5.0,0.0,1.0,2.0,4.0,2.0,0.0,0.0,0.0,0.0
0022500702,1630175,2026-02-01,BOS,14.51,2.0,2.0,3.0,0.0,0.0,0.0,7.0,1.0,2.0,0.0,0.0,0.0
0022500681,1630175,2026-01-29,WAS,17.36,5.0,2.0,1.0,1.0,0.0,1.0,11.0,2.0,6.0,1.0,0.0,0.0
0022500666,1630175,2026-01-27,PHI,14.13,10.0,1.0,1.0,0.0,0.0,2.0,8.0,3.0,2.0,1.0,4.0,3.0
0022500640,1630175,2026-01-23,DEN,16.23,9.0,2.0,5.0,1.0,1.0,1.0,8.0,4.0,3.0,1.0,0.0,0.0
0022500625,1630175,2026-01-21,OKC,24.15,17.0,3.0,3.0,0.0,0.0,5.0,9.0,7.0,4.0,3.0,0.0,0.0
0022500582,1630175,2026-01-15,SAS,13.55,7.0,3.0,1.0,0.0,1.0,2.0,6.0,3.0,1.0,1.0,0.0,0.0
0022500566,1630175,2026-01-13,MIN,9.11,4.0,2.0,3.0,1.0,0.0,1.0,5.0,2.0,2.0,0.0,0.0,0.0
0022500428,1630175,2025-12-26,MEM,3.26,0.0,1.0,0.0,0.0,0.0,1.0,0.0,0.0,0.0,0.0,0.0,0.0
0022500413,1630175,2025-12-23,IND,1.14,3.0,0.0,0.0,0.0,0.0,0.0,1.0,1.0,1.0,1.0,0.0,0.0
0022501191,1630178,2026-04-12,MIL,26.59,21.0,2.0,1.0,1.0,0.0,3.0,13.0,8.0,5.0,2.0,3.0,3.0
0022501175,1630178,2026-04-10,IND,38.32,32.0,8.0,5.0,2.0,0.0,1.0,28.0,11.0,10.0,1.0,10.0,9.0
0022501169,1630178,2026-04-09,HOU,33.17,24.0,3.0,5.0,0.0,0.0,2.0,20.0,9.0,10.0,5.0,1.0,1.0
0022501146,1630178,2026-04-06,SAS,39.37,15.0,3.0,8.0,0.0,0.0,4.0,16.0,6.0,4.0,1.0,2.0,2.0
0022501131,1630178,2026-04-04,DET,33.1,23.0,1.0,1.0,1.0,0.0,2.0,17.0,8.0,5.0,2.0,7.0,5.0
0022501121,1630178,2026-04-03,MIN,34.51,21.0,6.0,8.0,0.0,2.0,3.0,13.0,7.0,3.0,1.0,6.0,6.0
0022501105,1630178,2026-04-01,WAS,34.01,28.0,2.0,9.0,1.0,0.0,2.0,20.0,12.0,5.0,1.0,4.0,3.0
0022501091,1630178,2026-03-30,MIA,43.55,23.0,7.0,9.0,0.0,2.0,2.0,20.0,7.0,9.0,2.0,7.0,7.0
0022501077,1630178,2026-03-28,CHA,43.0,26.0,7.0,8.0,1.0,1.0,3.0,18.0,10.0,6.0,3.0,4.0,3.0
0022500917,1630178,2026-03-07,ATL,37.51,31.0,2.0,5.0,4.0,0.0,5.0,22.0,12.0,7.0,3.0,4.0,4.0
0022501138,1630180,2026-04-05,ORL,38.46,32.0,6.0,1.0,2.0,0.0,1.0,24.0,10.0,8.0,3.0,11.0,9.0
0022501128,1630180,2026-04-03,SAC,29.1,20.0,1.0,3.0,1.0,0.0,0.0,15.0,7.0,6.0,1.0,5.0,5.0
0022501118,1630180,2026-04-02,POR,34.43,15.0,6.0,1.0,1.0,0.0,1.0,14.0,6.0,5.0,3.0,2.0,0.0
0022501088,1630180,2026-03-29,HOU,31.05,18.0,7.0,1.0,0.0,1.0,1.0,13.0,7.0,6.0,4.0,0.0,0.0
0022501071,1630180,2026-03-27,TOR,30.08,19.0,3.0,2.0,0.0,1.0,2.0,12.0,6.0,6.0,3.0,4.0,4.0
0022501064,1630180,2026-03-26,DET,30.45,17.0,1.0,3.0,3.0,0.0,2.0,15.0,7.0,5.0,3.0,2.0,0.0
0022501048,1630180,2026-03-24,NYK,27.54,18.0,4.0,2.0,0.0,0.0,2.0,13.0,6.0,6.0,4.0,2.0,2.0
0022501025,1630180,2026-03-21,CLE,36.23,19.0,5.0,4.0,0.0,0.0,1.0,14.0,6.0,8.0,4.0,3.0,3.0
0022501012,1630180,2026-03-19,LAC,35.33,20.0,6.0,6.0,1.0,0.0,0.0,11.0,6.0,4.0,3.0,5.0,5.0
0022501005,1630180,2026-03-18,LAC,34.57,25.0,5.0,4.0,2.0,0.0,2.0,21.0,10.0,10.0,5.0,0.0,0.0
0022501190,1630182,2026-04-12,NYK,10.0,3.0,2.0,0.0,0.0,0.0,0.0,2.0,1.0,2.0,1.0,0.0,0.0
0022501171,1630182,2026-04-10,DET,10.43,0.0,0.0,0.0,0.0,1.0,0.0,0.0,0.0,0.0,0.0,0.0,0.0
0022501149,1630182,2026-04-07,BOS,7.27,3.0,2.0,0.0,0.0,0.0,0.0,2.0,1.0,2.0,1.0,0.0,0.0
0022501137,1630182,2026-04-05,MIN,2.3,0.0,0.0,0.0,0.0,0.0,0.0,1.0,0.0,1.0,0.0,0.0,0.0
0022501120,1630182,2026-04-03,IND,24.24,6.0,2.0,2.0,1.0,0.0,0.0,5.0,2.0,4.0,2.0,0.0,0.0
0022501114,1630182,2026-04-02,PHX,6.53,0.0,0.0,0.0,0.0,0.0,1.0,0.0,0.0,0.0,0.0,0.0,0.0
0022501100,1630182,2026-03-31,BKN,13.3,3.0,0.0,0.0,1.0,0.0,2.0,2.0,1.0,2.0,1.0,0.0,0.0
0022501085,1630182,2026-03-29,BOS,17.58,0.0,0.0,1.0,1.0,0.0,1.0,1.0,0.0,1.0,0.0,0.0,0.0
0022501077,1630182,2026-03-28,PHI,10.09,2.0,0.0,1.0,1.0,0.0,2.0,3.0,1.0,2.0,0.0,0.0,0.0
0022501063,1630182,2026-03-26,NYK,2.19,0.0,0.0,0.0,0.0,0.0,0.0,0.0,0.0,0.0,0.0,0.0,0.0
0022501178,1630183,2026-04-10,HOU,34.59,16.0,7.0,2.0,0.0,4.0,0.0,19.0,8.0,3.0,0.0,0.0,0.0
0022501159,1630183,2026-04-08,ORL,19.19,18.0,2.0,2.0,1.0,0.0,2.0,16.0,8.0,5.0,1.0,2.0,1.0
0022501058,1630183,2026-03-25,HOU,36.59,25.0,2.0,0.0,2.0,2.0,1.0,17.0,10.0,4.0,3.0,3.0,2.0
0022501035,1630183,2026-03-22,BOS,32.4,19.0,6.0,3.0,0.0,0.0,2.0,18.0,8.0,7.0,3.0,0.0,0.0
0022501020,1630183,2026-03-20,POR,40.02,16.0,6.0,3.0,5.0,1.0,1.0,11.0,6.0,1.0,0.0,6.0,4.0
0022501004,1630183,2026-03-18,UTA,26.17,17.0,2.0,3.0,1.0,1.0,1.0,15.0,7.0,7.0,3.0,0.0,0.0
0022500996,1630183,2026-03-17,PHX,37.04,16.0,7.0,4.0,3.0,1.0,0.0,12.0,6.0,3.0,1.0,4.0,3.0
0022500976,1630183,2026-03-15,OKC,16.08,2.0,1.0,1.0,0.0,0.0,2.0,3.0,1.0,2.0,0.0,0.0,0.0
0022500966,1630183,2026-03-13,GSW,29.35,15.0,1.0,2.0,1.0,1.0,4.0,9.0,6.0,3.0,1.0,2.0,2.0
0022500952,1630183,2026-03-11,LAC,31.11,11.0,2.0,3.0,0.0,0.0,3.0,6.0,5.0,1.0,1.0,0.0,0.0
0022501053,1630188,2026-03-25,PHI,6.03,0.0,1.0,0.0,0.0,1.0,0.0,1.0,0.0,1.0,0.0,0.0,0.0
0022501042,1630188,2026-03-23,HOU,25.47,15.0,6.0,2.0,0.0,2.0,3.0,8.0,6.0,5.0,3.0,0.0,0.0
0022501002,1630188,2026-03-18,TOR,17.18,10.0,4.0,1.0,1.0,0.0,3.0,4.0,3.0,3.0,2.0,2.0,2.0
0022500987,1630188,2026-03-16,MEM,26.46,13.0,5.0,0.0,0.0,0.0,1.0,10.0,5.0,4.0,0.0,3.0,3.0
0022500960,1630188,2026-03-12,LAL,30.21,14.0,4.0,0.0,0.0,0.0,0.0,11.0,5.0,5.0,2.0,2.0,2.0
0022500943,1630188,2026-03-10,GSW,33.53,12.0,12.0,3.0,0.0,1.0,1.0,13.0,3.0,10.0,2.0,4.0,4.0
0022500930,1630188,2026-03-08,SAC,19.53,4.0,3.0,0.0,0.0,1.0,0.0,6.0,1.0,5.0,1.0,4.0,1.0
0022500825,1630188,2026-02-22,NYK,18.13,12.0,5.0,1.0,1.0,0.0,2.0,11.0,5.0,6.0,2.0,0.0,0.0
0022500814,1630188,2026-02-21,DET,24.46,15.0,7.0,2.0,0.0,3.0,1.0,6.0,5.0,4.0,3.0,3.0,2.0
0022500797,1630188,2026-02-19,TOR,24.2,9.0,10.0,2.0,3.0,1.0,2.0,6.0,2.0,3.0,1.0,4.0,4.0
0022501188,1630191,2026-04-12,IND,16.44,16.0,5.0,0.0,0.0,1.0,2.0,9.0,7.0,2.0,1.0,2.0,1.0
0022501171,1630191,2026-04-10,CHA,16.24,5.0,3.0,0.0,1.0,2.0,0.0,4.0,2.0,1.0,0.0,2.0,1.0
0022501160,1630191,2026-04-08,MIL,10.37,8.0,1.0,0.0,0.0,0.0,2.0,3.0,3.0,0.0,0.0,2.0,2.0
0022500961,1630191,2026-03-13,MEM,20.02,10.0,4.0,1.0,0.0,1.0,1.0,10.0,5.0,2.0,0.0,0.0,0.0
0022500953,1630191,2026-03-12,PHI,20.47,13.0,5.0,4.0,0.0,2.0,2.0,5.0,5.0,0.0,0.0,3.0,3.0
0022500937,1630191,2026-03-10,BKN,22.25,4.0,8.0,1.0,0.0,1.0,0.0,7.0,2.0,1.0,0.0,0.0,0.0
0022500923,1630191,2026-03-08,MIA,22.09,14.0,6.0,1.0,0.0,1.0,2.0,11.0,6.0,2.0,1.0,2.0,1.0
0022500916,1630191,2026-03-07,BKN,20.15,10.0,4.0,0.0,0.0,0.0,0.0,2.0,2.0,1.0,1.0,8.0,5.0
0022500904,1630191,2026-03-05,SAS,29.3,18.0,5.0,2.0,1.0,1.0,1.0,8.0,4.0,5.0,3.0,8.0,7.0
0022500884,1630191,2026-03-03,CLE,22.21,4.0,2.0,2.0,1.0,2.0,1.0,4.0,2.0,0.0,0.0,0.0,0.0
0022501197,1630192,2026-04-12,SAS,20.09,6.0,2.0,2.0,0.0,0.0,0.0,6.0,3.0,2.0,0.0,0.0,0.0
0022501182,1630192,2026-04-10,OKC,13.4,5.0,6.0,2.0,0.0,3.0,2.0,4.0,2.0,2.0,1.0,0.0,0.0
0022501162,1630192,2026-04-08,MEM,6.55,0.0,0.0,1.0,0.0,0.0,0.0,1.0,0.0,1.0,0.0,0.0,0.0
0022501090,1630192,2026-03-29,GSW,7.56,0.0,2.0,0.0,0.0,0.0,0.0,0.0,0.0,0.0,0.0,0.0,0.0
0022501032,1630192,2026-03-22,POR,1.57,0.0,0.0,0.0,0.0,0.0,0.0,0.0,0.0,0.0,0.0,0.0,0.0
0022500997,1630192,2026-03-17,PHI,9.04,2.0,2.0,0.0,1.0,0.0,0.0,3.0,1.0,1.0,0.0,0.0,0.0
0022500950,1630192,2026-03-11,HOU,5.51,1.0,1.0,0.0,1.0,0.0,1.0,2.0,0.0,1.0,0.0,2.0,1.0
0022500911,1630192,2026-03-06,NYK,9.03,0.0,3.0,1.0,0.0,0.0,1.0,2.0,0.0,2.0,0.0,0.0,0.0
0022500906,1630192,2026-03-05,LAL,23.47,5.0,5.0,1.0,1.0,0.0,1.0,4.0,2.0,2.0,1.0,0.0,0.0
0022500881,1630192,2026-03-02,UTA,5.39,3.0,1.0,0.0,0.0,0.0,0.0,1.0,1.0,1.0,1.0,0.0,0.0
0022501192,1630193,2026-04-12,BKN,16.39,4.0,2.0,5.0,2.0,0.0,1.0,6.0,2.0,2.0,0.0,0.0,0.0
0022501165,1630193,2026-04-09,MIA,23.12,11.0,3.0,4.0,1.0,0.0,0.0,10.0,4.0,7.0,3.0,0.0,0.0
0022501151,1630193,2026-04-07,MIA,17.35,3.0,4.0,4.0,2.0,0.0,0.0,3.0,1.0,2.0,1.0,0.0,0.0
0022501036,1630193,2026-03-22,PHX,25.45,11.0,3.0,1.0,2.0,0.0,1.0,9.0,4.0,5.0,1.0,2.0,2.0
0022501021,1630193,2026-03-20,DEN,33.58,15.0,4.0,8.0,3.0,0.0,1.0,11.0,6.0,7.0,3.0,0.0,0.0
0022501002,1630193,2026-03-18,CHI,25.44,10.0,2.0,7.0,2.0,0.0,0.0,11.0,4.0,5.0,2.0,0.0,0.0
0022500978,1630193,2026-03-15,DET,33.42,6.0,1.0,7.0,3.0,0.0,1.0,12.0,1.0,6.0,1.0,4.0,3.0
0022500963,1630193,2026-03-13,PHX,37.48,17.0,4.0,1.0,0.0,0.0,1.0,16.0,7.0,6.0,3.0,0.0,0.0
0022500948,1630193,2026-03-11,NOP,34.27,25.0,6.0,3.0,2.0,0.0,1.0,14.0,8.0,7.0,3.0,6.0,6.0
0022500940,1630193,2026-03-10,HOU,32.53,12.0,4.0,6.0,1.0,0.0,1.0,9.0,3.0,6.0,1.0,5.0,5.0
0022501188,1630194,2026-04-12,IND,21.43,26.0,6.0,3.0,3.0,3.0,0.0,11.0,11.0,0.0,0.0,4.0,4.0
0022501171,1630194,2026-04-10,CHA,9.44,4.0,7.0,0.0,0.0,0.0,1.0,4.0,2.0,1.0,0.0,0.0,0.0
0022501160,1630194,2026-04-08,MIL,9.39,10.0,3.0,1.0,0.0,1.0,0.0,4.0,4.0,0.0,0.0,3.0,2.0
0022501144,1630194,2026-04-06,ORL,18.34,9.0,6.0,2.0,0.0,1.0,1.0,7.0,4.0,2.0,1.0,0.0,0.0
0022501131,1630194,2026-04-04,PHI,17.4,10.0,7.0,0.0,2.0,1.0,1.0,5.0,4.0,1.0,0.0,4.0,2.0
0022501115,1630194,2026-04-02,MIN,16.0,4.0,4.0,1.0,1.0,1.0,1.0,4.0,2.0,0.0,0.0,0.0,0.0
0022501101,1630194,2026-03-31,TOR,13.22,10.0,2.0,5.0,1.0,1.0,1.0,6.0,5.0,0.0,0.0,0.0,0.0
0022501097,1630194,2026-03-30,OKC,34.09,21.0,10.0,2.0,1.0,4.0,3.0,13.0,7.0,2.0,1.0,8.0,6.0
0022501080,1630194,2026-03-28,MIN,16.56,12.0,7.0,3.0,1.0,1.0,1.0,7.0,4.0,0.0,0.0,4.0,4.0
0022501064,1630194,2026-03-26,NOP,14.2,8.0,3.0,1.0,1.0,0.0,1.0,3.0,3.0,0.0,0.0,3.0,2.0
0022501163,1630198,2026-04-08,LAC,22.51,21.0,2.0,2.0,0.0,0.0,0.0,9.0,6.0,7.0,4.0,5.0,5.0
0022501155,1630198,2026-04-07,LAL,18.14,18.0,2.0,0.0,0.0,0.0,1.0,9.0,6.0,9.0,6.0,0.0,0.0
0022501139,1630198,2026-04-05,UTA,14.26,9.0,2.0,1.0,1.0,0.0,2.0,5.0,3.0,4.0,2.0,1.0,1.0
0022501116,1630198,2026-04-02,LAL,12.55,20.0,0.0,0.0,1.0,0.0,0.0,9.0,7.0,8.0,6.0,0.0,0.0
0022501097,1630198,2026-03-30,DET,14.14,6.0,1.0,0.0,1.0,0.0,1.0,5.0,2.0,5.0,2.0,0.0,0.0
0022501089,1630198,2026-03-29,NYK,10.0,3.0,1.0,0.0,1.0,0.0,1.0,4.0,1.0,4.0,1.0,0.0,0.0
0022501070,1630198,2026-03-27,CHI,18.14,15.0,3.0,1.0,1.0,0.0,0.0,11.0,5.0,9.0,4.0,1.0,1.0
0022501054,1630198,2026-03-25,BOS,12.09,5.0,0.0,0.0,0.0,0.0,0.0,4.0,2.0,3.0,1.0,0.0,0.0
0022501040,1630198,2026-03-23,PHI,18.36,9.0,2.0,1.0,2.0,0.0,0.0,7.0,3.0,6.0,3.0,0.0,0.0
0022501022,1630198,2026-03-21,WAS,30.31,9.0,4.0,2.0,0.0,0.0,1.0,8.0,2.0,8.0,2.0,3.0,3.0
0022501193,1630200,2026-04-12,DAL,19.22,6.0,3.0,2.0,1.0,0.0,0.0,11.0,3.0,3.0,0.0,0.0,0.0
0022501177,1630200,2026-04-10,ORL,26.01,23.0,4.0,4.0,0.0,0.0,2.0,12.0,8.0,2.0,2.0,5.0,5.0
0022501166,1630200,2026-04-09,WAS,30.03,31.0,6.0,3.0,1.0,0.0,0.0,14.0,9.0,3.0,1.0,12.0,12.0
0022501148,1630200,2026-04-07,WAS,26.41,20.0,2.0,9.0,1.0,0.0,2.0,15.0,8.0,3.0,0.0,4.0,4.0
0022501134,1630200,2026-04-05,PHX,31.04,29.0,3.0,6.0,2.0,0.0,2.0,20.0,12.0,4.0,1.0,4.0,4.0
0022501123,1630200,2026-04-03,NYK,25.51,13.0,3.0,8.0,0.0,0.0,1.0,5.0,4.0,0.0,0.0,8.0,5.0
0022501109,1630200,2026-04-01,IND,25.14,15.0,2.0,1.0,0.0,0.0,3.0,11.0,7.0,1.0,1.0,0.0,0.0
0022501094,1630200,2026-03-30,SAS,25.42,23.0,2.0,3.0,0.0,0.0,1.0,13.0,9.0,3.0,2.0,3.0,3.0
0022501079,1630200,2026-03-28,MEM,29.2,19.0,9.0,6.0,2.0,0.0,4.0,15.0,8.0,4.0,1.0,4.0,2.0
0022501070,1630200,2026-03-27,OKC,26.16,21.0,7.0,9.0,1.0,1.0,2.0,12.0,8.0,3.0,1.0,4.0,4.0
0022501174,1630202,2026-04-10,NOP,29.34,21.0,3.0,10.0,1.0,0.0,1.0,14.0,7.0,9.0,5.0,2.0,2.0
0022501168,1630202,2026-04-09,NYK,35.3,23.0,3.0,6.0,0.0,0.0,2.0,20.0,10.0,8.0,3.0,0.0,0.0
0022501149,1630202,2026-04-07,CHA,29.44,12.0,4.0,3.0,0.0,0.0,2.0,8.0,4.0,7.0,4.0,0.0,0.0
0022501132,1630202,2026-04-05,TOR,30.1,17.0,1.0,3.0,3.0,0.0,1.0,12.0,7.0,3.0,1.0,2.0,2.0
0022501126,1630202,2026-04-03,MIL,26.29,16.0,3.0,6.0,0.0,0.0,1.0,12.0,7.0,6.0,2.0,0.0,0.0
0022501106,1630202,2026-04-01,MIA,31.09,14.0,3.0,4.0,0.0,1.0,0.0,9.0,5.0,7.0,4.0,0.0,0.0
0022501092,1630202,2026-03-30,ATL,25.33,16.0,2.0,0.0,0.0,0.0,1.0,14.0,6.0,6.0,4.0,0.0,0.0
0022501085,1630202,2026-03-29,CHA,37.14,28.0,6.0,6.0,1.0,0.0,2.0,18.0,10.0,6.0,2.0,6.0,6.0
0022501067,1630202,2026-03-27,ATL,34.33,36.0,7.0,4.0,0.0,0.0,5.0,23.0,13.0,11.0,6.0,4.0,4.0
0022501054,1630202,2026-03-25,OKC,32.52,14.0,2.0,1.0,0.0,1.0,1.0,11.0,5.0,6.0,4.0,0.0,0.0
0022501053,1630208,2026-03-25,PHI,8.53,2.0,5.0,0.0,0.0,0.0,2.0,3.0,1.0,0.0,0.0,0.0,0.0
0022501042,1630208,2026-03-23,HOU,26.23,11.0,8.0,0.0,0.0,1.0,0.0,7.0,3.0,2.0,1.0,6.0,4.0
0022501011,1630208,2026-03-19,CLE,29.58,16.0,8.0,0.0,0.0,0.0,1.0,11.0,7.0,2.0,1.0,4.0,1.0
0022501002,1630208,2026-03-18,TOR,16.29,4.0,6.0,0.0,0.0,0.0,2.0,5.0,2.0,1.0,0.0,0.0,0.0
0022500987,1630208,2026-03-16,MEM,12.33,5.0,6.0,1.0,0.0,0.0,0.0,4.0,2.0,0.0,0.0,2.0,1.0
0022500968,1630208,2026-03-13,LAC,29.54,10.0,8.0,1.0,0.0,3.0,1.0,10.0,3.0,3.0,1.0,4.0,3.0
0022500960,1630208,2026-03-12,LAL,25.33,15.0,4.0,1.0,0.0,0.0,2.0,9.0,7.0,1.0,0.0,1.0,1.0
0022500943,1630208,2026-03-10,GSW,28.07,10.0,10.0,1.0,0.0,2.0,1.0,7.0,4.0,0.0,0.0,3.0,2.0
0022500930,1630208,2026-03-08,SAC,20.44,10.0,11.0,1.0,0.0,1.0,3.0,8.0,3.0,1.0,0.0,7.0,4.0
0022500905,1630208,2026-03-05,PHX,29.25,9.0,11.0,1.0,1.0,2.0,2.0,2.0,2.0,0.0,0.0,10.0,5.0
0022501113,1630209,2026-04-01,SAS,29.0,17.0,8.0,4.0,0.0,1.0,1.0,9.0,6.0,1.0,0.0,6.0,5.0
0022501090,1630209,2026-03-29,DEN,3.55,0.0,2.0,0.0,0.0,0.0,1.0,1.0,0.0,0.0,0.0,0.0,0.0
0022501073,1630209,2026-03-27,WAS,7.49,0.0,3.0,0.0,0.0,0.0,1.0,0.0,0.0,0.0,0.0,0.0,0.0
0022501060,1630209,2026-03-25,BKN,7.19,1.0,1.0,0.0,0.0,0.0,0.0,1.0,0.0,0.0,0.0,2.0,1.0
0022501026,1630209,2026-03-21,ATL,15.08,2.0,4.0,1.0,1.0,0.0,2.0,2.0,0.0,1.0,0.0,2.0,2.0
0022501017,1630209,2026-03-20,DET,20.58,8.0,6.0,2.0,1.0,0.0,3.0,7.0,3.0,0.0,0.0,6.0,2.0
0022500999,1630209,2026-03-18,BOS,4.58,4.0,2.0,0.0,0.0,0.0,0.0,3.0,2.0,1.0,0.0,0.0,0.0
0022500984,1630209,2026-03-16,WAS,2.17,2.0,0.0,1.0,0.0,0.0,0.0,0.0,0.0,0.0,0.0,2.0,2.0
0022500981,1630209,2026-03-15,NYK,12.33,0.0,4.0,0.0,0.0,0.0,1.0,3.0,0.0,1.0,0.0,0.0,0.0
0022501171,1630214,2026-04-10,DET,3.3,2.0,2.0,0.0,0.0,0.0,0.0,1.0,1.0,0.0,0.0,0.0,0.0
0022501137,1630214,2026-04-05,MIN,2.17,4.0,0.0,0.0,1.0,0.0,0.0,2.0,2.0,0.0,0.0,0.0,0.0
0022501120,1630214,2026-04-03,IND,17.07,2.0,3.0,2.0,0.0,2.0,0.0,2.0,1.0,0.0,0.0,0.0,0.0
0022501100,1630214,2026-03-31,BKN,1.38,0.0,0.0,0.0,0.0,0.0,0.0,0.0,0.0,0.0,0.0,0.0,0.0
0022501085,1630214,2026-03-29,BOS,3.52,0.0,0.0,0.0,0.0,0.0,1.0,1.0,0.0,1.0,0.0,0.0,0.0
0022501047,1630214,2026-03-24,SAC,7.29,1.0,3.0,3.0,1.0,0.0,1.0,1.0,0.0,0.0,0.0,2.0,1.0
0022501008,1630214,2026-03-19,ORL,1.56,0.0,0.0,0.0,1.0,0.0,0.0,1.0,0.0,0.0,0.0,2.0,0.0
0022500991,1630214,2026-03-17,MIA,2.21,0.0,0.0,0.0,0.0,0.0,0.0,0.0,0.0,0.0,0.0,0.0,0.0
0022500951,1630214,2026-03-11,SAC,14.01,2.0,6.0,3.0,0.0,0.0,0.0,3.0,1.0,0.0,0.0,0.0,0.0
0022500894,1630214,2026-03-04,BOS,4.36,0.0,0.0,0.0,0.0,1.0,0.0,0.0,0.0,0.0,0.0,0.0,0.0
0022501186,1630217,2026-04-12,BOS,17.34,8.0,2.0,1.0,1.0,1.0,0.0,8.0,3.0,4.0,1.0,2.0,1.0
0022501177,1630217,2026-04-10,CHI,17.19,2.0,1.0,4.0,2.0,0.0,1.0,4.0,1.0,0.0,0.0,0.0,0.0
0022501159,1630217,2026-04-08,MIN,29.42,18.0,4.0,6.0,1.0,0.0,4.0,13.0,7.0,4.0,1.0,3.0,3.0
0022501144,1630217,2026-04-06,DET,32.06,25.0,3.0,1.0,2.0,3.0,1.0,17.0,9.0,7.0,4.0,5.0,3.0
0022501138,1630217,2026-04-05,NOP,34.08,27.0,6.0,4.0,1.0,1.0,2.0,19.0,8.0,8.0,3.0,11.0,8.0
0022501127,1630217,2026-04-03,DAL,33.25,27.0,7.0,5.0,3.0,0.0,1.0,13.0,8.0,5.0,3.0,9.0,8.0
0022501107,1630217,2026-04-01,ATL,29.45,14.0,2.0,2.0,0.0,0.0,2.0,13.0,5.0,6.0,2.0,3.0,2.0
0022501099,1630217,2026-03-31,PHX,37.19,21.0,6.0,5.0,1.0,1.0,5.0,16.0,6.0,6.0,2.0,8.0,7.0
0022501086,1630217,2026-03-29,TOR,26.31,17.0,3.0,2.0,0.0,0.0,3.0,10.0,5.0,4.0,2.0,6.0,5.0
0022501065,1630217,2026-03-26,SAC,34.46,23.0,0.0,6.0,0.0,0.0,2.0,11.0,6.0,6.0,3.0,8.0,8.0
0022501164,1630224,2026-04-08,DAL,3.5,0.0,1.0,0.0,0.0,0.0,0.0,2.0,0.0,1.0,0.0,0.0,0.0
0022501157,1630224,2026-04-07,HOU,31.31,15.0,3.0,1.0,0.0,4.0,3.0,14.0,5.0,4.0,0.0,7.0,5.0
0022501134,1630224,2026-04-05,CHI,36.15,25.0,4.0,4.0,1.0,0.0,6.0,21.0,11.0,7.0,2.0,2.0,1.0
0022501114,1630224,2026-04-02,CHA,34.16,25.0,4.0,7.0,2.0,1.0,3.0,19.0,10.0,6.0,3.0,2.0,2.0
0022501099,1630224,2026-03-31,ORL,19.43,8.0,1.0,2.0,2.0,0.0,4.0,10.0,3.0,5.0,0.0,2.0,2.0
0022501093,1630224,2026-03-30,MEM,24.22,21.0,6.0,1.0,2.0,0.0,1.0,18.0,9.0,7.0,3.0,0.0,0.0
0022501081,1630224,2026-03-28,UTA,22.07,31.0,6.0,3.0,0.0,0.0,0.0,22.0,13.0,11.0,5.0,0.0,0.0
0022501050,1630224,2026-03-24,DEN,29.06,21.0,6.0,6.0,0.0,0.0,2.0,13.0,6.0,6.0,3.0,8.0,6.0
0022501036,1630224,2026-03-22,TOR,30.23,20.0,3.0,7.0,0.0,1.0,2.0,15.0,8.0,5.0,2.0,2.0,2.0
0022501031,1630224,2026-03-21,MIL,35.39,24.0,3.0,2.0,0.0,0.0,2.0,17.0,9.0,6.0,3.0,7.0,3.0
0022501173,1630228,2026-04-10,CLE,23.25,15.0,5.0,1.0,2.0,0.0,0.0,12.0,4.0,6.0,0.0,8.0,7.0
0022501158,1630228,2026-04-08,CLE,30.29,24.0,6.0,3.0,0.0,0.0,1.0,20.0,11.0,7.0,2.0,1.0,0.0
0022501143,1630228,2026-04-06,NYK,22.08,5.0,5.0,2.0,1.0,0.0,1.0,6.0,2.0,4.0,0.0,2.0,1.0
0022501122,1630228,2026-04-03,BKN,20.3,12.0,2.0,1.0,1.0,1.0,1.0,6.0,4.0,3.0,3.0,2.0,1.0
0022501107,1630228,2026-04-01,ORL,18.34,12.0,0.0,1.0,1.0,0.0,0.0,7.0,5.0,2.0,1.0,1.0,1.0
0022501092,1630228,2026-03-30,BOS,23.19,10.0,6.0,1.0,0.0,2.0,1.0,11.0,4.0,3.0,0.0,3.0,2.0
0022501067,1630228,2026-03-27,BOS,18.03,3.0,2.0,2.0,0.0,1.0,0.0,5.0,0.0,2.0,0.0,4.0,3.0
0022501051,1630228,2026-03-25,DET,19.39,8.0,5.0,1.0,1.0,0.0,2.0,9.0,3.0,4.0,1.0,3.0,1.0
0022501037,1630228,2026-03-23,MEM,19.4,16.0,5.0,3.0,1.0,0.0,0.0,7.0,5.0,6.0,4.0,2.0,2.0
0022501026,1630228,2026-03-21,GSW,22.18,2.0,4.0,2.0,1.0,0.0,2.0,9.0,1.0,3.0,0.0,0.0,0.0
0022501156,1630230,2026-04-07,LAC,19.55,6.0,2.0,0.0,3.0,0.0,1.0,10.0,3.0,1.0,0.0,0.0,0.0
0022501140,1630230,2026-04-05,LAL,31.38,13.0,6.0,7.0,2.0,0.0,2.0,9.0,5.0,2.0,0.0,6.0,3.0
0022501127,1630230,2026-04-03,ORL,23.44,9.0,4.0,2.0,1.0,0.0,0.0,12.0,3.0,3.0,1.0,2.0,2.0
0022501074,1630230,2026-03-27,POR,32.55,19.0,3.0,3.0,5.0,0.0,1.0,14.0,7.0,2.0,0.0,7.0,5.0
0022501059,1630230,2026-03-25,DEN,29.54,22.0,4.0,3.0,0.0,0.0,1.0,17.0,7.0,6.0,1.0,8.0,7.0
0022501044,1630230,2026-03-23,GSW,35.21,16.0,6.0,7.0,1.0,0.0,8.0,15.0,7.0,6.0,2.0,0.0,0.0
0022501029,1630230,2026-03-21,LAC,37.05,28.0,2.0,4.0,2.0,0.0,2.0,23.0,11.0,6.0,1.0,7.0,5.0
0022501006,1630230,2026-03-18,ATL,28.13,4.0,3.0,4.0,1.0,0.0,1.0,10.0,2.0,1.0,0.0,0.0,0.0
0022500988,1630230,2026-03-16,NOP,32.54,32.0,8.0,7.0,0.0,0.0,0.0,24.0,12.0,4.0,2.0,8.0,6.0
0022500977,1630230,2026-03-15,CLE,32.01,25.0,5.0,7.0,1.0,0.0,3.0,12.0,8.0,1.0,1.0,8.0,8.0
0022501158,1630241,2026-04-08,ATL,27.13,6.0,0.0,3.0,1.0,0.0,0.0,3.0,2.0,3.0,2.0,0.0,0.0
0022501145,1630241,2026-04-06,MEM,27.57,21.0,2.0,2.0,3.0,0.0,0.0,16.0,7.0,11.0,4.0,4.0,3.0
0022501117,1630241,2026-04-02,GSW,28.13,3.0,2.0,5.0,1.0,0.0,2.0,6.0,1.0,6.0,1.0,0.0,0.0
0022501096,1630241,2026-03-30,UTA,28.09,9.0,4.0,3.0,1.0,0.0,0.0,14.0,4.0,8.0,0.0,1.0,1.0
0022501068,1630241,2026-03-27,MIA,26.44,10.0,3.0,4.0,0.0,0.0,0.0,9.0,3.0,7.0,2.0,2.0,2.0
0022501055,1630241,2026-03-25,MIA,28.42,18.0,2.0,4.0,0.0,0.0,3.0,13.0,6.0,10.0,4.0,2.0,2.0
0022501049,1630241,2026-03-24,ORL,32.56,19.0,4.0,1.0,2.0,0.0,0.0,11.0,6.0,6.0,2.0,6.0,5.0
0022501025,1630241,2026-03-21,NOP,32.05,15.0,10.0,2.0,0.0,0.0,1.0,9.0,5.0,7.0,3.0,2.0,2.0
0022501011,1630241,2026-03-19,CHI,31.13,13.0,1.0,3.0,1.0,2.0,0.0,12.0,5.0,8.0,3.0,0.0,0.0
0022500995,1630241,2026-03-17,MIL,28.02,17.0,6.0,2.0,0.0,0.0,0.0,12.0,6.0,8.0,3.0,2.0,2.0
0022501178,1630245,2026-04-10,HOU,26.0,15.0,0.0,4.0,0.0,0.0,1.0,10.0,6.0,2.0,1.0,2.0,2.0
0022501152,1630245,2026-04-07,IND,33.09,24.0,5.0,1.0,3.0,0.0,5.0,17.0,10.0,5.0,1.0,3.0,3.0
0022501137,1630245,2026-04-05,CHA,34.29,12.0,4.0,2.0,0.0,0.0,1.0,9.0,4.0,2.0,0.0,4.0,4.0
0022501121,1630245,2026-04-03,PHI,36.12,19.0,5.0,3.0,1.0,1.0,1.0,16.0,6.0,6.0,4.0,3.0,3.0
0022501115,1630245,2026-04-02,DET,32.32,19.0,5.0,4.0,2.0,1.0,4.0,15.0,7.0,7.0,2.0,3.0,3.0
0022501095,1630245,2026-03-30,DAL,33.15,18.0,15.0,12.0,3.0,0.0,1.0,13.0,8.0,2.0,1.0,1.0,1.0
0022501035,1630245,2026-03-22,BOS,32.11,17.0,8.0,6.0,1.0,2.0,2.0,13.0,7.0,4.0,2.0,1.0,1.0
0022501020,1630245,2026-03-20,POR,38.21,17.0,10.0,8.0,0.0,0.0,2.0,15.0,6.0,6.0,3.0,2.0,2.0
0022501004,1630245,2026-03-18,UTA,27.1,23.0,9.0,6.0,3.0,0.0,1.0,13.0,7.0,5.0,3.0,7.0,6.0
0022500996,1630245,2026-03-17,PHX,33.46,19.0,5.0,2.0,0.0,0.0,2.0,17.0,9.0,4.0,1.0,0.0,0.0
0022501200,1630249,2026-04-12,SAC,4.56,2.0,0.0,0.0,0.0,0.0,0.0,3.0,1.0,1.0,0.0,0.0,0.0
0022500980,1630249,2026-03-15,PHI,13.2,9.0,1.0,0.0,0.0,0.0,1.0,6.0,3.0,5.0,3.0,0.0,0.0
0022500967,1630249,2026-03-13,UTA,15.01,2.0,3.0,5.0,1.0,0.0,2.0,3.0,1.0,2.0,0.0,0.0,0.0
0022500944,1630249,2026-03-10,CHA,11.35,3.0,3.0,1.0,0.0,0.0,0.0,2.0,1.0,1.0,1.0,0.0,0.0
0022500929,1630249,2026-03-08,IND,22.14,7.0,6.0,1.0,0.0,0.0,1.0,10.0,3.0,8.0,1.0,0.0,0.0
0022500910,1630249,2026-03-06,HOU,20.25,0.0,6.0,2.0,0.0,0.0,0.0,5.0,0.0,5.0,0.0,0.0,0.0
0022500896,1630249,2026-03-04,MEM,21.14,3.0,6.0,3.0,1.0,0.0,1.0,5.0,1.0,4.0,1.0,0.0,0.0
0022500873,1630249,2026-03-01,ATL,30.02,14.0,4.0,1.0,0.0,0.0,1.0,5.0,4.0,3.0,2.0,6.0,4.0
0022500863,1630249,2026-02-28,CHA,26.15,4.0,1.0,2.0,2.0,0.0,0.0,6.0,1.0,4.0,1.0,2.0,1.0
0022500853,1630249,2026-02-26,CHI,18.39,14.0,3.0,2.0,0.0,0.0,1.0,10.0,5.0,8.0,3.0,1.0,1.0
0022501194,1630256,2026-04-12,MEM,26.13,13.0,6.0,2.0,1.0,0.0,3.0,9.0,6.0,2.0,1.0,1.0,0.0
0022501178,1630256,2026-04-10,MIN,7.48,2.0,4.0,0.0,0.0,0.0,0.0,2.0,1.0,0.0,0.0,0.0,0.0
0022501157,1630256,2026-04-07,PHX,6.35,2.0,2.0,3.0,0.0,0.0,1.0,1.0,1.0,0.0,0.0,0.0,0.0
0022501142,1630256,2026-04-05,GSW,10.57,0.0,2.0,1.0,0.0,0.0,0.0,1.0,0.0,0.0,0.0,0.0,0.0
0022501124,1630256,2026-04-03,UTA,12.0,7.0,6.0,2.0,0.0,0.0,0.0,5.0,3.0,0.0,0.0,1.0,1.0
0022501110,1630256,2026-04-01,MIL,3.14,0.0,0.0,0.0,0.0,0.0,0.0,1.0,0.0,0.0,0.0,0.0,0.0
0022501102,1630256,2026-03-31,NYK,10.34,2.0,1.0,0.0,0.0,0.0,0.0,4.0,1.0,1.0,0.0,0.0,0.0
0022501088,1630256,2026-03-29,NOP,13.24,4.0,2.0,0.0,0.0,0.0,0.0,3.0,2.0,1.0,0.0,0.0,0.0
0022501069,1630256,2026-03-27,MEM,9.14,2.0,1.0,0.0,0.0,0.0,1.0,2.0,1.0,1.0,0.0,0.0,0.0
0022501058,1630256,2026-03-25,MIN,8.25,5.0,1.0,0.0,0.0,0.0,0.0,2.0,1.0,2.0,1.0,2.0,2.0
0022501187,1630264,2026-04-12,CLE,29.49,14.0,6.0,0.0,1.0,0.0,1.0,7.0,6.0,3.0,2.0,0.0,0.0
0022501172,1630264,2026-04-10,MIA,35.06,10.0,3.0,1.0,1.0,0.0,1.0,6.0,4.0,0.0,0.0,3.0,2.0
0022501166,1630264,2026-04-09,CHI,38.52,14.0,3.0,3.0,1.0,1.0,0.0,7.0,3.0,2.0,0.0,10.0,8.0
0022501148,1630264,2026-04-07,CHI,15.32,8.0,1.0,0.0,1.0,1.0,0.0,4.0,3.0,2.0,2.0,2.0,0.0
0022501133,1630264,2026-04-05,BKN,40.57,17.0,5.0,3.0,0.0,1.0,0.0,10.0,8.0,1.0,0.0,1.0,1.0
0022501129,1630264,2026-04-04,MIA,21.55,6.0,5.0,3.0,0.0,0.0,0.0,5.0,2.0,0.0,0.0,2.0,2.0
0022501105,1630264,2026-04-01,PHI,34.31,21.0,6.0,6.0,0.0,0.0,0.0,9.0,8.0,3.0,3.0,2.0,2.0
0022501098,1630264,2026-03-30,LAL,35.59,11.0,5.0,1.0,1.0,1.0,0.0,7.0,5.0,0.0,0.0,2.0,1.0
0022501087,1630264,2026-03-29,POR,30.36,8.0,3.0,0.0,1.0,0.0,2.0,7.0,4.0,1.0,0.0,0.0,0.0
0022501073,1630264,2026-03-27,GSW,24.59,14.0,1.0,3.0,2.0,1.0,1.0,9.0,7.0,1.0,0.0,0.0,0.0
0022501192,1630286,2026-04-12,TOR,26.03,8.0,3.0,1.0,1.0,0.0,2.0,8.0,3.0,5.0,2.0,0.0,0.0
0022501179,1630286,2026-04-10,MIL,41.01,11.0,5.0,2.0,1.0,0.0,0.0,11.0,4.0,4.0,1.0,4.0,2.0
0022501167,1630286,2026-04-09,IND,39.37,11.0,8.0,1.0,1.0,2.0,0.0,16.0,5.0,4.0,0.0,1.0,1.0
0022501150,1630286,2026-04-07,MIL,39.44,8.0,5.0,2.0,4.0,1.0,2.0,7.0,3.0,3.0,2.0,0.0,0.0
0022501133,1630286,2026-04-05,WAS,28.07,4.0,8.0,3.0,1.0,2.0,0.0,5.0,2.0,2.0,0.0,0.0,0.0
0022501122,1630286,2026-04-03,ATL,7.42,6.0,2.0,1.0,0.0,0.0,0.0,3.0,2.0,1.0,1.0,1.0,1.0
0022501199,1630311,2026-04-12,LAC,19.21,7.0,3.0,3.0,0.0,0.0,1.0,8.0,3.0,3.0,1.0,0.0,0.0
0022501184,1630311,2026-04-10,SAC,13.57,2.0,1.0,4.0,0.0,0.0,0.0,3.0,1.0,2.0,0.0,0.0,0.0
0022501170,1630311,2026-04-09,LAL,38.04,12.0,4.0,6.0,1.0,0.0,3.0,12.0,5.0,5.0,2.0,0.0,0.0
0022501154,1630311,2026-04-07,SAC,40.34,14.0,2.0,3.0,1.0,0.0,3.0,16.0,5.0,8.0,3.0,2.0,1.0
0022501142,1630311,2026-04-05,HOU,12.09,7.0,1.0,3.0,1.0,0.0,0.0,4.0,2.0,2.0,1.0,2.0,2.0
0022501117,1630311,2026-04-02,CLE,15.38,12.0,1.0,2.0,0.0,0.0,1.0,8.0,5.0,4.0,2.0,0.0,0.0
0022501113,1630311,2026-04-01,SAS,38.0,14.0,8.0,7.0,1.0,1.0,5.0,15.0,6.0,6.0,2.0,0.0,0.0
0022501090,1630311,2026-03-29,DEN,24.1,7.0,5.0,8.0,2.0,0.0,0.0,9.0,3.0,4.0,0.0,3.0,1.0
0022501073,1630311,2026-03-27,WAS,24.53,13.0,5.0,2.0,1.0,0.0,2.0,9.0,5.0,2.0,1.0,2.0,2.0
0022501060,1630311,2026-03-25,BKN,15.14,4.0,3.0,3.0,1.0,0.0,2.0,5.0,2.0,3.0,0.0,0.0,0.0
0022501140,1630314,2026-04-05,LAL,24.36,13.0,2.0,5.0,2.0,0.0,0.0,7.0,4.0,1.0,0.0,7.0,5.0
0022501127,1630314,2026-04-03,ORL,25.34,23.0,2.0,5.0,2.0,0.0,3.0,15.0,7.0,3.0,0.0,11.0,9.0
0022500652,1630314,2026-03-31,MIL,25.35,18.0,2.0,2.0,1.0,0.0,4.0,11.0,6.0,2.0,0.0,6.0,6.0
0022501095,1630314,2026-03-30,MIN,27.47,15.0,6.0,7.0,2.0,0.0,3.0,10.0,4.0,3.0,1.0,6.0,6.0
0022501074,1630314,2026-03-27,POR,20.02,10.0,1.0,5.0,0.0,1.0,2.0,6.0,2.0,1.0,0.0,8.0,6.0
0022501059,1630314,2026-03-25,DEN,19.19,11.0,2.0,6.0,0.0,0.0,1.0,6.0,3.0,2.0,0.0,7.0,5.0
0022500988,1630314,2026-03-16,NOP,5.11,0.0,0.0,1.0,0.0,1.0,0.0,2.0,0.0,0.0,0.0,0.0,0.0
0022500977,1630314,2026-03-15,CLE,23.44,12.0,2.0,5.0,2.0,0.0,0.0,7.0,4.0,1.0,0.0,4.0,4.0
0022500965,1630314,2026-03-13,CLE,21.2,12.0,3.0,3.0,0.0,1.0,3.0,8.0,3.0,3.0,2.0,5.0,4.0
0022501111,1630314,2026-03-12,MEM,28.15,12.0,8.0,5.0,2.0,2.0,2.0,8.0,4.0,3.0,0.0,4.0,4.0
0022501146,1630322,2026-04-06,PHI,4.49,3.0,1.0,0.0,1.0,0.0,0.0,2.0,1.0,2.0,1.0,0.0,0.0
0022501076,1630322,2026-03-28,MIL,6.37,1.0,0.0,0.0,0.0,0.0,0.0,3.0,0.0,3.0,0.0,2.0,1.0
0022501056,1630322,2026-03-25,MEM,8.57,3.0,1.0,1.0,0.0,0.0,1.0,6.0,1.0,6.0,1.0,0.0,0.0
0022501041,1630322,2026-03-23,MIA,2.52,0.0,0.0,0.0,0.0,0.0,0.0,0.0,0.0,0.0,0.0,0.0,0.0
0022501028,1630322,2026-03-21,IND,16.31,6.0,1.0,2.0,0.0,0.0,0.0,3.0,2.0,3.0,2.0,0.0,0.0
0022500998,1630322,2026-03-17,SAC,23.01,11.0,4.0,2.0,0.0,0.0,1.0,8.0,4.0,7.0,3.0,0.0,0.0
0022500927,1630322,2026-03-08,HOU,3.37,3.0,0.0,2.0,0.0,0.0,0.0,1.0,1.0,1.0,1.0,0.0,0.0
0022500913,1630322,2026-03-06,LAC,3.32,0.0,1.0,0.0,0.0,0.0,0.0,0.0,0.0,0.0,0.0,0.0,0.0
0022500904,1630322,2026-03-05,DET,0.45,0.0,0.0,0.0,0.0,0.0,0.0,0.0,0.0,0.0,0.0,0.0,0.0
0022500888,1630322,2026-03-03,PHI,12.17,8.0,0.0,1.0,1.0,1.0,0.0,8.0,3.0,7.0,2.0,0.0,0.0
0022500648,1630526,2026-01-24,LAL,3.04,0.0,1.0,0.0,0.0,0.0,1.0,0.0,0.0,0.0,0.0,0.0,0.0
0022500630,1630526,2026-01-22,GSW,2.34,0.0,0.0,0.0,0.0,0.0,0.0,1.0,0.0,1.0,0.0,0.0,0.0
0022500016,1630526,2026-01-19,NYK,14.13,4.0,3.0,1.0,0.0,0.0,0.0,4.0,1.0,2.0,0.0,2.0,2.0
0022500593,1630526,2026-01-17,UTA,19.41,6.0,4.0,2.0,0.0,0.0,0.0,4.0,2.0,2.0,0.0,2.0,2.0
0022500583,1630526,2026-01-15,UTA,21.31,12.0,7.0,0.0,2.0,0.0,1.0,8.0,5.0,3.0,2.0,0.0,0.0
0022500325,1630526,2025-12-03,DEN,3.12,2.0,2.0,0.0,0.0,0.0,0.0,4.0,1.0,2.0,0.0,0.0,0.0
0022500310,1630526,2025-12-01,CLE,16.45,5.0,5.0,0.0,0.0,1.0,1.0,5.0,1.0,3.0,0.0,3.0,3.0
0022500295,1630526,2025-11-29,CHI,10.33,0.0,2.0,0.0,0.0,0.0,0.0,2.0,0.0,2.0,0.0,0.0,0.0
0022500073,1630526,2025-11-28,WAS,26.22,3.0,11.0,4.0,1.0,0.0,1.0,7.0,1.0,4.0,1.0,0.0,0.0
0022500063,1630526,2025-11-26,TOR,13.36,5.0,3.0,0.0,0.0,0.0,1.0,2.0,2.0,1.0,1.0,0.0,0.0
0022501138,1630529,2026-04-05,ORL,8.44,5.0,3.0,1.0,0.0,0.0,0.0,4.0,2.0,3.0,1.0,0.0,0.0
0022501128,1630529,2026-04-03,SAC,12.5,3.0,1.0,1.0,1.0,0.0,1.0,3.0,1.0,2.0,1.0,0.0,0.0
0022501118,1630529,2026-04-02,POR,25.54,9.0,4.0,3.0,0.0,0.0,4.0,9.0,3.0,5.0,2.0,2.0,1.0
0022501088,1630529,2026-03-29,HOU,29.44,10.0,3.0,2.0,0.0,0.0,2.0,10.0,3.0,6.0,2.0,2.0,2.0
0022501071,1630529,2026-03-27,TOR,27.24,2.0,2.0,2.0,3.0,2.0,1.0,8.0,1.0,4.0,0.0,0.0,0.0
0022501064,1630529,2026-03-26,DET,27.27,11.0,0.0,4.0,0.0,1.0,0.0,10.0,4.0,6.0,3.0,0.0,0.0
0022501048,1630529,2026-03-24,NYK,37.02,13.0,2.0,6.0,0.0,1.0,1.0,8.0,6.0,2.0,1.0,0.0,0.0
0022501025,1630529,2026-03-21,CLE,31.19,12.0,3.0,3.0,1.0,1.0,0.0,12.0,4.0,11.0,4.0,0.0,0.0
0022501012,1630529,2026-03-19,LAC,30.06,11.0,3.0,2.0,2.0,0.0,1.0,11.0,4.0,7.0,3.0,0.0,0.0
0022501005,1630529,2026-03-18,LAC,26.16,7.0,3.0,3.0,5.0,0.0,2.0,4.0,2.0,2.0,1.0,2.0,2.0
0022501128,1630530,2026-04-03,SAC,31.48,13.0,4.0,4.0,0.0,2.0,3.0,9.0,5.0,5.0,1.0,2.0,2.0
0022501118,1630530,2026-04-02,POR,36.24,19.0,8.0,2.0,1.0,0.0,1.0,17.0,7.0,6.0,1.0,4.0,4.0
0022501048,1630530,2026-03-24,NYK,35.31,16.0,6.0,2.0,1.0,0.0,0.0,15.0,6.0,12.0,4.0,0.0,0.0
0022501025,1630530,2026-03-21,CLE,40.31,10.0,6.0,0.0,1.0,2.0,1.0,10.0,3.0,8.0,2.0,2.0,2.0
0022501012,1630530,2026-03-19,LAC,34.4,27.0,5.0,2.0,1.0,0.0,3.0,17.0,9.0,11.0,5.0,4.0,4.0
0022501005,1630530,2026-03-18,LAC,39.41,23.0,7.0,5.0,3.0,1.0,1.0,17.0,7.0,12.0,4.0,6.0,5.0
0022500988,1630530,2026-03-16,DAL,32.44,17.0,7.0,7.0,2.0,1.0,2.0,15.0,7.0,9.0,2.0,2.0,1.0
0022500964,1630530,2026-03-13,HOU,36.53,14.0,6.0,7.0,0.0,0.0,4.0,15.0,5.0,8.0,3.0,2.0,1.0
0022500948,1630530,2026-03-11,TOR,33.42,28.0,7.0,3.0,3.0,0.0,3.0,12.0,8.0,8.0,5.0,8.0,7.0
0022500925,1630530,2026-03-08,WAS,28.48,24.0,5.0,4.0,1.0,0.0,0.0,14.0,7.0,9.0,4.0,6.0,6.0
0022501186,1630532,2026-04-12,BOS,26.11,20.0,4.0,1.0,1.0,0.0,1.0,18.0,7.0,7.0,2.0,4.0,4.0
0022501177,1630532,2026-04-10,CHI,22.54,25.0,2.0,4.0,0.0,0.0,3.0,13.0,8.0,5.0,3.0,9.0,6.0
0022501159,1630532,2026-04-08,MIN,21.37,17.0,0.0,2.0,0.0,1.0,2.0,13.0,7.0,2.0,1.0,2.0,2.0
0022501138,1630532,2026-04-05,NOP,20.15,11.0,5.0,2.0,0.0,1.0,0.0,10.0,4.0,1.0,0.0,4.0,3.0
0022501127,1630532,2026-04-03,DAL,17.09,18.0,4.0,1.0,1.0,0.0,3.0,12.0,8.0,3.0,0.0,2.0,2.0
0022501107,1630532,2026-04-01,ATL,19.5,12.0,1.0,2.0,0.0,0.0,1.0,13.0,5.0,6.0,0.0,3.0,2.0
0022500777,1630532,2026-02-11,MIL,20.38,5.0,0.0,3.0,2.0,0.0,0.0,7.0,1.0,5.0,1.0,2.0,2.0
0022500764,1630532,2026-02-09,MIL,16.37,14.0,2.0,5.0,0.0,0.0,1.0,10.0,6.0,4.0,2.0,0.0,0.0
0022500602,1630532,2026-01-18,MEM,25.56,14.0,4.0,3.0,0.0,0.0,0.0,13.0,5.0,2.0,0.0,4.0,4.0
0022500578,1630532,2026-01-15,MEM,26.41,18.0,9.0,2.0,0.0,0.0,4.0,16.0,6.0,4.0,3.0,4.0,3.0
0022501122,1630533,2026-04-03,ATL,21.11,8.0,3.0,3.0,1.0,0.0,1.0,10.0,2.0,3.0,1.0,4.0,3.0
0022501100,1630533,2026-03-31,CHA,24.19,10.0,0.0,0.0,1.0,1.0,1.0,10.0,4.0,2.0,1.0,2.0,1.0
0022501075,1630533,2026-03-27,LAL,25.12,16.0,2.0,2.0,3.0,0.0,1.0,14.0,6.0,4.0,1.0,6.0,3.0
0022501060,1630533,2026-03-25,GSW,23.32,19.0,1.0,2.0,6.0,0.0,3.0,11.0,6.0,2.0,1.0,7.0,6.0
0022501045,1630533,2026-03-23,POR,23.58,16.0,4.0,1.0,2.0,0.0,2.0,7.0,4.0,1.0,1.0,7.0,7.0
0022501033,1630533,2026-03-22,SAC,21.42,18.0,2.0,3.0,2.0,1.0,2.0,11.0,6.0,3.0,2.0,5.0,4.0
0022501016,1630533,2026-03-20,NYK,25.17,17.0,4.0,1.0,1.0,0.0,0.0,10.0,6.0,4.0,2.0,3.0,3.0
0022501000,1630533,2026-03-18,OKC,19.38,5.0,3.0,1.0,1.0,0.0,2.0,4.0,1.0,3.0,0.0,4.0,3.0
0022500985,1630533,2026-03-16,POR,20.21,7.0,1.0,0.0,2.0,0.0,1.0,8.0,3.0,3.0,1.0,0.0,0.0
0022500969,1630533,2026-03-14,PHI,20.36,9.0,1.0,1.0,1.0,0.0,0.0,6.0,3.0,2.0,2.0,1.0,1.0
0022501133,1630534,2026-04-05,WAS,18.18,12.0,4.0,2.0,1.0,0.0,0.0,11.0,5.0,4.0,2.0,0.0,0.0
0022501100,1630534,2026-03-31,CHA,9.05,2.0,1.0,0.0,0.0,0.0,0.0,2.0,0.0,2.0,0.0,2.0,2.0
0022501084,1630534,2026-03-29,SAC,25.05,18.0,1.0,0.0,0.0,0.0,0.0,11.0,6.0,6.0,2.0,4.0,4.0
0022501075,1630534,2026-03-27,LAL,21.0,2.0,5.0,1.0,0.0,0.0,0.0,6.0,1.0,4.0,0.0,0.0,0.0
0022501045,1630534,2026-03-23,POR,6.13,0.0,0.0,0.0,0.0,0.0,1.0,1.0,0.0,1.0,0.0,1.0,0.0
0022501033,1630534,2026-03-22,SAC,9.19,3.0,1.0,1.0,0.0,0.0,0.0,1.0,1.0,0.0,0.0,1.0,1.0
0022501016,1630534,2026-03-20,NYK,23.54,8.0,4.0,1.0,0.0,0.0,0.0,10.0,3.0,7.0,2.0,0.0,0.0
0022501000,1630534,2026-03-18,OKC,19.41,10.0,2.0,0.0,0.0,0.0,2.0,9.0,3.0,6.0,2.0,2.0,2.0
0022500985,1630534,2026-03-16,POR,24.32,8.0,4.0,1.0,2.0,0.0,1.0,6.0,3.0,4.0,1.0,2.0,1.0
0022500932,1630534,2026-03-09,MEM,22.22,18.0,3.0,1.0,2.0,1.0,2.0,9.0,8.0,3.0,2.0,0.0,0.0
0022501187,1630536,2026-04-12,CLE,28.06,20.0,2.0,6.0,0.0,0.0,3.0,11.0,8.0,4.0,2.0,2.0,2.0
0022501172,1630536,2026-04-10,MIA,21.05,11.0,1.0,7.0,1.0,0.0,0.0,7.0,5.0,1.0,1.0,0.0,0.0
0022501166,1630536,2026-04-09,CHI,13.44,9.0,2.0,4.0,3.0,1.0,2.0,6.0,4.0,1.0,1.0,0.0,0.0
0022501148,1630536,2026-04-07,CHI,27.08,17.0,1.0,4.0,0.0,0.0,5.0,10.0,6.0,5.0,2.0,3.0,3.0
0022501133,1630536,2026-04-05,BKN,3.23,2.0,0.0,1.0,1.0,0.0,0.0,1.0,1.0,0.0,0.0,0.0,0.0
0022501129,1630536,2026-04-04,MIA,25.01,20.0,2.0,7.0,0.0,0.0,3.0,10.0,6.0,5.0,3.0,6.0,5.0
0022501105,1630536,2026-04-01,PHI,23.16,11.0,4.0,3.0,0.0,0.0,1.0,7.0,3.0,1.0,1.0,4.0,4.0
0022501098,1630536,2026-03-30,LAL,19.59,3.0,2.0,5.0,0.0,0.0,1.0,6.0,1.0,2.0,0.0,2.0,1.0
0022501087,1630536,2026-03-29,POR,19.0,10.0,1.0,2.0,0.0,0.0,2.0,9.0,4.0,1.0,0.0,2.0,2.0
0022501073,1630536,2026-03-27,GSW,10.48,7.0,1.0,4.0,0.0,0.0,1.0,4.0,3.0,0.0,0.0,1.0,1.0
0022501159,1630538,2026-04-08,ORL,22.42,9.0,1.0,0.0,1.0,1.0,5.0,8.0,3.0,7.0,3.0,0.0,0.0
0022501152,1630538,2026-04-07,IND,20.4,19.0,4.0,7.0,1.0,0.0,0.0,9.0,5.0,7.0,4.0,6.0,5.0
0022501137,1630538,2026-04-05,CHA,28.41,18.0,6.0,6.0,2.0,1.0,2.0,11.0,5.0,11.0,5.0,4.0,3.0
0022501121,1630538,2026-04-03,PHI,30.09,21.0,5.0,3.0,2.0,0.0,1.0,14.0,7.0,9.0,5.0,3.0,2.0
0022501115,1630538,2026-04-02,DET,19.1,6.0,3.0,2.0,0.0,0.0,1.0,12.0,3.0,6.0,0.0,0.0,0.0
0022501095,1630538,2026-03-30,DAL,23.24,12.0,4.0,3.0,1.0,0.0,0.0,10.0,5.0,5.0,1.0,1.0,1.0
0022501080,1630538,2026-03-28,DET,25.59,6.0,1.0,0.0,2.0,0.0,2.0,10.0,2.0,9.0,2.0,0.0,0.0
0022501058,1630538,2026-03-25,HOU,29.35,8.0,0.0,8.0,0.0,1.0,1.0,11.0,3.0,7.0,2.0,0.0,0.0
0022501035,1630538,2026-03-22,BOS,29.26,23.0,3.0,3.0,1.0,0.0,1.0,14.0,8.0,7.0,3.0,4.0,4.0
0022501020,1630538,2026-03-20,POR,22.12,17.0,0.0,0.0,2.0,0.0,2.0,11.0,5.0,7.0,3.0,4.0,4.0
0022501190,1630540,2026-04-12,CHA,24.16,21.0,3.0,1.0,1.0,0.0,0.0,15.0,8.0,7.0,4.0,2.0,1.0
0022501168,1630540,2026-04-09,BOS,19.18,4.0,1.0,2.0,1.0,1.0,0.0,5.0,1.0,4.0,1.0,2.0,1.0
0022501143,1630540,2026-04-06,ATL,19.43,6.0,2.0,2.0,1.0,0.0,1.0,6.0,2.0,5.0,2.0,0.0,0.0
0022501123,1630540,2026-04-03,CHI,12.42,6.0,1.0,1.0,2.0,0.0,0.0,4.0,2.0,4.0,2.0,0.0,0.0
0022501102,1630540,2026-03-31,HOU,12.37,3.0,1.0,2.0,0.0,1.0,3.0,9.0,1.0,5.0,1.0,0.0,0.0
0022501089,1630540,2026-03-29,OKC,10.49,0.0,1.0,1.0,0.0,1.0,1.0,3.0,0.0,3.0,0.0,0.0,0.0
0022500665,1630540,2026-01-27,SAC,29.44,9.0,2.0,4.0,2.0,0.0,1.0,11.0,4.0,6.0,1.0,0.0,0.0
0022500643,1630540,2026-01-24,PHI,26.11,9.0,1.0,2.0,2.0,0.0,0.0,11.0,3.0,8.0,1.0,4.0,2.0
0022500622,1630540,2026-01-21,BKN,19.13,14.0,6.0,4.0,1.0,0.0,0.0,10.0,5.0,4.0,3.0,2.0,1.0
0022500016,1630540,2026-01-19,DAL,26.46,5.0,3.0,2.0,2.0,0.0,2.0,8.0,1.0,4.0,1.0,2.0,2.0
0022501044,1630541,2026-03-23,DAL,34.11,23.0,3.0,3.0,3.0,2.0,2.0,20.0,8.0,11.0,4.0,4.0,3.0
0022500882,1630541,2026-03-02,LAC,25.04,10.0,3.0,1.0,1.0,0.0,1.0,12.0,4.0,8.0,2.0,0.0,0.0
0022500866,1630541,2026-02-28,LAL,29.47,12.0,3.0,3.0,2.0,0.0,2.0,11.0,4.0,10.0,4.0,0.0,0.0
0022500844,1630541,2026-02-25,MEM,27.35,14.0,2.0,3.0,1.0,0.0,1.0,7.0,4.0,5.0,3.0,3.0,3.0
0022500838,1630541,2026-02-24,NOP,34.0,24.0,5.0,3.0,0.0,0.0,1.0,13.0,7.0,10.0,4.0,8.0,6.0
0022500820,1630541,2026-02-22,DEN,35.13,23.0,7.0,5.0,1.0,0.0,2.0,16.0,9.0,9.0,4.0,1.0,1.0
0022500799,1630541,2026-02-19,BOS,22.43,11.0,3.0,2.0,0.0,0.0,1.0,9.0,4.0,7.0,3.0,2.0,0.0
0022500788,1630541,2026-02-11,SAS,35.01,17.0,4.0,2.0,0.0,0.0,0.0,12.0,6.0,8.0,3.0,2.0,2.0
0022500768,1630541,2026-02-09,MEM,27.42,15.0,1.0,3.0,2.0,0.0,3.0,5.0,3.0,3.0,1.0,9.0,8.0
0022500753,1630541,2026-02-07,LAL,39.13,25.0,4.0,2.0,3.0,1.0,0.0,17.0,8.0,14.0,5.0,5.0,4.0
0022501066,1630543,2026-03-27,IND,14.27,4.0,4.0,0.0,0.0,0.0,2.0,2.0,2.0,0.0,0.0,2.0,0.0
0022501062,1630543,2026-03-25,TOR,22.44,12.0,6.0,3.0,1.0,2.0,0.0,6.0,6.0,0.0,0.0,0.0,0.0
0022501046,1630543,2026-03-23,MIL,17.23,6.0,4.0,1.0,1.0,1.0,1.0,3.0,3.0,0.0,0.0,0.0,0.0
0022501029,1630543,2026-03-21,DAL,15.21,10.0,6.0,2.0,0.0,1.0,1.0,4.0,4.0,0.0,0.0,2.0,2.0
0022501012,1630543,2026-03-19,NOP,19.1,13.0,6.0,1.0,0.0,1.0,0.0,9.0,6.0,2.0,0.0,3.0,1.0
0022501005,1630543,2026-03-18,NOP,19.23,10.0,6.0,1.0,1.0,1.0,4.0,7.0,5.0,0.0,0.0,0.0,0.0
0022500990,1630543,2026-03-16,SAS,16.36,11.0,1.0,0.0,1.0,1.0,1.0,5.0,4.0,0.0,0.0,4.0,3.0
0022500975,1630543,2026-03-14,SAC,22.54,6.0,8.0,4.0,1.0,3.0,1.0,4.0,2.0,0.0,0.0,2.0,2.0
0022500968,1630543,2026-03-13,CHI,16.54,8.0,7.0,2.0,0.0,2.0,0.0,5.0,4.0,0.0,0.0,2.0,0.0
0022500952,1630543,2026-03-11,MIN,17.53,9.0,6.0,3.0,1.0,2.0,1.0,3.0,2.0,0.0,0.0,6.0,5.0
0022501190,1630544,2026-04-12,NYK,4.18,0.0,0.0,0.0,0.0,0.0,1.0,1.0,0.0,0.0,0.0,0.0,0.0
0022501171,1630544,2026-04-10,DET,3.3,2.0,0.0,0.0,0.0,0.0,0.0,4.0,1.0,2.0,0.0,0.0,0.0
0022501120,1630544,2026-04-03,IND,3.31,4.0,1.0,0.0,0.0,0.0,0.0,2.0,2.0,0.0,0.0,0.0,0.0
0022501114,1630544,2026-04-02,PHX,2.37,2.0,0.0,0.0,0.0,0.0,0.0,1.0,1.0,0.0,0.0,0.0,0.0
0022501100,1630544,2026-03-31,BKN,6.03,2.0,2.0,2.0,1.0,0.0,0.0,4.0,1.0,1.0,0.0,0.0,0.0
0022501085,1630544,2026-03-29,BOS,3.52,2.0,0.0,0.0,0.0,0.0,0.0,2.0,1.0,1.0,0.0,0.0,0.0
0022501047,1630544,2026-03-24,SAC,7.29,6.0,0.0,0.0,0.0,0.0,1.0,4.0,2.0,3.0,2.0,0.0,0.0
0022501023,1630544,2026-03-21,MEM,2.53,0.0,0.0,0.0,0.0,0.0,0.0,2.0,0.0,1.0,0.0,0.0,0.0
0022501008,1630544,2026-03-19,ORL,6.5,3.0,0.0,1.0,1.0,0.0,2.0,3.0,1.0,1.0,1.0,0.0,0.0
0022500991,1630544,2026-03-17,MIA,3.33,2.0,0.0,1.0,1.0,0.0,0.0,1.0,0.0,1.0,0.0,2.0,2.0
0022501195,1630545,2026-04-12,NOP,34.4,26.0,4.0,5.0,1.0,0.0,3.0,18.0,6.0,7.0,0.0,18.0,14.0
0022501178,1630545,2026-04-10,HOU,27.52,23.0,0.0,1.0,0.0,0.0,0.0,13.0,8.0,7.0,5.0,2.0,2.0
0022501159,1630545,2026-04-08,ORL,31.1,33.0,2.0,5.0,0.0,0.0,2.0,14.0,11.0,7.0,5.0,6.0,6.0
0022501152,1630545,2026-04-07,IND,3.07,2.0,1.0,0.0,0.0,0.0,1.0,2.0,1.0,0.0,0.0,0.0,0.0
0022501137,1630545,2026-04-05,CHA,4.4,0.0,0.0,0.0,0.0,0.0,0.0,0.0,0.0,0.0,0.0,0.0,0.0
0022501121,1630545,2026-04-03,PHI,9.27,0.0,0.0,1.0,0.0,0.0,0.0,2.0,0.0,2.0,0.0,0.0,0.0
0022501115,1630545,2026-04-02,DET,18.26,10.0,3.0,1.0,1.0,0.0,0.0,7.0,4.0,1.0,0.0,2.0,2.0
0022501095,1630545,2026-03-30,DAL,4.57,4.0,2.0,1.0,1.0,0.0,0.0,3.0,2.0,0.0,0.0,0.0,0.0
0022501080,1630545,2026-03-28,DET,25.09,8.0,3.0,3.0,0.0,0.0,0.0,5.0,2.0,2.0,1.0,5.0,3.0
0022501058,1630545,2026-03-25,HOU,2.2,0.0,1.0,0.0,0.0,0.0,0.0,0.0,0.0,0.0,0.0,0.0,0.0
0022500744,1630548,2026-02-06,NOP,10.08,3.0,1.0,0.0,0.0,1.0,0.0,2.0,1.0,2.0,1.0,0.0,0.0
0022500727,1630548,2026-02-04,TOR,2.19,0.0,0.0,0.0,0.0,0.0,1.0,1.0,0.0,0.0,0.0,0.0,0.0
0022500686,1630548,2026-01-29,OKC,3.28,2.0,1.0,0.0,0.0,0.0,0.0,2.0,1.0,1.0,0.0,0.0,0.0
0022500663,1630548,2026-01-26,GSW,5.14,2.0,1.0,0.0,0.0,0.0,1.0,1.0,0.0,1.0,0.0,4.0,2.0
0022500598,1630548,2026-01-17,SAS,4.21,0.0,2.0,0.0,0.0,0.0,0.0,1.0,0.0,1.0,0.0,0.0,0.0
0022500566,1630548,2026-01-13,MIL,8.15,2.0,1.0,2.0,0.0,0.0,1.0,2.0,1.0,1.0,0.0,0.0,0.0
0022500542,1630548,2026-01-10,CLE,2.5,4.0,1.0,0.0,1.0,0.0,0.0,1.0,1.0,0.0,0.0,2.0,2.0
0022500513,1630548,2026-01-06,MIA,4.4,0.0,1.0,0.0,0.0,0.0,0.0,3.0,0.0,2.0,0.0,0.0,0.0
0022500498,1630548,2026-01-04,WAS,8.35,6.0,1.0,0.0,0.0,0.0,1.0,5.0,3.0,2.0,0.0,0.0,0.0
0022500463,1630548,2025-12-31,ATL,7.52,10.0,3.0,1.0,0.0,0.0,0.0,6.0,4.0,3.0,2.0,0.0,0.0
0022500932,1630549,2026-03-09,MEM,17.34,19.0,5.0,2.0,2.0,1.0,2.0,11.0,8.0,1.0,1.0,2.0,2.0
0022500916,1630549,2026-03-07,DET,21.19,13.0,7.0,4.0,2.0,0.0,3.0,10.0,6.0,1.0,1.0,0.0,0.0
0022500901,1630549,2026-03-05,MIA,17.41,7.0,5.0,1.0,0.0,0.0,2.0,6.0,3.0,1.0,0.0,2.0,1.0
0022500886,1630549,2026-03-03,MIA,17.19,10.0,8.0,4.0,0.0,0.0,0.0,6.0,5.0,0.0,0.0,0.0,0.0
0022500869,1630549,2026-03-01,CLE,27.6,7.0,8.0,3.0,1.0,1.0,6.0,5.0,3.0,1.0,0.0,2.0,1.0
0022500859,1630549,2026-02-27,BOS,14.5,2.0,5.0,3.0,0.0,0.0,1.0,7.0,1.0,1.0,0.0,0.0,0.0
0022500851,1630549,2026-02-26,SAS,19.13,14.0,11.0,4.0,1.0,1.0,3.0,10.0,6.0,1.0,0.0,2.0,2.0
0022500833,1630549,2026-02-24,DAL,15.58,7.0,2.0,1.0,1.0,0.0,2.0,7.0,3.0,0.0,0.0,2.0,1.0
0022500818,1630549,2026-02-22,ATL,17.24,11.0,5.0,2.0,2.0,1.0,3.0,6.0,4.0,0.0,0.0,4.0,3.0
0022500808,1630549,2026-02-20,OKC,27.05,12.0,8.0,2.0,2.0,1.0,2.0,8.0,6.0,0.0,0.0,2.0,0.0
0022501187,1630551,2026-04-12,CLE,31.56,13.0,6.0,3.0,3.0,0.0,2.0,14.0,5.0,10.0,3.0,0.0,0.0
0022501166,1630551,2026-04-09,CHI,17.37,11.0,8.0,2.0,0.0,0.0,1.0,11.0,5.0,4.0,1.0,0.0,0.0
0022501148,1630551,2026-04-07,CHI,29.13,5.0,8.0,2.0,1.0,2.0,1.0,9.0,2.0,5.0,1.0,0.0,0.0
0022501129,1630551,2026-04-04,MIA,20.32,12.0,10.0,2.0,1.0,0.0,0.0,9.0,4.0,2.0,1.0,3.0,3.0
0022501105,1630551,2026-04-01,PHI,20.45,17.0,7.0,0.0,1.0,2.0,0.0,10.0,7.0,1.0,0.0,5.0,3.0
0022501098,1630551,2026-03-30,LAL,26.53,18.0,4.0,2.0,1.0,0.0,0.0,12.0,8.0,2.0,1.0,1.0,1.0
0022501087,1630551,2026-03-29,POR,24.15,10.0,2.0,1.0,0.0,1.0,0.0,8.0,4.0,2.0,1.0,1.0,1.0
0022501073,1630551,2026-03-27,GSW,25.2,6.0,2.0,3.0,0.0,0.0,2.0,8.0,3.0,4.0,0.0,0.0,0.0
0022501022,1630551,2026-03-21,OKC,13.45,3.0,1.0,1.0,1.0,0.0,0.0,3.0,1.0,1.0,1.0,0.0,0.0
0022500993,1630551,2026-03-17,DET,29.0,18.0,9.0,2.0,0.0,1.0,1.0,11.0,6.0,4.0,2.0,4.0,4.0
0022501173,1630552,2026-04-10,CLE,25.05,18.0,9.0,2.0,0.0,0.0,5.0,12.0,6.0,3.0,2.0,5.0,4.0
0022501158,1630552,2026-04-08,CLE,33.59,12.0,11.0,6.0,1.0,0.0,2.0,16.0,4.0,5.0,0.0,4.0,4.0
0022501143,1630552,2026-04-06,NYK,40.35,21.0,11.0,5.0,1.0,0.0,5.0,19.0,8.0,5.0,3.0,2.0,2.0
0022501122,1630552,2026-04-03,BKN,27.31,18.0,11.0,5.0,1.0,0.0,3.0,12.0,6.0,2.0,1.0,7.0,5.0
0022501107,1630552,2026-04-01,ORL,33.33,18.0,14.0,8.0,1.0,1.0,3.0,17.0,8.0,4.0,0.0,3.0,2.0
0022501092,1630552,2026-03-30,BOS,36.0,20.0,12.0,5.0,0.0,0.0,3.0,13.0,7.0,2.0,1.0,6.0,5.0
0022501078,1630552,2026-03-28,SAC,36.59,26.0,5.0,10.0,1.0,0.0,4.0,21.0,11.0,11.0,4.0,0.0,0.0
0022501067,1630552,2026-03-27,BOS,36.34,29.0,6.0,6.0,1.0,1.0,2.0,21.0,9.0,11.0,5.0,6.0,6.0
0022501051,1630552,2026-03-25,DET,41.57,27.0,8.0,12.0,0.0,0.0,5.0,18.0,9.0,6.0,2.0,8.0,7.0
0022501018,1630552,2026-03-20,HOU,31.54,14.0,5.0,3.0,1.0,0.0,4.0,12.0,6.0,6.0,2.0,0.0,0.0
0022501189,1630557,2026-04-12,MIA,28.34,21.0,3.0,2.0,0.0,0.0,2.0,12.0,7.0,9.0,5.0,3.0,2.0
0022501173,1630557,2026-04-10,CLE,9.04,8.0,0.0,1.0,0.0,0.0,0.0,5.0,2.0,4.0,2.0,5.0,2.0
0022501158,1630557,2026-04-08,CLE,7.16,0.0,0.0,0.0,0.0,0.0,0.0,0.0,0.0,0.0,0.0,0.0,0.0
0022501122,1630557,2026-04-03,BKN,15.03,13.0,2.0,1.0,0.0,2.0,0.0,5.0,4.0,4.0,3.0,2.0,2.0
0022501078,1630557,2026-03-28,SAC,15.45,4.0,1.0,0.0,1.0,0.0,2.0,6.0,2.0,3.0,0.0,0.0,0.0
0022501067,1630557,2026-03-27,BOS,6.51,3.0,0.0,0.0,0.0,0.0,0.0,2.0,1.0,2.0,1.0,0.0,0.0
0022501051,1630557,2026-03-25,DET,11.33,5.0,4.0,2.0,0.0,0.0,1.0,5.0,1.0,4.0,1.0,4.0,2.0
0022501037,1630557,2026-03-23,MEM,15.56,11.0,1.0,1.0,0.0,0.0,0.0,9.0,4.0,6.0,3.0,0.0,0.0
0022501026,1630557,2026-03-21,GSW,18.13,8.0,3.0,4.0,0.0,0.0,2.0,7.0,4.0,1.0,0.0,0.0,0.0
0022501018,1630557,2026-03-20,HOU,18.15,2.0,2.0,2.0,1.0,0.0,0.0,6.0,1.0,5.0,0.0,0.0,0.0
0022501189,1630558,2026-04-12,ATL,25.42,12.0,2.0,1.0,1.0,0.0,1.0,6.0,5.0,2.0,2.0,0.0,0.0
0022501165,1630558,2026-04-09,TOR,37.19,15.0,3.0,11.0,0.0,0.0,3.0,9.0,7.0,1.0,0.0,4.0,1.0
0022501151,1630558,2026-04-07,TOR,23.2,9.0,1.0,6.0,0.0,0.0,1.0,11.0,4.0,5.0,1.0,0.0,0.0
0022501129,1630558,2026-04-04,WAS,25.33,12.0,4.0,6.0,0.0,0.0,1.0,9.0,5.0,5.0,2.0,0.0,0.0
0022501106,1630558,2026-04-01,BOS,40.23,21.0,2.0,7.0,0.0,0.0,0.0,15.0,8.0,10.0,5.0,0.0,0.0
0022501091,1630558,2026-03-30,PHI,30.0,9.0,4.0,5.0,0.0,0.0,3.0,9.0,4.0,5.0,1.0,0.0,0.0
0022501083,1630558,2026-03-29,IND,35.29,12.0,3.0,8.0,2.0,0.0,1.0,7.0,5.0,2.0,1.0,2.0,1.0
0022501068,1630558,2026-03-27,CLE,24.02,2.0,4.0,4.0,0.0,0.0,4.0,6.0,1.0,4.0,0.0,0.0,0.0
0022501055,1630558,2026-03-25,CLE,31.53,11.0,2.0,3.0,1.0,1.0,2.0,6.0,4.0,4.0,2.0,2.0,1.0
0022501041,1630558,2026-03-23,SAS,22.1,2.0,2.0,3.0,2.0,0.0,1.0,4.0,1.0,2.0,0.0,0.0,0.0
0022501116,1630559,2026-04-02,OKC,26.38,15.0,4.0,1.0,0.0,0.0,4.0,9.0,5.0,3.0,2.0,3.0,3.0
0022501103,1630559,2026-03-31,CLE,36.45,19.0,6.0,4.0,2.0,1.0,5.0,16.0,6.0,9.0,2.0,5.0,5.0
0022501098,1630559,2026-03-30,WAS,27.13,19.0,3.0,9.0,1.0,0.0,5.0,11.0,4.0,4.0,0.0,12.0,11.0
0022501075,1630559,2026-03-27,BKN,40.04,26.0,8.0,5.0,1.0,0.0,2.0,13.0,7.0,7.0,4.0,11.0,8.0
0022501052,1630559,2026-03-25,IND,37.58,25.0,1.0,8.0,2.0,0.0,2.0,16.0,7.0,7.0,2.0,9.0,9.0
0022501038,1630559,2026-03-23,DET,39.33,24.0,2.0,5.0,0.0,1.0,3.0,15.0,7.0,6.0,2.0,9.0,8.0
0022501024,1630559,2026-03-21,ORL,40.04,26.0,7.0,5.0,2.0,1.0,3.0,20.0,10.0,8.0,2.0,4.0,4.0
0022501010,1630559,2026-03-19,MIA,39.59,18.0,5.0,4.0,0.0,0.0,2.0,12.0,5.0,7.0,2.0,10.0,6.0
0022501007,1630559,2026-03-18,HOU,38.32,14.0,3.0,8.0,0.0,1.0,1.0,9.0,4.0,3.0,1.0,6.0,5.0
0022500989,1630559,2026-03-16,HOU,40.1,15.0,3.0,5.0,4.0,1.0,1.0,18.0,5.0,8.0,0.0,5.0,5.0
0022501031,1630560,2026-03-21,PHX,15.37,7.0,1.0,1.0,1.0,0.0,3.0,5.0,2.0,1.0,0.0,4.0,3.0
0022501014,1630560,2026-03-19,UTA,22.4,14.0,2.0,4.0,1.0,1.0,5.0,11.0,5.0,3.0,1.0,5.0,3.0
0022500970,1630560,2026-03-14,ATL,3.12,0.0,0.0,0.0,0.0,0.0,0.0,3.0,0.0,1.0,0.0,0.0,0.0
0022500957,1630560,2026-03-12,MIA,16.05,3.0,1.0,0.0,1.0,0.0,0.0,3.0,1.0,1.0,0.0,2.0,1.0
0022500941,1630560,2026-03-10,PHX,14.55,8.0,0.0,4.0,0.0,0.0,0.0,6.0,3.0,2.0,0.0,4.0,2.0
0022500926,1630560,2026-03-08,ORL,19.58,17.0,1.0,6.0,1.0,0.0,2.0,12.0,7.0,4.0,2.0,3.0,1.0
0022500919,1630560,2026-03-07,UTA,6.1,3.0,0.0,0.0,0.0,0.0,0.0,1.0,1.0,1.0,1.0,2.0,0.0
0022500897,1630560,2026-03-04,ATL,17.51,11.0,2.0,3.0,0.0,0.0,1.0,9.0,3.0,5.0,1.0,4.0,4.0
0022500880,1630560,2026-03-02,BOS,11.23,2.0,2.0,1.0,1.0,0.0,2.0,3.0,0.0,0.0,0.0,2.0,2.0
0022500870,1630560,2026-03-01,CHI,17.36,15.0,1.0,3.0,0.0,0.0,2.0,11.0,3.0,4.0,1.0,10.0,8.0
0022501192,1630567,2026-04-12,BKN,31.6,18.0,12.0,12.0,1.0,3.0,1.0,11.0,8.0,0.0,0.0,2.0,2.0
0022501176,1630567,2026-04-10,NYK,34.17,15.0,4.0,5.0,0.0,0.0,2.0,13.0,6.0,1.0,0.0,3.0,3.0
0022501165,1630567,2026-04-09,MIA,24.58,13.0,4.0,2.0,0.0,0.0,0.0,6.0,4.0,2.0,2.0,4.0,3.0
0022501151,1630567,2026-04-07,MIA,29.49,25.0,8.0,5.0,1.0,1.0,1.0,16.0,10.0,2.0,2.0,4.0,3.0
0022501132,1630567,2026-04-05,BOS,32.05,10.0,6.0,8.0,3.0,0.0,4.0,14.0,5.0,3.0,0.0,0.0,0.0
0022501125,1630567,2026-04-03,MEM,23.17,10.0,3.0,6.0,2.0,0.0,5.0,6.0,4.0,1.0,0.0,2.0,2.0
0022501108,1630567,2026-04-01,SAC,35.19,14.0,5.0,10.0,2.0,1.0,3.0,14.0,5.0,3.0,0.0,8.0,4.0
0022501101,1630567,2026-03-31,DET,27.43,5.0,1.0,12.0,3.0,2.0,4.0,8.0,2.0,2.0,0.0,4.0,1.0
0022501086,1630567,2026-03-29,ORL,28.22,23.0,5.0,15.0,3.0,0.0,2.0,14.0,9.0,2.0,2.0,5.0,3.0
0022501071,1630567,2026-03-27,NOP,36.29,23.0,6.0,12.0,2.0,3.0,4.0,14.0,10.0,0.0,0.0,3.0,3.0
0022501186,1630568,2026-04-12,ORL,38.02,27.0,12.0,1.0,1.0,0.0,2.0,18.0,10.0,6.0,3.0,4.0,4.0
0022501174,1630568,2026-04-10,NOP,16.07,14.0,6.0,2.0,1.0,2.0,1.0,13.0,6.0,3.0,0.0,3.0,2.0
0022501126,1630568,2026-04-03,MIL,12.25,2.0,4.0,1.0,0.0,0.0,0.0,2.0,1.0,0.0,0.0,0.0,0.0
0022501106,1630568,2026-04-01,MIA,14.47,12.0,2.0,0.0,0.0,1.0,0.0,10.0,5.0,4.0,2.0,0.0,0.0
0022501092,1630568,2026-03-30,ATL,28.13,20.0,9.0,1.0,0.0,1.0,0.0,9.0,8.0,3.0,2.0,2.0,2.0
0022501085,1630568,2026-03-29,CHA,13.22,2.0,1.0,2.0,0.0,0.0,0.0,1.0,1.0,0.0,0.0,0.0,0.0
0022501067,1630568,2026-03-27,ATL,15.03,11.0,4.0,2.0,0.0,0.0,0.0,5.0,4.0,2.0,1.0,2.0,2.0
0022501054,1630568,2026-03-25,OKC,11.55,7.0,2.0,0.0,0.0,0.0,1.0,4.0,3.0,2.0,1.0,1.0,0.0
0022501035,1630568,2026-03-22,MIN,17.23,5.0,6.0,1.0,0.0,0.0,2.0,7.0,2.0,3.0,1.0,0.0,0.0
0022501019,1630568,2026-03-20,MEM,27.16,22.0,7.0,1.0,1.0,0.0,1.0,12.0,9.0,3.0,1.0,5.0,3.0
0022501191,1630570,2026-04-12,MIL,6.34,2.0,0.0,1.0,0.0,1.0,1.0,1.0,1.0,0.0,0.0,0.0,0.0
0022501131,1630570,2026-04-04,DET,4.56,4.0,1.0,2.0,0.0,0.0,1.0,1.0,1.0,0.0,0.0,2.0,2.0
0022501105,1630570,2026-04-01,WAS,2.59,2.0,1.0,0.0,0.0,0.0,0.0,1.0,1.0,0.0,0.0,0.0,0.0
0022501053,1630570,2026-03-25,CHI,15.19,4.0,2.0,1.0,0.0,0.0,0.0,7.0,2.0,1.0,0.0,0.0,0.0
0022501040,1630570,2026-03-23,OKC,22.08,15.0,6.0,4.0,0.0,0.0,3.0,10.0,6.0,2.0,0.0,4.0,3.0
0022501030,1630570,2026-03-21,UTA,23.31,20.0,9.0,4.0,0.0,0.0,3.0,11.0,7.0,1.0,0.0,6.0,6.0
0022501015,1630570,2026-03-19,SAC,10.0,2.0,2.0,2.0,0.0,0.0,3.0,2.0,0.0,1.0,0.0,2.0,2.0
0022500997,1630570,2026-03-17,DEN,21.57,12.0,3.0,6.0,1.0,3.0,2.0,7.0,3.0,2.0,0.0,6.0,6.0
0022500980,1630570,2026-03-15,POR,27.03,7.0,2.0,3.0,1.0,0.0,0.0,7.0,3.0,2.0,0.0,2.0,1.0
0022500969,1630570,2026-03-14,BKN,17.5,10.0,5.0,3.0,1.0,0.0,2.0,9.0,5.0,2.0,0.0,1.0,0.0
0022501192,1630572,2026-04-12,BKN,17.38,9.0,3.0,3.0,0.0,0.0,0.0,5.0,4.0,2.0,1.0,0.0,0.0
0022501176,1630572,2026-04-10,NYK,24.6,17.0,8.0,3.0,1.0,0.0,4.0,9.0,5.0,6.0,3.0,6.0,4.0
0022501165,1630572,2026-04-09,MIA,18.29,5.0,4.0,1.0,2.0,0.0,0.0,6.0,2.0,4.0,1.0,0.0,0.0
0022501151,1630572,2026-04-07,MIA,22.16,11.0,5.0,1.0,0.0,0.0,1.0,9.0,4.0,4.0,2.0,2.0,1.0
0022501132,1630572,2026-04-05,BOS,24.03,10.0,6.0,4.0,0.0,0.0,0.0,4.0,2.0,3.0,2.0,4.0,4.0
0022501125,1630572,2026-04-03,MEM,20.55,10.0,6.0,2.0,0.0,0.0,1.0,5.0,2.0,4.0,1.0,6.0,5.0
0022501108,1630572,2026-04-01,SAC,33.09,17.0,6.0,3.0,1.0,2.0,0.0,10.0,7.0,5.0,3.0,0.0,0.0
0022501101,1630572,2026-03-31,DET,22.01,16.0,6.0,2.0,1.0,0.0,1.0,13.0,7.0,4.0,2.0,0.0,0.0
0022501086,1630572,2026-03-29,ORL,21.19,19.0,4.0,0.0,3.0,0.0,3.0,13.0,8.0,4.0,2.0,1.0,1.0
0022501071,1630572,2026-03-27,NOP,21.25,18.0,9.0,2.0,1.0,1.0,0.0,14.0,7.0,5.0,3.0,2.0,1.0
0022501174,1630573,2026-04-10,NOP,27.51,24.0,6.0,4.0,0.0,0.0,0.0,13.0,8.0,12.0,8.0,0.0,0.0
0022501168,1630573,2026-04-09,NYK,31.29,6.0,2.0,3.0,0.0,0.0,0.0,7.0,2.0,6.0,2.0,0.0,0.0
0022501149,1630573,2026-04-07,CHA,16.11,5.0,5.0,3.0,0.0,0.0,0.0,7.0,2.0,5.0,1.0,0.0,0.0
0022501132,1630573,2026-04-05,TOR,26.29,8.0,2.0,1.0,0.0,0.0,1.0,7.0,3.0,4.0,1.0,1.0,1.0
0022501126,1630573,2026-04-03,MIL,26.36,13.0,6.0,2.0,0.0,0.0,0.0,6.0,5.0,4.0,3.0,0.0,0.0
0022501106,1630573,2026-04-01,MIA,28.4,23.0,3.0,0.0,1.0,1.0,0.0,11.0,9.0,7.0,5.0,1.0,0.0
0022501092,1630573,2026-03-30,ATL,21.02,7.0,3.0,0.0,0.0,0.0,1.0,5.0,2.0,3.0,1.0,2.0,2.0
0022501085,1630573,2026-03-29,CHA,33.34,7.0,3.0,0.0,0.0,0.0,0.0,4.0,2.0,4.0,2.0,2.0,1.0
0022501067,1630573,2026-03-27,ATL,29.0,10.0,3.0,2.0,0.0,0.0,1.0,7.0,4.0,5.0,2.0,0.0,0.0
0022501054,1630573,2026-03-25,OKC,28.39,9.0,5.0,0.0,0.0,0.0,0.0,9.0,3.0,8.0,3.0,0.0,0.0
0022501190,1630574,2026-04-12,CHA,30.01,8.0,9.0,1.0,1.0,2.0,3.0,8.0,4.0,0.0,0.0,0.0,0.0
0022501176,1630574,2026-04-10,TOR,12.34,8.0,4.0,1.0,0.0,0.0,0.0,4.0,4.0,0.0,0.0,0.0,0.0
0022501123,1630574,2026-04-03,CHI,8.11,6.0,3.0,0.0,0.0,0.0,0.0,2.0,2.0,0.0,0.0,2.0,2.0
0022501003,1630574,2026-04-01,MEM,11.54,7.0,6.0,3.0,0.0,1.0,1.0,5.0,2.0,0.0,0.0,3.0,3.0
0022501102,1630574,2026-03-31,HOU,1.47,0.0,2.0,0.0,0.0,0.0,0.0,1.0,0.0,0.0,0.0,0.0,0.0
0022501034,1630574,2026-03-22,WAS,3.27,0.0,1.0,0.0,0.0,0.0,1.0,0.0,0.0,0.0,0.0,0.0,0.0
0022500962,1630574,2026-03-13,IND,13.31,0.0,1.0,1.0,0.0,0.0,0.0,0.0,0.0,0.0,0.0,0.0,0.0
0022500935,1630574,2026-03-09,LAC,12.25,0.0,3.0,1.0,0.0,0.0,0.0,1.0,0.0,0.0,0.0,0.0,0.0
0022500911,1630574,2026-03-06,DEN,6.23,2.0,0.0,0.0,1.0,0.0,1.0,1.0,1.0,0.0,0.0,0.0,0.0
0022500893,1630574,2026-03-04,OKC,9.0,0.0,3.0,0.0,0.0,1.0,3.0,0.0,0.0,0.0,0.0,0.0,0.0
0022501197,1630577,2026-04-12,DEN,25.17,7.0,4.0,1.0,0.0,1.0,1.0,7.0,3.0,4.0,1.0,0.0,0.0
0022501180,1630577,2026-04-10,DAL,26.45,14.0,7.0,1.0,1.0,2.0,0.0,8.0,5.0,3.0,1.0,3.0,3.0
0022501161,1630577,2026-04-08,POR,26.5,2.0,4.0,3.0,0.0,2.0,0.0,6.0,1.0,3.0,0.0,0.0,0.0
0022501146,1630577,2026-04-06,PHI,26.44,7.0,9.0,2.0,0.0,0.0,0.0,6.0,3.0,4.0,1.0,0.0,0.0
0022501130,1630577,2026-04-04,DEN,33.0,18.0,5.0,2.0,0.0,0.0,0.0,12.0,6.0,9.0,6.0,0.0,0.0
0022501119,1630577,2026-04-02,LAC,27.33,13.0,8.0,4.0,2.0,0.0,1.0,13.0,5.0,6.0,1.0,3.0,2.0
0022501113,1630577,2026-04-01,GSW,25.37,15.0,3.0,2.0,0.0,0.0,1.0,15.0,5.0,13.0,4.0,1.0,1.0
0022501094,1630577,2026-03-30,CHI,28.03,13.0,8.0,3.0,0.0,0.0,0.0,7.0,5.0,5.0,3.0,0.0,0.0
0022501076,1630577,2026-03-28,MIL,22.52,11.0,4.0,0.0,2.0,0.0,0.0,8.0,4.0,7.0,3.0,0.0,0.0
0022501056,1630577,2026-03-25,MEM,25.32,13.0,8.0,2.0,1.0,1.0,1.0,10.0,4.0,8.0,3.0,2.0,2.0
0022501178,1630578,2026-04-10,MIN,28.51,22.0,6.0,8.0,0.0,1.0,3.0,13.0,10.0,0.0,0.0,2.0,2.0
0022501169,1630578,2026-04-09,PHI,32.46,8.0,12.0,4.0,1.0,0.0,3.0,14.0,4.0,1.0,0.0,0.0,0.0
0022501157,1630578,2026-04-07,PHX,28.02,12.0,14.0,6.0,0.0,0.0,6.0,15.0,5.0,1.0,0.0,2.0,2.0
0022501142,1630578,2026-04-05,GSW,36.54,24.0,6.0,7.0,0.0,2.0,2.0,19.0,10.0,5.0,1.0,3.0,3.0
0022501124,1630578,2026-04-03,UTA,27.37,19.0,4.0,5.0,0.0,0.0,3.0,12.0,8.0,2.0,0.0,6.0,3.0
0022501110,1630578,2026-04-01,MIL,29.29,25.0,9.0,4.0,2.0,1.0,0.0,13.0,9.0,2.0,2.0,6.0,5.0
0022501102,1630578,2026-03-31,NYK,29.55,13.0,5.0,10.0,1.0,0.0,2.0,5.0,4.0,2.0,1.0,6.0,4.0
0022501088,1630578,2026-03-29,NOP,31.46,36.0,13.0,7.0,3.0,3.0,0.0,23.0,12.0,7.0,5.0,8.0,7.0
0022501069,1630578,2026-03-27,MEM,32.51,14.0,8.0,7.0,1.0,2.0,1.0,13.0,6.0,0.0,0.0,4.0,2.0
0022501058,1630578,2026-03-25,MIN,42.5,30.0,6.0,3.0,0.0,4.0,1.0,22.0,12.0,2.0,0.0,6.0,6.0
0022501191,1630579,2026-04-12,PHI,31.22,15.0,7.0,3.0,1.0,0.0,2.0,9.0,7.0,0.0,0.0,1.0,1.0
0022501179,1630579,2026-04-10,BKN,30.18,11.0,10.0,3.0,1.0,2.0,1.0,4.0,4.0,0.0,0.0,5.0,3.0
0022501160,1630579,2026-04-08,DET,38.32,11.0,11.0,10.0,2.0,0.0,2.0,6.0,3.0,0.0,0.0,8.0,5.0
0022501150,1630579,2026-04-07,BKN,36.33,12.0,8.0,6.0,1.0,1.0,2.0,9.0,6.0,0.0,0.0,0.0,0.0
0022501135,1630579,2026-04-05,MEM,26.08,12.0,4.0,3.0,0.0,0.0,2.0,7.0,6.0,0.0,0.0,2.0,0.0
0022501126,1630579,2026-04-03,BOS,16.15,3.0,4.0,6.0,0.0,0.0,1.0,0.0,0.0,0.0,0.0,4.0,3.0
0022501110,1630579,2026-04-01,HOU,35.43,6.0,20.0,2.0,0.0,0.0,1.0,5.0,1.0,0.0,0.0,6.0,4.0
0022500652,1630579,2026-03-31,DAL,29.28,8.0,9.0,1.0,0.0,1.0,2.0,6.0,3.0,0.0,0.0,2.0,2.0
0022501082,1630579,2026-03-29,LAC,22.34,6.0,5.0,3.0,1.0,0.0,2.0,5.0,3.0,0.0,0.0,0.0,0.0
0022501076,1630579,2026-03-28,SAS,21.44,10.0,10.0,2.0,0.0,0.0,2.0,7.0,5.0,0.0,0.0,0.0,0.0
0022501123,1630581,2026-04-03,NYK,25.4,6.0,5.0,5.0,0.0,2.0,4.0,12.0,3.0,4.0,0.0,2.0,0.0
0022501094,1630581,2026-03-30,SAS,32.57,9.0,7.0,10.0,0.0,1.0,2.0,5.0,3.0,3.0,2.0,2.0,1.0
0022501079,1630581,2026-03-28,MEM,34.52,18.0,13.0,10.0,2.0,3.0,5.0,11.0,6.0,3.0,1.0,5.0,5.0
0022501070,1630581,2026-03-27,OKC,32.53,5.0,7.0,11.0,0.0,0.0,5.0,11.0,1.0,8.0,0.0,4.0,3.0
0022501053,1630581,2026-03-25,PHI,32.53,23.0,9.0,12.0,0.0,1.0,4.0,13.0,8.0,6.0,3.0,4.0,4.0
0022501042,1630581,2026-03-23,HOU,38.43,15.0,7.0,13.0,2.0,1.0,2.0,14.0,4.0,8.0,3.0,4.0,4.0
0022501011,1630581,2026-03-19,CLE,36.41,9.0,6.0,19.0,1.0,2.0,5.0,11.0,4.0,5.0,1.0,0.0,0.0
0022501002,1630581,2026-03-18,TOR,27.03,9.0,0.0,3.0,1.0,0.0,3.0,13.0,4.0,8.0,1.0,1.0,0.0
0022500987,1630581,2026-03-16,MEM,33.56,16.0,15.0,13.0,3.0,0.0,2.0,12.0,6.0,5.0,2.0,2.0,2.0
0022500968,1630581,2026-03-13,LAC,38.56,20.0,11.0,10.0,2.0,1.0,2.0,20.0,8.0,11.0,4.0,0.0,0.0
0022500731,1630583,2026-02-04,SAC,24.08,12.0,6.0,0.0,1.0,2.0,1.0,10.0,4.0,6.0,2.0,4.0,2.0
0022500662,1630583,2026-01-26,HOU,27.25,17.0,7.0,2.0,0.0,0.0,1.0,12.0,7.0,2.0,1.0,3.0,2.0
0022500602,1630583,2026-01-18,ORL,25.1,9.0,5.0,3.0,0.0,0.0,0.0,5.0,3.0,1.0,0.0,6.0,3.0
0022500578,1630583,2026-01-15,ORL,30.17,18.0,5.0,1.0,1.0,0.0,1.0,11.0,6.0,4.0,4.0,3.0,2.0
0022500549,1630583,2026-01-11,BKN,33.12,15.0,8.0,3.0,1.0,3.0,1.0,10.0,7.0,2.0,1.0,0.0,0.0
0022500536,1630583,2026-01-09,OKC,28.47,15.0,7.0,7.0,0.0,0.0,1.0,9.0,6.0,4.0,2.0,2.0,1.0
0022500524,1630583,2026-01-07,PHX,22.14,7.0,3.0,0.0,0.0,0.0,0.0,8.0,3.0,3.0,0.0,2.0,1.0
0022500512,1630583,2026-01-06,SAS,23.54,10.0,9.0,2.0,0.0,2.0,4.0,10.0,3.0,6.0,1.0,3.0,3.0
0022500501,1630583,2026-01-04,LAL,30.44,12.0,10.0,7.0,1.0,0.0,1.0,13.0,4.0,4.0,0.0,6.0,4.0
0022500485,1630583,2026-01-02,LAL,29.48,15.0,7.0,3.0,1.0,0.0,0.0,12.0,5.0,9.0,3.0,2.0,2.0
0022501036,1630587,2026-03-22,TOR,4.44,0.0,0.0,0.0,0.0,0.0,0.0,0.0,0.0,0.0,0.0,0.0,0.0
0022501031,1630587,2026-03-21,MIL,9.5,0.0,1.0,0.0,1.0,0.0,0.0,3.0,0.0,1.0,0.0,0.0,0.0
0022500996,1630587,2026-03-17,MIN,1.04,0.0,0.0,0.0,0.0,0.0,0.0,0.0,0.0,0.0,0.0,0.0,0.0
0022500954,1630587,2026-03-12,IND,1.09,0.0,0.0,0.0,0.0,0.0,0.0,0.0,0.0,0.0,0.0,0.0,0.0
0022500826,1630587,2026-02-22,POR,12.23,2.0,1.0,0.0,0.0,0.0,0.0,4.0,0.0,2.0,0.0,2.0,2.0
0022500811,1630587,2026-02-21,ORL,14.37,0.0,2.0,0.0,0.0,0.0,0.0,4.0,0.0,1.0,0.0,0.0,0.0
0022500798,1630587,2026-02-19,SAS,9.58,0.0,1.0,1.0,0.0,0.0,0.0,1.0,0.0,1.0,0.0,0.0,0.0
0022500739,1630587,2026-02-05,GSW,2.44,0.0,0.0,0.0,0.0,0.0,0.0,0.0,0.0,0.0,0.0,0.0,0.0
0022500725,1630587,2026-02-03,POR,9.21,0.0,1.0,0.0,0.0,0.0,0.0,0.0,0.0,0.0,0.0,0.0,0.0
0022500709,1630587,2026-02-01,LAC,14.03,2.0,1.0,1.0,0.0,1.0,0.0,3.0,1.0,1.0,0.0,0.0,0.0
0022500918,1630590,2026-03-07,LAC,23.25,11.0,3.0,3.0,1.0,0.0,2.0,7.0,4.0,3.0,1.0,3.0,2.0
0022500890,1630590,2026-03-03,MIN,23.39,8.0,3.0,5.0,1.0,0.0,4.0,7.0,3.0,4.0,1.0,2.0,1.0
0022500872,1630590,2026-03-01,IND,20.16,16.0,3.0,5.0,0.0,0.0,2.0,16.0,7.0,1.0,0.0,2.0,2.0
0022500861,1630590,2026-02-27,DAL,21.37,15.0,2.0,3.0,3.0,1.0,2.0,12.0,7.0,3.0,1.0,0.0,0.0
0022500844,1630590,2026-02-25,GSW,20.23,8.0,3.0,4.0,1.0,0.0,2.0,7.0,3.0,3.0,1.0,2.0,1.0
0022500829,1630590,2026-02-23,SAC,21.58,6.0,2.0,8.0,5.0,0.0,7.0,8.0,0.0,4.0,0.0,6.0,6.0
0022500813,1630590,2026-02-21,MIA,20.37,18.0,3.0,6.0,2.0,1.0,3.0,15.0,7.0,7.0,3.0,2.0,1.0
0022500787,1630590,2026-02-11,DEN,17.43,8.0,0.0,3.0,1.0,1.0,2.0,10.0,3.0,4.0,1.0,2.0,1.0
0022500768,1630590,2026-02-09,GSW,20.12,11.0,0.0,4.0,4.0,1.0,1.0,6.0,5.0,1.0,1.0,0.0,0.0
0022500745,1630590,2026-02-06,POR,22.02,13.0,3.0,6.0,1.0,0.0,2.0,8.0,4.0,2.0,1.0,4.0,4.0
0022501186,1630591,2026-04-12,BOS,37.58,23.0,6.0,3.0,1.0,1.0,4.0,17.0,8.0,15.0,7.0,0.0,0.0
0022501177,1630591,2026-04-10,CHI,20.06,12.0,1.0,4.0,0.0,0.0,2.0,11.0,4.0,9.0,4.0,0.0,0.0
0022501159,1630591,2026-04-08,MIN,25.15,11.0,0.0,4.0,2.0,0.0,2.0,6.0,4.0,5.0,3.0,0.0,0.0
0022501144,1630591,2026-04-06,DET,33.51,12.0,6.0,12.0,3.0,1.0,1.0,9.0,4.0,3.0,2.0,2.0,2.0
0022501138,1630591,2026-04-05,NOP,33.37,11.0,4.0,8.0,1.0,0.0,1.0,19.0,4.0,12.0,3.0,0.0,0.0
0022501127,1630591,2026-04-03,DAL,31.14,19.0,4.0,9.0,3.0,0.0,3.0,12.0,8.0,6.0,3.0,0.0,0.0
0022501107,1630591,2026-04-01,ATL,25.59,7.0,5.0,9.0,3.0,1.0,6.0,12.0,3.0,5.0,0.0,1.0,1.0
0022501099,1630591,2026-03-31,PHX,37.42,20.0,8.0,7.0,4.0,0.0,6.0,11.0,6.0,5.0,2.0,6.0,6.0
0022501086,1630591,2026-03-29,TOR,25.55,13.0,4.0,5.0,1.0,1.0,5.0,11.0,5.0,6.0,2.0,1.0,1.0
0022501065,1630591,2026-03-26,SAC,34.02,8.0,4.0,4.0,0.0,1.0,2.0,8.0,3.0,5.0,2.0,0.0,0.0
0022501192,1630592,2026-04-12,TOR,26.21,9.0,8.0,3.0,1.0,0.0,2.0,9.0,3.0,0.0,0.0,6.0,3.0
0022501179,1630592,2026-04-10,MIL,34.29,13.0,7.0,7.0,1.0,0.0,2.0,9.0,5.0,1.0,1.0,2.0,2.0
0022501167,1630592,2026-04-09,IND,37.0,11.0,5.0,2.0,1.0,0.0,3.0,11.0,4.0,7.0,2.0,3.0,1.0
0022501150,1630592,2026-04-07,MIL,19.24,7.0,1.0,2.0,0.0,0.0,1.0,7.0,2.0,2.0,0.0,4.0,3.0
0022501133,1630592,2026-04-05,WAS,25.41,19.0,5.0,4.0,1.0,0.0,1.0,9.0,6.0,4.0,2.0,6.0,5.0
0022501100,1630592,2026-03-31,CHA,9.05,4.0,1.0,0.0,0.0,0.0,1.0,2.0,1.0,0.0,0.0,4.0,2.0
0022501075,1630592,2026-03-27,LAL,14.51,9.0,6.0,2.0,0.0,0.0,2.0,11.0,3.0,6.0,1.0,3.0,2.0
0022501060,1630592,2026-03-25,GSW,23.24,15.0,3.0,2.0,0.0,0.0,1.0,9.0,4.0,3.0,1.0,8.0,6.0
0022501045,1630592,2026-03-23,POR,31.21,11.0,4.0,1.0,1.0,0.0,0.0,9.0,4.0,3.0,0.0,5.0,3.0
0022501000,1630592,2026-03-18,OKC,19.1,15.0,5.0,0.0,0.0,0.0,1.0,11.0,5.0,4.0,1.0,4.0,4.0
0022501188,1630595,2026-04-12,IND,21.49,7.0,8.0,14.0,0.0,0.0,4.0,12.0,3.0,6.0,1.0,0.0,0.0
0022501171,1630595,2026-04-10,CHA,28.24,14.0,2.0,7.0,1.0,1.0,3.0,13.0,7.0,3.0,0.0,1.0,0.0
0022501160,1630595,2026-04-08,MIL,25.41,13.0,5.0,10.0,1.0,1.0,3.0,11.0,6.0,2.0,1.0,0.0,0.0
0022500993,1630595,2026-03-17,WAS,5.2,6.0,2.0,0.0,1.0,0.0,1.0,3.0,2.0,1.0,0.0,2.0,2.0
0022500978,1630595,2026-03-15,TOR,37.13,33.0,3.0,9.0,2.0,0.0,4.0,24.0,12.0,8.0,2.0,8.0,7.0
0022500961,1630595,2026-03-13,MEM,30.1,17.0,8.0,15.0,3.0,0.0,3.0,11.0,6.0,4.0,2.0,3.0,3.0
0022500953,1630595,2026-03-12,PHI,28.23,8.0,5.0,13.0,2.0,1.0,4.0,6.0,3.0,2.0,0.0,2.0,2.0
0022500937,1630595,2026-03-10,BKN,25.5,21.0,3.0,15.0,1.0,0.0,2.0,10.0,8.0,5.0,4.0,3.0,1.0
0022500923,1630595,2026-03-08,MIA,35.09,26.0,1.0,10.0,0.0,0.0,4.0,18.0,9.0,9.0,6.0,2.0,2.0
0022500904,1630595,2026-03-05,SAS,39.22,26.0,4.0,8.0,0.0,0.0,4.0,26.0,10.0,7.0,4.0,2.0,2.0
0022501173,1630596,2026-04-10,ATL,21.46,10.0,6.0,1.0,0.0,1.0,4.0,12.0,5.0,0.0,0.0,0.0,0.0
0022501158,1630596,2026-04-08,ATL,35.39,22.0,19.0,3.0,0.0,3.0,1.0,15.0,8.0,3.0,0.0,10.0,6.0
0022501145,1630596,2026-04-06,MEM,25.4,24.0,6.0,4.0,0.0,0.0,3.0,11.0,9.0,2.0,1.0,8.0,5.0
0022501117,1630596,2026-04-02,GSW,32.2,12.0,10.0,5.0,1.0,0.0,0.0,11.0,6.0,2.0,0.0,2.0,0.0
0022501103,1630596,2026-03-31,LAL,21.31,6.0,4.0,4.0,0.0,0.0,1.0,4.0,2.0,1.0,0.0,2.0,2.0
0022501096,1630596,2026-03-30,UTA,29.39,34.0,17.0,3.0,1.0,3.0,2.0,21.0,15.0,0.0,0.0,5.0,4.0
0022501068,1630596,2026-03-27,MIA,29.14,23.0,10.0,3.0,1.0,0.0,0.0,15.0,10.0,2.0,1.0,2.0,2.0
0022501055,1630596,2026-03-25,MIA,30.37,8.0,5.0,4.0,0.0,0.0,2.0,8.0,3.0,0.0,0.0,5.0,2.0
0022501049,1630596,2026-03-24,ORL,32.3,19.0,9.0,6.0,0.0,1.0,3.0,8.0,8.0,0.0,0.0,4.0,3.0
0022501025,1630596,2026-03-21,NOP,30.26,18.0,8.0,3.0,1.0,2.0,2.0,10.0,8.0,1.0,0.0,5.0,2.0
0022501196,1630598,2026-04-12,PHX,26.59,3.0,2.0,5.0,1.0,1.0,2.0,7.0,1.0,3.0,1.0,0.0,0.0
0022501182,1630598,2026-04-10,DEN,25.04,13.0,3.0,3.0,3.0,0.0,0.0,11.0,5.0,6.0,2.0,2.0,1.0
0022501163,1630598,2026-04-08,LAC,3.5,2.0,1.0,0.0,0.0,0.0,1.0,1.0,1.0,0.0,0.0,0.0,0.0
0022501155,1630598,2026-04-07,LAL,19.57,10.0,2.0,0.0,1.0,0.0,1.0,7.0,4.0,4.0,2.0,0.0,0.0
0022501139,1630598,2026-04-05,UTA,8.06,0.0,0.0,1.0,0.0,1.0,0.0,3.0,0.0,2.0,0.0,0.0,0.0
0022501116,1630598,2026-04-02,LAL,12.34,7.0,0.0,1.0,0.0,0.0,1.0,6.0,3.0,4.0,1.0,0.0,0.0
0022501097,1630598,2026-03-30,DET,17.21,10.0,2.0,1.0,1.0,0.0,0.0,8.0,4.0,5.0,2.0,0.0,0.0
0022501070,1630598,2026-03-27,CHI,11.01,9.0,2.0,0.0,0.0,0.0,0.0,4.0,3.0,2.0,1.0,2.0,2.0
0022501040,1630598,2026-03-23,PHI,10.44,5.0,1.0,0.0,1.0,0.0,1.0,4.0,2.0,1.0,1.0,0.0,0.0
0022501022,1630598,2026-03-21,WAS,20.37,5.0,2.0,0.0,1.0,0.0,4.0,5.0,2.0,1.0,1.0,0.0,0.0
0022501192,1630604,2026-04-12,TOR,27.23,17.0,4.0,1.0,1.0,0.0,1.0,10.0,5.0,5.0,3.0,4.0,4.0
0022501179,1630604,2026-04-10,MIL,31.41,13.0,6.0,4.0,1.0,0.0,2.0,12.0,5.0,3.0,1.0,2.0,2.0
0022501167,1630604,2026-04-09,IND,36.36,26.0,10.0,1.0,0.0,0.0,1.0,16.0,10.0,6.0,3.0,4.0,3.0
0022501150,1630604,2026-04-07,MIL,21.06,21.0,4.0,1.0,1.0,0.0,0.0,9.0,7.0,3.0,2.0,5.0,5.0
0022501133,1630604,2026-04-05,WAS,29.42,15.0,5.0,2.0,0.0,2.0,3.0,7.0,5.0,2.0,2.0,4.0,3.0
0022501100,1630604,2026-03-31,CHA,8.2,3.0,2.0,0.0,0.0,0.0,0.0,2.0,1.0,1.0,0.0,2.0,1.0
0022501084,1630604,2026-03-29,SAC,21.21,4.0,4.0,2.0,0.0,1.0,1.0,7.0,2.0,3.0,0.0,0.0,0.0
0022501060,1630604,2026-03-25,GSW,8.09,0.0,1.0,0.0,0.0,0.0,0.0,2.0,0.0,1.0,0.0,0.0,0.0
0022501045,1630604,2026-03-23,POR,14.12,2.0,1.0,0.0,0.0,0.0,1.0,5.0,1.0,4.0,0.0,0.0,0.0
0022501033,1630604,2026-03-22,SAC,28.3,1.0,2.0,4.0,0.0,2.0,0.0,5.0,0.0,3.0,0.0,2.0,1.0
0022501003,1630610,2026-04-01,NYK,19.44,4.0,2.0,2.0,2.0,2.0,4.0,5.0,1.0,3.0,0.0,3.0,2.0
0022501093,1630610,2026-03-30,PHX,33.14,12.0,8.0,4.0,0.0,2.0,4.0,11.0,4.0,2.0,0.0,4.0,4.0
0022501079,1630610,2026-03-28,CHI,19.17,14.0,2.0,3.0,1.0,2.0,1.0,7.0,5.0,0.0,0.0,5.0,4.0
0022501069,1630610,2026-03-27,HOU,15.08,4.0,6.0,3.0,0.0,0.0,1.0,8.0,2.0,2.0,0.0,0.0,0.0
0022501056,1630610,2026-03-25,SAS,14.59,15.0,2.0,1.0,3.0,0.0,2.0,15.0,5.0,11.0,2.0,4.0,3.0
0022501037,1630610,2026-03-23,ATL,21.39,7.0,6.0,4.0,1.0,0.0,3.0,6.0,3.0,3.0,1.0,0.0,0.0
0022501023,1630610,2026-03-21,CHA,22.03,4.0,3.0,4.0,0.0,0.0,3.0,5.0,1.0,1.0,0.0,2.0,2.0
0022501019,1630610,2026-03-20,BOS,27.15,13.0,6.0,2.0,1.0,1.0,3.0,14.0,6.0,5.0,1.0,1.0,0.0
0022500651,1630610,2026-03-18,DEN,10.22,4.0,4.0,4.0,1.0,1.0,0.0,2.0,2.0,0.0,0.0,0.0,0.0
0022500987,1630610,2026-03-16,CHI,22.48,5.0,5.0,6.0,0.0,0.0,2.0,4.0,2.0,1.0,0.0,2.0,1.0
0022501199,1630611,2026-04-12,LAC,16.33,7.0,7.0,2.0,0.0,0.0,1.0,6.0,3.0,0.0,0.0,2.0,1.0
0022501184,1630611,2026-04-10,SAC,26.53,7.0,3.0,6.0,2.0,0.0,0.0,10.0,3.0,3.0,1.0,0.0,0.0
0022501142,1630611,2026-04-05,HOU,32.04,15.0,4.0,1.0,2.0,0.0,3.0,15.0,5.0,8.0,2.0,4.0,3.0
0022501117,1630611,2026-04-02,CLE,31.11,25.0,4.0,4.0,2.0,0.0,3.0,14.0,9.0,6.0,2.0,6.0,5.0
0022501090,1630611,2026-03-29,DEN,32.31,9.0,10.0,3.0,1.0,0.0,4.0,9.0,3.0,4.0,1.0,2.0,2.0
0022501073,1630611,2026-03-27,WAS,33.21,27.0,4.0,4.0,0.0,0.0,1.0,12.0,8.0,5.0,3.0,9.0,8.0
0022501060,1630611,2026-03-25,BKN,34.54,31.0,3.0,1.0,2.0,1.0,5.0,16.0,11.0,6.0,4.0,8.0,5.0
0022501044,1630611,2026-03-23,DAL,35.13,16.0,6.0,5.0,2.0,1.0,3.0,10.0,5.0,5.0,0.0,8.0,6.0
0022501026,1630611,2026-03-21,ATL,23.43,2.0,2.0,6.0,2.0,0.0,4.0,2.0,0.0,0.0,0.0,4.0,2.0
0022501017,1630611,2026-03-20,DET,29.47,13.0,5.0,5.0,0.0,0.0,3.0,10.0,4.0,4.0,1.0,4.0,4.0
0022501193,1630619,2026-04-12,CHI,40.49,17.0,20.0,1.0,2.0,2.0,3.0,15.0,6.0,0.0,0.0,6.0,5.0
0022501180,1630619,2026-04-10,SAS,19.28,7.0,8.0,0.0,2.0,3.0,0.0,5.0,3.0,0.0,0.0,5.0,1.0
0022501164,1630619,2026-04-08,PHX,21.43,11.0,9.0,0.0,0.0,1.0,1.0,5.0,4.0,0.0,0.0,4.0,3.0
0022500652,1630619,2026-03-31,MIL,22.17,8.0,13.0,0.0,3.0,2.0,1.0,7.0,4.0,0.0,0.0,0.0,0.0
0022500908,1630619,2026-03-06,BOS,25.3,6.0,7.0,1.0,1.0,3.0,0.0,5.0,3.0,0.0,0.0,0.0,0.0
0022500876,1630619,2026-03-01,OKC,21.04,0.0,12.0,0.0,0.0,0.0,2.0,1.0,0.0,0.0,0.0,0.0,0.0
0022500861,1630619,2026-02-27,MEM,12.46,8.0,8.0,0.0,1.0,0.0,1.0,5.0,4.0,0.0,0.0,6.0,0.0
0022500854,1630619,2026-02-26,SAC,6.37,2.0,5.0,0.0,0.0,0.0,0.0,3.0,0.0,0.0,0.0,4.0,2.0
0022500738,1630619,2026-02-05,SAS,11.39,0.0,5.0,0.0,0.0,1.0,0.0,2.0,0.0,0.0,0.0,0.0,0.0
0022500721,1630619,2026-02-03,BOS,14.57,4.0,5.0,0.0,0.0,0.0,1.0,4.0,2.0,0.0,0.0,0.0,0.0
0022501195,1630621,2026-04-12,MIN,20.31,6.0,4.0,2.0,1.0,0.0,0.0,8.0,3.0,2.0,0.0,0.0,0.0
0022501174,1630621,2026-04-10,BOS,5.05,2.0,0.0,0.0,0.0,0.0,0.0,1.0,1.0,0.0,0.0,0.0,0.0
0022501153,1630621,2026-04-07,UTA,7.46,2.0,0.0,0.0,0.0,0.0,0.0,2.0,0.0,1.0,0.0,2.0,2.0
0022501138,1630621,2026-04-05,ORL,4.23,0.0,1.0,0.0,0.0,1.0,1.0,1.0,0.0,1.0,0.0,0.0,0.0
0022500085,1630621,2025-10-22,MEM,4.43,2.0,0.0,0.0,0.0,1.0,2.0,2.0,1.0,0.0,0.0,0.0,0.0
0022501192,1630623,2026-04-12,TOR,36.45,20.0,1.0,4.0,2.0,0.0,1.0,16.0,6.0,10.0,2.0,8.0,6.0
0022501179,1630623,2026-04-10,MIL,32.29,23.0,4.0,2.0,0.0,0.0,1.0,12.0,6.0,12.0,6.0,5.0,5.0
0022501167,1630623,2026-04-09,IND,38.5,14.0,5.0,4.0,0.0,0.0,3.0,17.0,5.0,7.0,3.0,3.0,1.0
0022501150,1630623,2026-04-07,MIL,28.44,9.0,5.0,3.0,0.0,0.0,0.0,13.0,4.0,7.0,1.0,0.0,0.0
0022501133,1630623,2026-04-05,WAS,19.47,9.0,0.0,4.0,1.0,0.0,1.0,6.0,3.0,4.0,1.0,2.0,2.0
0022501100,1630623,2026-03-31,CHA,14.36,5.0,0.0,1.0,2.0,0.0,1.0,3.0,1.0,3.0,1.0,2.0,2.0
0022501084,1630623,2026-03-29,SAC,20.11,9.0,0.0,4.0,2.0,0.0,0.0,5.0,3.0,5.0,3.0,0.0,0.0
0022501060,1630623,2026-03-25,GSW,16.41,5.0,1.0,3.0,1.0,0.0,0.0,6.0,2.0,3.0,1.0,0.0,0.0
0022501045,1630623,2026-03-23,POR,24.02,18.0,1.0,4.0,1.0,0.0,2.0,10.0,6.0,7.0,4.0,2.0,2.0
0022501033,1630623,2026-03-22,SAC,13.11,14.0,0.0,1.0,0.0,0.0,0.0,6.0,5.0,4.0,4.0,0.0,0.0
0022501186,1630625,2026-04-12,ORL,36.3,2.0,4.0,7.0,1.0,4.0,6.0,3.0,0.0,1.0,0.0,2.0,2.0
0022500859,1630625,2026-02-27,BKN,5.59,4.0,0.0,1.0,0.0,0.0,1.0,4.0,1.0,0.0,0.0,2.0,2.0
0022500847,1630625,2026-02-25,DEN,5.33,0.0,0.0,1.0,0.0,1.0,0.0,1.0,0.0,0.0,0.0,0.0,0.0
0022500839,1630625,2026-02-24,PHX,3.56,0.0,0.0,0.0,0.0,0.0,0.0,0.0,0.0,0.0,0.0,0.0,0.0
0022500772,1630625,2026-02-10,HOU,5.28,4.0,1.0,2.0,1.0,0.0,0.0,2.0,2.0,0.0,0.0,0.0,0.0
0022500760,1630625,2026-02-08,MIN,4.13,2.0,0.0,0.0,0.0,0.0,1.0,2.0,1.0,0.0,0.0,0.0,0.0
0022501190,1630631,2026-04-12,CHA,33.5,16.0,5.0,7.0,2.0,1.0,1.0,16.0,6.0,9.0,4.0,0.0,0.0
0022501176,1630631,2026-04-10,TOR,18.07,12.0,5.0,2.0,0.0,0.0,1.0,6.0,4.0,3.0,1.0,6.0,3.0
0022501123,1630631,2026-04-03,CHI,12.0,2.0,1.0,4.0,3.0,0.0,1.0,3.0,1.0,2.0,0.0,0.0,0.0
0022501003,1630631,2026-04-01,MEM,31.59,15.0,4.0,4.0,2.0,1.0,3.0,12.0,6.0,5.0,1.0,2.0,2.0
0022501102,1630631,2026-03-31,HOU,11.4,12.0,1.0,2.0,0.0,0.0,0.0,6.0,5.0,2.0,2.0,0.0,0.0
0022501089,1630631,2026-03-29,OKC,16.42,8.0,3.0,4.0,0.0,0.0,4.0,10.0,3.0,4.0,2.0,0.0,0.0
0022501063,1630631,2026-03-26,CHA,5.06,0.0,0.0,0.0,0.0,0.0,2.0,2.0,0.0,0.0,0.0,0.0,0.0
0022501048,1630631,2026-03-24,NOP,9.19,0.0,1.0,1.0,0.0,0.0,1.0,0.0,0.0,0.0,0.0,0.0,0.0
0022501034,1630631,2026-03-22,WAS,16.12,8.0,2.0,8.0,1.0,0.0,0.0,7.0,3.0,4.0,2.0,0.0,0.0
0022501016,1630631,2026-03-20,BKN,13.01,2.0,1.0,2.0,1.0,0.0,2.0,5.0,1.0,2.0,0.0,0.0,0.0
0022501192,1630639,2026-04-12,BKN,10.38,10.0,0.0,0.0,0.0,0.0,0.0,6.0,4.0,4.0,2.0,0.0,0.0
0022501176,1630639,2026-04-10,NYK,22.21,5.0,6.0,1.0,1.0,0.0,0.0,5.0,1.0,4.0,1.0,2.0,2.0
0022501165,1630639,2026-04-09,MIA,3.09,0.0,1.0,0.0,0.0,0.0,0.0,2.0,0.0,1.0,0.0,2.0,0.0
0022501151,1630639,2026-04-07,MIA,2.47,0.0,1.0,0.0,1.0,0.0,0.0,2.0,0.0,0.0,0.0,0.0,0.0
0022501132,1630639,2026-04-05,BOS,5.36,0.0,1.0,0.0,0.0,0.0,0.0,1.0,0.0,1.0,0.0,0.0,0.0
0022501125,1630639,2026-04-03,MEM,12.34,8.0,3.0,0.0,2.0,1.0,1.0,6.0,3.0,2.0,1.0,2.0,1.0
0022501108,1630639,2026-04-01,SAC,15.59,2.0,1.0,1.0,0.0,0.0,0.0,3.0,1.0,2.0,0.0,0.0,0.0
0022501101,1630639,2026-03-31,DET,18.32,13.0,3.0,0.0,1.0,0.0,1.0,5.0,4.0,3.0,3.0,3.0,2.0
0022501086,1630639,2026-03-29,ORL,19.14,14.0,2.0,2.0,3.0,0.0,0.0,7.0,5.0,6.0,4.0,0.0,0.0
0022501071,1630639,2026-03-27,NOP,5.19,0.0,2.0,0.0,0.0,0.0,0.0,0.0,0.0,0.0,0.0,0.0,0.0
0022501188,1630643,2026-04-12,DET,23.55,13.0,3.0,3.0,1.0,5.0,3.0,8.0,4.0,5.0,2.0,3.0,3.0
0022501175,1630643,2026-04-10,PHI,24.19,8.0,10.0,2.0,0.0,5.0,2.0,9.0,3.0,8.0,2.0,0.0,0.0
0022501167,1630643,2026-04-09,BKN,24.47,14.0,7.0,3.0,0.0,3.0,0.0,6.0,6.0,0.0,0.0,2.0,2.0
0022501152,1630643,2026-04-07,MIN,25.43,12.0,4.0,3.0,0.0,0.0,2.0,9.0,5.0,3.0,2.0,0.0,0.0
0022501136,1630643,2026-04-05,CLE,17.37,6.0,3.0,2.0,1.0,1.0,1.0,6.0,3.0,1.0,0.0,0.0,0.0
0022501120,1630643,2026-04-03,CHA,24.01,12.0,6.0,4.0,1.0,1.0,2.0,18.0,5.0,10.0,2.0,0.0,0.0
0022501109,1630643,2026-04-01,CHI,16.5,17.0,3.0,3.0,0.0,0.0,2.0,8.0,6.0,7.0,5.0,0.0,0.0
0022501083,1630643,2026-03-29,MIA,16.08,6.0,5.0,0.0,0.0,2.0,0.0,5.0,3.0,2.0,0.0,0.0,0.0
0022501066,1630643,2026-03-27,LAC,20.19,3.0,3.0,4.0,0.0,1.0,2.0,4.0,1.0,3.0,1.0,2.0,0.0
0022501052,1630643,2026-03-25,LAL,31.36,18.0,6.0,1.0,0.0,1.0,1.0,10.0,7.0,5.0,2.0,2.0,2.0
0022501193,1630644,2026-04-12,DAL,18.01,13.0,0.0,0.0,1.0,0.0,0.0,7.0,4.0,4.0,2.0,4.0,3.0
0022501177,1630644,2026-04-10,ORL,10.01,7.0,1.0,1.0,0.0,0.0,2.0,4.0,2.0,4.0,2.0,1.0,1.0
0022501166,1630644,2026-04-09,WAS,15.26,2.0,2.0,2.0,3.0,0.0,3.0,7.0,1.0,3.0,0.0,0.0,0.0
0022501148,1630644,2026-04-07,WAS,18.1,5.0,0.0,3.0,1.0,0.0,0.0,5.0,2.0,3.0,1.0,0.0,0.0
0022501134,1630644,2026-04-05,PHX,10.37,9.0,0.0,1.0,1.0,0.0,0.0,4.0,2.0,2.0,0.0,7.0,5.0
0022501123,1630644,2026-04-03,NYK,4.35,0.0,0.0,1.0,0.0,0.0,0.0,1.0,0.0,1.0,0.0,0.0,0.0
0022501109,1630644,2026-04-01,IND,10.59,8.0,2.0,0.0,0.0,1.0,1.0,6.0,3.0,1.0,0.0,2.0,2.0
0022500736,1630644,2026-02-05,TOR,13.28,4.0,1.0,1.0,0.0,1.0,1.0,7.0,2.0,2.0,0.0,0.0,0.0
0022500157,1630644,2025-11-03,MIL,2.17,0.0,0.0,0.0,0.0,0.0,0.0,1.0,0.0,1.0,0.0,0.0,0.0
0022500020,1630644,2025-10-31,ATL,19.0,12.0,2.0,0.0,3.0,0.0,2.0,12.0,5.0,6.0,1.0,1.0,1.0
0022500815,1630649,2026-02-21,SAC,4.24,2.0,0.0,1.0,1.0,0.0,0.0,2.0,1.0,1.0,0.0,0.0,0.0
0022500703,1630649,2026-02-01,ORL,2.1,0.0,0.0,0.0,0.0,0.0,0.0,0.0,0.0,0.0,0.0,0.0,0.0
0022501177,1630658,2026-04-10,CHI,6.01,3.0,2.0,0.0,1.0,0.0,0.0,2.0,1.0,0.0,0.0,1.0,1.0
0022501159,1630658,2026-04-08,MIN,3.13,0.0,1.0,0.0,0.0,0.0,0.0,0.0,0.0,0.0,0.0,0.0,0.0
0022501144,1630658,2026-04-06,DET,1.5,0.0,1.0,0.0,0.0,0.0,0.0,0.0,0.0,0.0,0.0,0.0,0.0
0022501008,1630658,2026-03-19,CHA,10.19,2.0,4.0,1.0,0.0,0.0,2.0,3.0,1.0,0.0,0.0,0.0,0.0
0022501188,1630679,2026-04-12,DET,38.15,18.0,3.0,6.0,1.0,0.0,3.0,14.0,5.0,8.0,3.0,6.0,5.0
0022501175,1630679,2026-04-10,PHI,30.37,15.0,4.0,3.0,2.0,0.0,3.0,10.0,4.0,5.0,1.0,6.0,6.0
0022501167,1630679,2026-04-09,BKN,37.16,15.0,7.0,6.0,0.0,1.0,0.0,12.0,6.0,7.0,3.0,0.0,0.0
0022501152,1630679,2026-04-07,MIN,29.38,17.0,4.0,1.0,0.0,0.0,2.0,8.0,4.0,3.0,1.0,10.0,8.0
0022501136,1630679,2026-04-05,CLE,29.37,5.0,1.0,1.0,0.0,0.0,0.0,12.0,1.0,6.0,0.0,4.0,3.0
0022501120,1630679,2026-04-03,CHA,30.13,3.0,3.0,0.0,0.0,0.0,1.0,2.0,1.0,2.0,1.0,0.0,0.0
0022501109,1630679,2026-04-01,CHI,30.45,24.0,2.0,5.0,2.0,1.0,0.0,15.0,8.0,8.0,5.0,4.0,3.0
0022501083,1630679,2026-03-29,MIA,9.57,3.0,1.0,0.0,0.0,1.0,0.0,3.0,1.0,2.0,1.0,0.0,0.0
0022500954,1630679,2026-03-12,PHX,38.09,11.0,2.0,2.0,1.0,0.0,2.0,11.0,4.0,7.0,2.0,1.0,1.0
0022500795,1630679,2026-02-19,WAS,26.47,2.0,2.0,1.0,1.0,0.0,2.0,7.0,1.0,2.0,0.0,0.0,0.0
0022501164,1630692,2026-04-08,DAL,13.05,9.0,3.0,1.0,1.0,0.0,0.0,7.0,3.0,4.0,3.0,0.0,0.0
0022501157,1630692,2026-04-07,HOU,25.02,11.0,4.0,2.0,2.0,0.0,1.0,7.0,4.0,6.0,3.0,0.0,0.0
0022501134,1630692,2026-04-05,CHI,24.24,12.0,7.0,1.0,0.0,0.0,1.0,5.0,5.0,2.0,2.0,0.0,0.0
0022501114,1630692,2026-04-02,CHA,12.13,3.0,1.0,0.0,0.0,1.0,1.0,2.0,1.0,2.0,1.0,0.0,0.0
0022501099,1630692,2026-03-31,ORL,29.01,9.0,5.0,2.0,3.0,0.0,2.0,8.0,2.0,4.0,2.0,5.0,3.0
0022501093,1630692,2026-03-30,MEM,28.14,9.0,4.0,8.0,5.0,1.0,1.0,9.0,3.0,8.0,3.0,0.0,0.0
0022501081,1630692,2026-03-28,UTA,23.09,8.0,9.0,1.0,2.0,0.0,1.0,7.0,3.0,3.0,2.0,0.0,0.0
0022501050,1630692,2026-03-24,DEN,26.25,7.0,8.0,2.0,2.0,0.0,1.0,8.0,3.0,5.0,1.0,0.0,0.0
0022501036,1630692,2026-03-22,TOR,24.32,14.0,7.0,0.0,2.0,0.0,4.0,11.0,5.0,6.0,3.0,1.0,1.0
0022501031,1630692,2026-03-21,MIL,27.04,11.0,7.0,4.0,1.0,0.0,1.0,9.0,4.0,6.0,2.0,2.0,1.0
0022501188,1630695,2026-04-12,DET,34.19,15.0,11.0,2.0,2.0,0.0,4.0,13.0,6.0,10.0,3.0,0.0,0.0
0022501175,1630695,2026-04-10,PHI,23.41,13.0,10.0,0.0,1.0,1.0,3.0,10.0,5.0,6.0,3.0,0.0,0.0
0022501167,1630695,2026-04-09,BKN,23.13,18.0,14.0,2.0,0.0,0.0,0.0,15.0,8.0,4.0,1.0,3.0,1.0
0022501152,1630695,2026-04-07,MIN,22.17,11.0,3.0,2.0,1.0,0.0,3.0,5.0,3.0,3.0,1.0,6.0,4.0
0022501136,1630695,2026-04-05,CLE,30.23,21.0,12.0,4.0,0.0,0.0,1.0,10.0,6.0,5.0,3.0,8.0,6.0
0022501120,1630695,2026-04-03,CHA,13.08,4.0,2.0,0.0,0.0,0.0,1.0,5.0,2.0,2.0,0.0,0.0,0.0
0022501109,1630695,2026-04-01,CHI,16.5,8.0,4.0,4.0,1.0,0.0,1.0,3.0,2.0,3.0,2.0,2.0,2.0
0022501083,1630695,2026-03-29,MIA,20.28,21.0,5.0,0.0,0.0,0.0,2.0,9.0,7.0,6.0,5.0,2.0,2.0
0022501066,1630695,2026-03-27,LAC,15.55,13.0,7.0,0.0,0.0,1.0,1.0,8.0,5.0,3.0,2.0,2.0,1.0
0022501052,1630695,2026-03-25,LAL,16.03,4.0,2.0,0.0,0.0,0.0,0.0,1.0,1.0,0.0,0.0,2.0,2.0
0022501129,1630696,2026-04-04,WAS,12.05,6.0,0.0,1.0,2.0,0.0,0.0,5.0,2.0,3.0,0.0,2.0,2.0
0022501106,1630696,2026-04-01,BOS,3.53,0.0,1.0,1.0,0.0,0.0,0.0,1.0,0.0,0.0,0.0,0.0,0.0
0022501091,1630696,2026-03-30,PHI,3.04,1.0,0.0,0.0,0.0,0.0,0.0,0.0,0.0,0.0,0.0,2.0,1.0
0022501027,1630696,2026-03-21,HOU,7.06,2.0,0.0,2.0,0.0,1.0,0.0,2.0,1.0,1.0,0.0,0.0,0.0
0022501010,1630696,2026-03-19,LAL,15.38,2.0,2.0,4.0,0.0,0.0,0.0,3.0,1.0,0.0,0.0,0.0,0.0
0022500991,1630696,2026-03-17,CHA,8.0,4.0,3.0,2.0,0.0,0.0,1.0,3.0,2.0,1.0,0.0,0.0,0.0
0022500957,1630696,2026-03-12,MIL,21.24,9.0,4.0,2.0,0.0,0.0,2.0,7.0,4.0,1.0,0.0,1.0,1.0
0022500938,1630696,2026-03-10,WAS,22.46,5.0,3.0,5.0,4.0,0.0,3.0,4.0,2.0,2.0,1.0,0.0,0.0
0022500923,1630696,2026-03-08,DET,22.09,7.0,4.0,4.0,3.0,1.0,1.0,6.0,3.0,1.0,0.0,1.0,1.0
0022500909,1630696,2026-03-06,CHA,17.31,4.0,4.0,1.0,4.0,0.0,0.0,5.0,1.0,1.0,0.0,2.0,2.0
0022501191,1630699,2026-04-12,MIL,2.36,3.0,1.0,0.0,0.0,0.0,0.0,2.0,1.0,1.0,0.0,2.0,1.0
0022501131,1630699,2026-04-04,DET,3.08,0.0,0.0,0.0,0.0,0.0,0.0,0.0,0.0,0.0,0.0,0.0,0.0
0022501105,1630699,2026-04-01,WAS,2.59,3.0,0.0,1.0,0.0,0.0,0.0,1.0,1.0,1.0,1.0,0.0,0.0
0022501053,1630699,2026-03-25,CHI,7.11,2.0,0.0,0.0,0.0,1.0,0.0,4.0,1.0,3.0,0.0,2.0,0.0
0022501040,1630699,2026-03-23,OKC,31.45,13.0,6.0,2.0,2.0,0.0,5.0,18.0,5.0,11.0,3.0,0.0,0.0
0022501030,1630699,2026-03-21,UTA,12.39,6.0,3.0,1.0,0.0,0.0,1.0,4.0,2.0,2.0,0.0,2.0,2.0
0022501015,1630699,2026-03-19,SAC,16.17,4.0,2.0,2.0,0.0,0.0,0.0,2.0,1.0,2.0,1.0,2.0,1.0
0022500997,1630699,2026-03-17,DEN,20.03,16.0,2.0,1.0,0.0,1.0,0.0,11.0,6.0,8.0,4.0,0.0,0.0
0022500980,1630699,2026-03-15,POR,14.24,2.0,2.0,0.0,1.0,0.0,2.0,2.0,0.0,1.0,0.0,2.0,2.0
0022500969,1630699,2026-03-14,BKN,13.23,3.0,3.0,1.0,2.0,0.0,0.0,1.0,0.0,1.0,0.0,4.0,3.0
0022501173,1630700,2026-04-10,CLE,29.3,13.0,10.0,12.0,2.0,0.0,1.0,10.0,6.0,1.0,0.0,2.0,1.0
0022501158,1630700,2026-04-08,CLE,33.03,12.0,7.0,6.0,2.0,1.0,1.0,11.0,5.0,3.0,1.0,2.0,1.0
0022501143,1630700,2026-04-06,NYK,37.53,11.0,12.0,3.0,2.0,0.0,1.0,11.0,4.0,3.0,1.0,4.0,2.0
0022501122,1630700,2026-04-03,BKN,29.29,11.0,4.0,6.0,5.0,0.0,2.0,8.0,5.0,2.0,1.0,0.0,0.0
0022501107,1630700,2026-04-01,ORL,31.04,15.0,13.0,4.0,1.0,0.0,3.0,11.0,5.0,2.0,1.0,4.0,4.0
0022501092,1630700,2026-03-30,BOS,37.33,18.0,5.0,5.0,2.0,0.0,1.0,11.0,8.0,3.0,2.0,1.0,0.0
0022501067,1630700,2026-03-27,BOS,32.14,6.0,6.0,5.0,2.0,1.0,1.0,8.0,3.0,1.0,0.0,0.0,0.0
0022501051,1630700,2026-03-25,DET,43.1,16.0,13.0,4.0,2.0,1.0,4.0,14.0,8.0,1.0,0.0,0.0,0.0
0022501037,1630700,2026-03-23,MEM,24.08,12.0,5.0,4.0,1.0,1.0,1.0,8.0,5.0,3.0,2.0,0.0,0.0
0022501026,1630700,2026-03-21,GSW,32.09,28.0,7.0,6.0,4.0,0.0,1.0,17.0,12.0,5.0,2.0,2.0,2.0
0022501187,1630702,2026-04-12,CLE,16.19,6.0,1.0,3.0,0.0,0.0,0.0,6.0,2.0,4.0,2.0,2.0,0.0
0022501133,1630702,2026-04-05,BKN,13.37,8.0,0.0,3.0,0.0,0.0,2.0,8.0,2.0,4.0,1.0,4.0,3.0
0022501129,1630702,2026-04-04,MIA,24.44,19.0,2.0,2.0,1.0,1.0,2.0,15.0,7.0,10.0,5.0,0.0,0.0
0022501105,1630702,2026-04-01,PHI,24.4,7.0,0.0,5.0,1.0,0.0,1.0,12.0,3.0,8.0,1.0,0.0,0.0
0022501098,1630702,2026-03-30,LAL,22.27,11.0,5.0,0.0,0.0,0.0,0.0,8.0,4.0,5.0,2.0,2.0,1.0
0022501073,1630702,2026-03-27,GSW,12.0,14.0,0.0,0.0,0.0,0.0,1.0,5.0,4.0,5.0,4.0,2.0,2.0
0022501057,1630702,2026-03-25,UTA,27.27,21.0,2.0,0.0,0.0,0.0,3.0,18.0,8.0,13.0,5.0,2.0,0.0
0022501034,1630702,2026-03-22,NYK,29.05,25.0,3.0,1.0,0.0,0.0,1.0,18.0,9.0,13.0,7.0,0.0,0.0
0022501022,1630702,2026-03-21,OKC,19.12,10.0,1.0,2.0,0.0,0.0,1.0,6.0,4.0,2.0,2.0,0.0,0.0
0022501009,1630702,2026-03-19,DET,24.35,13.0,0.0,2.0,0.0,0.0,3.0,10.0,5.0,7.0,3.0,0.0,0.0
0022501200,1630703,2026-04-12,SAC,27.05,15.0,2.0,4.0,2.0,0.0,3.0,12.0,6.0,7.0,2.0,1.0,1.0
0022501183,1630703,2026-04-10,LAC,31.04,9.0,1.0,3.0,2.0,0.0,2.0,6.0,3.0,3.0,1.0,2.0,2.0
0022501161,1630703,2026-04-08,SAS,38.03,20.0,3.0,2.0,3.0,1.0,1.0,20.0,7.0,9.0,3.0,4.0,3.0
0022501147,1630703,2026-04-06,DEN,35.4,18.0,3.0,3.0,1.0,1.0,1.0,14.0,6.0,8.0,4.0,2.0,2.0
0022501118,1630703,2026-04-02,NOP,20.28,14.0,1.0,3.0,1.0,0.0,0.0,12.0,6.0,4.0,2.0,0.0,0.0
0022501104,1630703,2026-03-31,LAC,28.49,15.0,3.0,2.0,0.0,0.0,4.0,14.0,5.0,6.0,3.0,2.0,2.0
0022501087,1630703,2026-03-29,WAS,24.35,21.0,3.0,7.0,0.0,0.0,2.0,11.0,6.0,3.0,1.0,9.0,8.0
0022501074,1630703,2026-03-27,DAL,22.03,9.0,2.0,3.0,3.0,0.0,3.0,11.0,3.0,5.0,1.0,2.0,2.0
0022501061,1630703,2026-03-25,MIL,24.22,23.0,3.0,4.0,1.0,0.0,0.0,13.0,6.0,7.0,3.0,8.0,8.0
0022501045,1630703,2026-03-23,BKN,23.5,13.0,3.0,4.0,4.0,0.0,2.0,9.0,4.0,5.0,3.0,4.0,2.0
0022501189,1630811,2026-04-12,MIA,32.07,8.0,4.0,6.0,0.0,0.0,1.0,13.0,2.0,8.0,1.0,4.0,3.0
0022501173,1630811,2026-04-10,CLE,7.54,0.0,0.0,2.0,1.0,0.0,2.0,1.0,0.0,1.0,0.0,0.0,0.0
0022501122,1630811,2026-04-03,BKN,4.02,4.0,1.0,1.0,1.0,0.0,0.0,2.0,2.0,0.0,0.0,0.0,0.0
0022501107,1630811,2026-04-01,ORL,2.49,0.0,0.0,0.0,1.0,0.0,0.0,2.0,0.0,1.0,0.0,0.0,0.0
0022501037,1630811,2026-03-23,MEM,8.01,9.0,1.0,2.0,0.0,0.0,1.0,4.0,3.0,4.0,3.0,0.0,0.0
0022501018,1630811,2026-03-20,HOU,3.01,0.0,0.0,0.0,0.0,0.0,1.0,1.0,0.0,1.0,0.0,0.0,0.0
0022501006,1630811,2026-03-18,DAL,2.01,2.0,0.0,0.0,0.0,0.0,0.0,1.0,1.0,0.0,0.0,0.0,0.0
0022500970,1630811,2026-03-14,MIL,2.55,2.0,2.0,1.0,0.0,0.0,0.0,2.0,1.0,1.0,0.0,0.0,0.0
0022500897,1630811,2026-03-04,MIL,1.33,0.0,0.0,0.0,0.0,0.0,1.0,0.0,0.0,0.0,0.0,0.0,0.0
0022500873,1630811,2026-03-01,POR,3.37,2.0,0.0,0.0,0.0,0.0,0.0,1.0,1.0,0.0,0.0,0.0,0.0
0022501191,1630828,2026-04-12,PHI,4.13,8.0,2.0,0.0,0.0,0.0,1.0,3.0,2.0,3.0,2.0,2.0,2.0
0022501160,1630828,2026-04-08,DET,4.06,5.0,3.0,0.0,0.0,1.0,0.0,1.0,0.0,1.0,0.0,7.0,5.0
0022501135,1630828,2026-04-05,MEM,0.57,2.0,0.0,1.0,0.0,0.0,0.0,1.0,1.0,0.0,0.0,0.0,0.0
0022501126,1630828,2026-04-03,BOS,4.27,1.0,1.0,0.0,0.0,0.0,0.0,2.0,0.0,2.0,0.0,2.0,1.0
0022501110,1630828,2026-04-01,HOU,4.07,0.0,0.0,0.0,0.0,0.0,0.0,0.0,0.0,0.0,0.0,0.0,0.0
0022500652,1630828,2026-03-31,DAL,2.48,3.0,0.0,0.0,0.0,0.0,0.0,1.0,0.0,1.0,0.0,4.0,3.0
0022501187,1630846,2026-04-12,WAS,24.09,10.0,6.0,2.0,2.0,1.0,2.0,6.0,4.0,2.0,1.0,3.0,1.0
0022501173,1630846,2026-04-10,ATL,9.45,3.0,5.0,3.0,0.0,2.0,0.0,1.0,1.0,1.0,1.0,0.0,0.0
0022501145,1630846,2026-04-06,MEM,1.16,0.0,0.0,0.0,0.0,0.0,0.0,0.0,0.0,0.0,0.0,0.0,0.0
0022501068,1630846,2026-03-27,MIA,4.11,1.0,0.0,0.0,0.0,0.0,0.0,0.0,0.0,0.0,0.0,2.0,1.0
0022500778,1631093,2026-02-11,BOS,28.35,10.0,3.0,4.0,0.0,1.0,0.0,9.0,4.0,5.0,1.0,1.0,1.0
0022500762,1631093,2026-02-09,BKN,23.32,13.0,6.0,3.0,3.0,1.0,1.0,8.0,3.0,6.0,2.0,6.0,5.0
0022500752,1631093,2026-02-07,DEN,30.1,10.0,6.0,3.0,2.0,0.0,3.0,7.0,3.0,5.0,2.0,2.0,2.0
0022500736,1631093,2026-02-05,TOR,33.1,13.0,4.0,6.0,3.0,0.0,2.0,12.0,5.0,5.0,3.0,0.0,0.0
0022500704,1631093,2026-02-01,BKN,20.34,8.0,2.0,1.0,1.0,0.0,0.0,9.0,3.0,6.0,2.0,0.0,0.0
0022500696,1631093,2026-01-30,GSW,17.32,9.0,4.0,2.0,1.0,0.0,1.0,7.0,3.0,3.0,1.0,2.0,2.0
0022500685,1631093,2026-01-29,PHX,7.21,0.0,2.0,0.0,0.0,0.0,0.0,3.0,0.0,1.0,0.0,0.0,0.0
0022500668,1631093,2026-01-27,DEN,17.45,8.0,3.0,2.0,0.0,1.0,1.0,8.0,3.0,6.0,2.0,0.0,0.0
0022500650,1631093,2026-01-25,SAC,16.34,11.0,2.0,0.0,0.0,0.0,4.0,6.0,4.0,4.0,3.0,0.0,0.0
0022500635,1631093,2026-01-23,HOU,13.56,8.0,1.0,2.0,0.0,1.0,0.0,7.0,3.0,5.0,2.0,0.0,0.0
0022501186,1631094,2026-04-12,BOS,37.55,23.0,10.0,11.0,0.0,0.0,6.0,22.0,7.0,5.0,0.0,11.0,9.0
0022501177,1631094,2026-04-10,CHI,26.35,14.0,9.0,7.0,2.0,0.0,4.0,10.0,5.0,4.0,1.0,6.0,3.0
0022501159,1631094,2026-04-08,MIN,29.27,20.0,8.0,6.0,1.0,0.0,2.0,11.0,8.0,1.0,1.0,5.0,3.0
0022501144,1631094,2026-04-06,DET,37.42,31.0,5.0,3.0,3.0,0.0,2.0,16.0,10.0,2.0,1.0,10.0,10.0
0022501138,1631094,2026-04-05,NOP,38.02,23.0,16.0,6.0,2.0,1.0,5.0,14.0,6.0,3.0,0.0,15.0,11.0
0022501127,1631094,2026-04-03,DAL,31.06,10.0,7.0,5.0,0.0,0.0,3.0,10.0,4.0,1.0,1.0,5.0,1.0
0022501107,1631094,2026-04-01,ATL,26.18,11.0,8.0,3.0,1.0,0.0,3.0,9.0,3.0,1.0,0.0,6.0,5.0
0022501099,1631094,2026-03-31,PHX,37.09,19.0,9.0,8.0,0.0,0.0,4.0,14.0,6.0,3.0,1.0,9.0,6.0
0022501086,1631094,2026-03-29,TOR,29.56,9.0,5.0,3.0,0.0,0.0,5.0,14.0,3.0,5.0,0.0,4.0,3.0
0022501065,1631094,2026-03-26,SAC,37.39,30.0,9.0,7.0,0.0,0.0,1.0,22.0,11.0,4.0,1.0,8.0,7.0
0022501178,1631095,2026-04-10,MIN,39.38,16.0,6.0,2.0,0.0,2.0,1.0,12.0,5.0,6.0,2.0,6.0,4.0
0022501169,1631095,2026-04-09,PHI,34.11,19.0,5.0,0.0,0.0,1.0,3.0,15.0,7.0,7.0,1.0,6.0,4.0
0022501157,1631095,2026-04-07,PHX,38.44,20.0,6.0,1.0,0.0,1.0,0.0,18.0,6.0,13.0,5.0,3.0,3.0
0022501142,1631095,2026-04-05,GSW,31.37,23.0,9.0,1.0,0.0,0.0,2.0,12.0,9.0,7.0,5.0,0.0,0.0
0022501124,1631095,2026-04-03,UTA,23.58,18.0,5.0,0.0,1.0,0.0,1.0,16.0,6.0,8.0,4.0,2.0,2.0
0022501110,1631095,2026-04-01,MIL,33.04,12.0,7.0,4.0,0.0,2.0,2.0,15.0,5.0,8.0,2.0,0.0,0.0
0022501102,1631095,2026-03-31,NYK,39.04,15.0,6.0,2.0,1.0,0.0,1.0,10.0,5.0,6.0,3.0,2.0,2.0
0022501088,1631095,2026-03-29,NOP,33.18,20.0,4.0,3.0,0.0,2.0,0.0,15.0,7.0,9.0,4.0,2.0,2.0
0022501069,1631095,2026-03-27,MEM,37.11,21.0,16.0,4.0,0.0,1.0,5.0,16.0,7.0,7.0,2.0,8.0,5.0
0022501058,1631095,2026-03-25,MIN,47.36,16.0,12.0,1.0,1.0,1.0,3.0,15.0,7.0,6.0,2.0,0.0,0.0
0022501163,1631096,2026-04-08,LAC,31.14,30.0,14.0,5.0,2.0,4.0,2.0,13.0,10.0,4.0,3.0,10.0,7.0
0022501155,1631096,2026-04-07,LAL,22.0,15.0,10.0,0.0,2.0,2.0,2.0,10.0,6.0,3.0,1.0,3.0,2.0
0022501139,1631096,2026-04-05,UTA,22.13,21.0,7.0,1.0,0.0,4.0,1.0,11.0,8.0,5.0,4.0,2.0,1.0
0022501116,1631096,2026-04-02,LAL,17.41,7.0,4.0,0.0,2.0,1.0,1.0,7.0,3.0,4.0,1.0,0.0,0.0
0022501097,1631096,2026-03-30,DET,29.48,13.0,9.0,1.0,2.0,2.0,3.0,11.0,6.0,3.0,1.0,0.0,0.0
0022501089,1631096,2026-03-29,NYK,32.41,16.0,9.0,2.0,1.0,0.0,1.0,10.0,5.0,3.0,0.0,7.0,6.0
0022501054,1631096,2026-03-25,BOS,25.42,10.0,5.0,0.0,0.0,0.0,1.0,7.0,3.0,2.0,1.0,4.0,3.0
0022501040,1631096,2026-03-23,PHI,29.51,17.0,9.0,4.0,0.0,5.0,1.0,11.0,6.0,4.0,3.0,2.0,2.0
0022501022,1631096,2026-03-21,WAS,26.52,18.0,10.0,0.0,0.0,2.0,1.0,9.0,6.0,1.0,0.0,6.0,6.0
0022501000,1631096,2026-03-18,BKN,21.55,11.0,2.0,1.0,1.0,1.0,3.0,6.0,2.0,2.0,0.0,8.0,7.0
0022501199,1631097,2026-04-12,GSW,32.06,20.0,9.0,8.0,0.0,1.0,2.0,17.0,7.0,7.0,2.0,6.0,4.0
0022501183,1631097,2026-04-10,POR,5.1,0.0,0.0,1.0,0.0,0.0,0.0,2.0,0.0,1.0,0.0,0.0,0.0
0022501163,1631097,2026-04-08,OKC,23.55,10.0,2.0,2.0,1.0,0.0,2.0,8.0,3.0,1.0,0.0,4.0,4.0
0022501156,1631097,2026-04-07,DAL,27.03,9.0,6.0,3.0,1.0,0.0,3.0,8.0,1.0,2.0,0.0,8.0,7.0
0022501141,1631097,2026-04-05,SAC,27.21,5.0,6.0,5.0,3.0,0.0,2.0,4.0,2.0,2.0,1.0,0.0,0.0
0022501119,1631097,2026-04-02,SAS,26.51,18.0,7.0,2.0,2.0,0.0,3.0,10.0,5.0,1.0,0.0,8.0,8.0
0022501104,1631097,2026-03-31,POR,22.23,4.0,0.0,0.0,0.0,0.0,2.0,7.0,2.0,1.0,0.0,0.0,0.0
0022501082,1631097,2026-03-29,MIL,27.12,28.0,6.0,1.0,0.0,0.0,4.0,10.0,7.0,1.0,1.0,14.0,13.0
0022501066,1631097,2026-03-27,IND,29.15,17.0,7.0,1.0,1.0,0.0,2.0,8.0,2.0,3.0,1.0,15.0,12.0
0022501062,1631097,2026-03-25,TOR,27.01,23.0,4.0,6.0,0.0,1.0,0.0,14.0,7.0,3.0,1.0,11.0,8.0
0022500845,1631099,2026-02-25,HOU,8.37,3.0,1.0,0.0,0.0,1.0,0.0,2.0,0.0,1.0,0.0,3.0,3.0
0022500829,1631099,2026-02-23,MEM,34.05,6.0,5.0,5.0,0.0,3.0,1.0,10.0,2.0,4.0,1.0,3.0,1.0
0022500815,1631099,2026-02-21,SAS,35.45,20.0,2.0,2.0,1.0,1.0,1.0,16.0,7.0,8.0,2.0,5.0,4.0
0022500800,1631099,2026-02-19,ORL,31.36,15.0,8.0,2.0,0.0,1.0,3.0,13.0,6.0,7.0,3.0,0.0,0.0
0022500500,1631099,2026-01-04,MIL,26.43,12.0,3.0,0.0,0.0,2.0,2.0,13.0,6.0,3.0,0.0,0.0,0.0
0022500483,1631099,2026-01-02,PHX,32.37,23.0,9.0,2.0,1.0,1.0,3.0,17.0,9.0,5.0,3.0,2.0,2.0
0022500474,1631099,2026-01-01,BOS,37.48,7.0,6.0,4.0,0.0,1.0,0.0,13.0,3.0,4.0,1.0,0.0,0.0
0022500461,1631099,2025-12-30,LAC,29.37,11.0,2.0,1.0,0.0,1.0,0.0,13.0,4.0,4.0,1.0,2.0,2.0
0022500421,1631099,2025-12-23,DET,20.13,2.0,1.0,1.0,1.0,2.0,0.0,4.0,1.0,1.0,0.0,0.0,0.0
0022500401,1631099,2025-12-21,HOU,46.57,26.0,4.0,0.0,1.0,0.0,1.0,14.0,9.0,4.0,3.0,5.0,5.0
0022501200,1631101,2026-04-12,SAC,16.58,9.0,1.0,4.0,2.0,0.0,1.0,11.0,3.0,4.0,0.0,3.0,3.0
0022501183,1631101,2026-04-10,LAC,15.15,8.0,4.0,2.0,0.0,0.0,2.0,10.0,3.0,5.0,2.0,0.0,0.0
0022500745,1631101,2026-02-06,MEM,13.55,2.0,2.0,2.0,0.0,0.0,1.0,2.0,0.0,1.0,0.0,2.0,2.0
0022500725,1631101,2026-02-03,PHX,31.24,19.0,1.0,1.0,0.0,0.0,1.0,16.0,7.0,8.0,2.0,3.0,3.0
0022500710,1631101,2026-02-01,CLE,31.46,20.0,2.0,3.0,0.0,0.0,4.0,21.0,9.0,8.0,2.0,0.0,0.0
0022500690,1631101,2026-01-30,NYK,27.49,26.0,3.0,3.0,1.0,0.0,3.0,16.0,10.0,8.0,4.0,4.0,2.0
0022500664,1631101,2026-01-27,WAS,34.57,31.0,4.0,2.0,2.0,1.0,3.0,20.0,11.0,9.0,5.0,4.0,4.0
0022500660,1631101,2026-01-26,BOS,34.19,9.0,5.0,3.0,1.0,0.0,3.0,12.0,3.0,6.0,1.0,2.0,2.0
0022500642,1631101,2026-01-23,TOR,32.21,21.0,7.0,4.0,1.0,0.0,3.0,23.0,10.0,6.0,1.0,0.0,0.0
0022500634,1631101,2026-01-22,MIA,33.57,27.0,7.0,3.0,4.0,0.0,6.0,21.0,11.0,9.0,5.0,0.0,0.0
0022501183,1631102,2026-04-10,POR,2.04,0.0,0.0,0.0,0.0,0.0,0.0,0.0,0.0,0.0,0.0,0.0,0.0
0022501163,1631102,2026-04-08,OKC,6.32,0.0,0.0,2.0,2.0,1.0,0.0,0.0,0.0,0.0,0.0,0.0,0.0
0022501156,1631102,2026-04-07,DAL,2.29,0.0,1.0,0.0,0.0,0.0,0.0,0.0,0.0,0.0,0.0,0.0,0.0
0022501141,1631102,2026-04-05,SAC,4.57,0.0,1.0,0.0,0.0,0.0,0.0,0.0,0.0,0.0,0.0,0.0,0.0
0022501119,1631102,2026-04-02,SAS,4.59,0.0,1.0,0.0,0.0,0.0,0.0,1.0,0.0,0.0,0.0,0.0,0.0
0022501104,1631102,2026-03-31,POR,1.22,0.0,0.0,1.0,0.0,0.0,0.0,0.0,0.0,0.0,0.0,0.0,0.0
0022501046,1631102,2026-03-23,MIL,13.22,2.0,1.0,3.0,0.0,0.0,0.0,4.0,1.0,1.0,0.0,0.0,0.0
0022500975,1631102,2026-03-14,SAC,0.27,0.0,0.0,0.0,0.0,0.0,0.0,0.0,0.0,0.0,0.0,0.0,0.0
0022500918,1631102,2026-03-07,MEM,1.28,0.0,0.0,0.0,0.0,0.0,0.0,0.0,0.0,0.0,0.0,0.0,0.0
0022500898,1631102,2026-03-04,IND,7.57,2.0,0.0,1.0,0.0,0.0,2.0,2.0,1.0,1.0,0.0,0.0,0.0
0022500688,1631103,2026-01-30,LAL,21.43,17.0,1.0,0.0,0.0,0.0,2.0,9.0,6.0,6.0,4.0,2.0,1.0
0022500681,1631103,2026-01-29,MIL,14.03,6.0,3.0,0.0,0.0,0.0,0.0,6.0,2.0,2.0,0.0,2.0,2.0
0022500664,1631103,2026-01-27,POR,2.08,3.0,0.0,0.0,0.0,0.0,0.0,1.0,1.0,1.0,1.0,0.0,0.0
0022500645,1631103,2026-01-24,CHA,7.31,3.0,2.0,2.0,0.0,0.0,1.0,3.0,1.0,1.0,1.0,0.0,0.0
0022500592,1631103,2026-01-16,SAC,13.14,13.0,1.0,0.0,1.0,0.0,0.0,9.0,6.0,2.0,1.0,0.0,0.0
0022500577,1631103,2026-01-14,LAC,4.03,0.0,1.0,0.0,1.0,0.0,0.0,1.0,0.0,0.0,0.0,0.0,0.0
0022500555,1631103,2026-01-11,PHX,4.24,0.0,0.0,0.0,1.0,0.0,0.0,0.0,0.0,0.0,0.0,0.0,0.0
0022500534,1631103,2026-01-09,NOP,23.43,10.0,2.0,1.0,2.0,1.0,1.0,3.0,2.0,3.0,2.0,4.0,4.0
0022500518,1631103,2026-01-07,PHI,31.17,8.0,4.0,8.0,3.0,1.0,2.0,10.0,3.0,2.0,0.0,2.0,2.0
0022500511,1631103,2026-01-06,ORL,2.56,0.0,1.0,0.0,0.0,0.0,0.0,0.0,0.0,0.0,0.0,0.0,0.0
0022501200,1631104,2026-04-12,SAC,1.39,0.0,0.0,0.0,0.0,0.0,0.0,0.0,0.0,0.0,0.0,0.0,0.0
0022501183,1631104,2026-04-10,LAC,1.52,1.0,0.0,0.0,0.0,0.0,0.0,0.0,0.0,0.0,0.0,2.0,1.0
0022501161,1631104,2026-04-08,SAS,4.21,2.0,2.0,0.0,0.0,0.0,1.0,4.0,1.0,1.0,0.0,0.0,0.0
0022501104,1631104,2026-03-31,LAC,1.06,0.0,0.0,0.0,0.0,0.0,0.0,0.0,0.0,0.0,0.0,0.0,0.0
0022501087,1631104,2026-03-29,WAS,10.45,7.0,3.0,0.0,0.0,0.0,1.0,7.0,3.0,2.0,0.0,4.0,1.0
0022501061,1631104,2026-03-25,MIL,9.19,7.0,1.0,1.0,0.0,2.0,0.0,5.0,2.0,1.0,0.0,4.0,3.0
0022501045,1631104,2026-03-23,BKN,20.11,9.0,2.0,5.0,0.0,0.0,2.0,5.0,3.0,0.0,0.0,4.0,3.0
0022501032,1631104,2026-03-22,DEN,10.33,2.0,2.0,2.0,0.0,0.0,1.0,3.0,1.0,2.0,0.0,0.0,0.0
0022500985,1631104,2026-03-16,BKN,7.47,4.0,0.0,1.0,0.0,0.0,1.0,2.0,2.0,0.0,0.0,0.0,0.0
0022500967,1631104,2026-03-13,UTA,0.49,0.0,0.0,0.0,0.0,0.0,0.0,0.0,0.0,0.0,0.0,0.0,0.0
0022501171,1631105,2026-04-10,CHA,21.52,20.0,9.0,4.0,0.0,0.0,2.0,11.0,8.0,0.0,0.0,4.0,4.0
0022501160,1631105,2026-04-08,MIL,27.35,21.0,9.0,3.0,0.0,1.0,1.0,9.0,8.0,0.0,0.0,7.0,5.0
0022501144,1631105,2026-04-06,ORL,31.34,18.0,9.0,4.0,1.0,0.0,4.0,9.0,7.0,0.0,0.0,7.0,4.0
0022501131,1631105,2026-04-04,PHI,30.2,16.0,7.0,3.0,0.0,0.0,1.0,8.0,5.0,0.0,0.0,7.0,6.0
0022501115,1631105,2026-04-02,MIN,35.32,22.0,14.0,4.0,1.0,2.0,5.0,15.0,8.0,0.0,0.0,10.0,6.0
0022501101,1631105,2026-03-31,TOR,34.38,31.0,9.0,3.0,0.0,1.0,3.0,13.0,12.0,0.0,0.0,7.0,7.0
0022501080,1631105,2026-03-28,MIN,29.03,10.0,13.0,5.0,0.0,1.0,3.0,7.0,4.0,0.0,0.0,2.0,2.0
0022501064,1631105,2026-03-26,NOP,31.26,30.0,10.0,7.0,2.0,2.0,3.0,12.0,10.0,0.0,0.0,12.0,10.0
0022501051,1631105,2026-03-25,ATL,42.03,26.0,14.0,3.0,0.0,2.0,4.0,15.0,9.0,0.0,0.0,9.0,8.0
0022501038,1631105,2026-03-23,LAL,33.2,20.0,11.0,3.0,0.0,0.0,3.0,9.0,5.0,0.0,0.0,10.0,10.0
0022501194,1631106,2026-04-12,MEM,23.48,20.0,8.0,3.0,0.0,0.0,2.0,17.0,8.0,5.0,1.0,3.0,3.0
0022501178,1631106,2026-04-10,MIN,23.4,0.0,1.0,0.0,1.0,1.0,2.0,3.0,0.0,2.0,0.0,0.0,0.0
0022501169,1631106,2026-04-09,PHI,27.15,15.0,8.0,2.0,2.0,0.0,0.0,10.0,5.0,6.0,3.0,2.0,2.0
0022501157,1631106,2026-04-07,PHX,31.04,12.0,7.0,2.0,3.0,0.0,1.0,7.0,5.0,2.0,0.0,2.0,2.0
0022501142,1631106,2026-04-05,GSW,19.19,2.0,4.0,0.0,1.0,0.0,1.0,9.0,1.0,4.0,0.0,0.0,0.0
0022501124,1631106,2026-04-03,UTA,21.51,16.0,7.0,0.0,0.0,0.0,1.0,10.0,7.0,3.0,2.0,0.0,0.0
0022501110,1631106,2026-04-01,MIL,23.56,5.0,2.0,0.0,0.0,0.0,0.0,8.0,1.0,7.0,1.0,2.0,2.0
0022501102,1631106,2026-03-31,NYK,30.22,17.0,8.0,3.0,2.0,1.0,0.0,10.0,6.0,6.0,3.0,2.0,2.0
0022501088,1631106,2026-03-29,NOP,22.19,15.0,8.0,1.0,1.0,0.0,0.0,12.0,6.0,5.0,3.0,0.0,0.0
0022501069,1631106,2026-03-27,MEM,29.02,16.0,7.0,1.0,1.0,0.0,0.0,14.0,6.0,6.0,1.0,4.0,3.0
0022501129,1631107,2026-04-04,WAS,12.57,5.0,0.0,2.0,0.0,0.0,0.0,6.0,2.0,4.0,1.0,0.0,0.0
0022501027,1631107,2026-03-21,HOU,3.42,0.0,1.0,0.0,0.0,0.0,0.0,3.0,0.0,1.0,0.0,0.0,0.0
0022500805,1631107,2026-02-20,ATL,2.43,1.0,0.0,1.0,0.0,0.0,0.0,0.0,0.0,0.0,0.0,2.0,1.0
0022500784,1631107,2026-02-11,NOP,17.41,8.0,1.0,0.0,1.0,0.0,1.0,4.0,3.0,2.0,1.0,2.0,1.0
0022500763,1631107,2026-02-09,UTA,17.02,0.0,4.0,0.0,0.0,0.0,0.0,4.0,0.0,4.0,0.0,2.0,0.0
0022500758,1631107,2026-02-08,WAS,5.36,4.0,1.0,2.0,1.0,0.0,0.0,3.0,2.0,1.0,0.0,0.0,0.0
0022500741,1631107,2026-02-06,BOS,6.22,0.0,0.0,1.0,0.0,1.0,0.0,5.0,0.0,4.0,0.0,0.0,0.0
0022500720,1631107,2026-02-03,ATL,7.36,5.0,2.0,0.0,0.0,0.0,0.0,3.0,1.0,3.0,1.0,2.0,2.0
0022500692,1631107,2026-01-31,CHI,15.0,2.0,2.0,1.0,1.0,1.0,2.0,6.0,1.0,2.0,0.0,0.0,0.0
0022500529,1631107,2026-01-29,CHI,17.15,8.0,4.0,1.0,0.0,0.0,0.0,9.0,4.0,3.0,0.0,0.0,0.0
0022501193,1631108,2026-04-12,CHI,12.32,12.0,1.0,1.0,0.0,2.0,1.0,7.0,5.0,4.0,2.0,1.0,0.0
0022501180,1631108,2026-04-10,SAS,31.14,16.0,1.0,2.0,1.0,0.0,1.0,12.0,5.0,7.0,4.0,2.0,2.0
0022501164,1631108,2026-04-08,PHX,32.5,18.0,2.0,2.0,1.0,1.0,0.0,11.0,5.0,9.0,4.0,4.0,4.0
0022501156,1631108,2026-04-07,LAC,28.55,12.0,5.0,1.0,1.0,0.0,1.0,8.0,1.0,5.0,0.0,10.0,10.0
0022501140,1631108,2026-04-05,LAL,25.12,8.0,1.0,2.0,2.0,0.0,1.0,6.0,2.0,6.0,2.0,2.0,2.0
0022501127,1631108,2026-04-03,ORL,28.3,14.0,5.0,3.0,0.0,0.0,1.0,7.0,4.0,6.0,3.0,3.0,3.0
0022500652,1631108,2026-03-31,MIL,26.23,3.0,3.0,1.0,0.0,0.0,1.0,12.0,1.0,9.0,1.0,0.0,0.0
0022501095,1631108,2026-03-30,MIN,28.01,3.0,4.0,0.0,1.0,0.0,0.0,5.0,1.0,2.0,1.0,0.0,0.0
0022501074,1631108,2026-03-27,POR,25.2,5.0,3.0,2.0,1.0,2.0,2.0,8.0,1.0,5.0,1.0,2.0,2.0
0022501059,1631108,2026-03-25,DEN,31.46,9.0,1.0,2.0,0.0,0.0,1.0,5.0,3.0,4.0,3.0,0.0,0.0
0022501185,1631109,2026-04-10,LAL,20.29,7.0,5.0,0.0,0.0,1.0,2.0,2.0,2.0,0.0,0.0,4.0,3.0
0022501157,1631109,2026-04-07,HOU,27.59,19.0,8.0,0.0,3.0,0.0,1.0,9.0,7.0,0.0,0.0,6.0,5.0
0022501134,1631109,2026-04-05,CHI,25.44,14.0,8.0,1.0,0.0,1.0,2.0,8.0,6.0,0.0,0.0,2.0,2.0
0022501114,1631109,2026-04-02,CHA,20.04,12.0,4.0,1.0,1.0,3.0,1.0,7.0,6.0,0.0,0.0,0.0,0.0
0022500892,1631109,2026-03-03,SAC,22.12,10.0,9.0,0.0,1.0,0.0,1.0,6.0,3.0,0.0,0.0,6.0,4.0
0022500855,1631109,2026-02-26,LAL,13.19,4.0,10.0,0.0,0.0,0.0,1.0,6.0,2.0,0.0,0.0,0.0,0.0
0022500839,1631109,2026-02-24,BOS,18.29,2.0,5.0,1.0,0.0,2.0,2.0,3.0,1.0,0.0,0.0,0.0,0.0
0022500826,1631109,2026-02-22,POR,15.04,6.0,5.0,0.0,1.0,0.0,1.0,8.0,3.0,0.0,0.0,0.0,0.0
0022500811,1631109,2026-02-21,ORL,28.27,9.0,9.0,1.0,0.0,0.0,1.0,10.0,4.0,0.0,0.0,1.0,1.0
0022500798,1631109,2026-02-19,SAS,22.44,11.0,10.0,0.0,0.0,1.0,0.0,12.0,4.0,0.0,0.0,4.0,3.0
0022501190,1631110,2026-04-12,CHA,19.44,12.0,6.0,5.0,0.0,0.0,0.0,9.0,4.0,6.0,2.0,2.0,2.0
0022501176,1631110,2026-04-10,TOR,6.07,0.0,1.0,0.0,1.0,0.0,0.0,0.0,0.0,0.0,0.0,0.0,0.0
0022501123,1631110,2026-04-03,CHI,16.53,7.0,8.0,1.0,1.0,1.0,1.0,2.0,2.0,0.0,0.0,4.0,3.0
0022501102,1631110,2026-03-31,HOU,1.47,2.0,0.0,0.0,0.0,0.0,0.0,2.0,1.0,1.0,0.0,0.0,0.0
0022501034,1631110,2026-03-22,WAS,8.15,8.0,6.0,1.0,0.0,0.0,0.0,4.0,3.0,0.0,0.0,2.0,2.0
0022500994,1631110,2026-03-17,IND,4.59,2.0,1.0,0.0,0.0,0.0,0.0,1.0,1.0,0.0,0.0,0.0,0.0
0022500949,1631110,2026-03-11,UTA,2.51,4.0,1.0,0.0,1.0,0.0,0.0,2.0,2.0,0.0,0.0,0.0,0.0
0022500911,1631110,2026-03-06,DEN,9.03,2.0,3.0,2.0,3.0,0.0,2.0,1.0,1.0,0.0,0.0,0.0,0.0
0022500893,1631110,2026-03-04,OKC,1.38,0.0,0.0,0.0,0.0,0.0,0.0,0.0,0.0,0.0,0.0,0.0,0.0
0022500887,1631110,2026-03-03,TOR,0.6,0.0,0.0,0.0,0.0,0.0,0.0,0.0,0.0,0.0,0.0,0.0,0.0
0022501160,1631111,2026-04-08,MIL,5.05,0.0,0.0,1.0,0.0,0.0,0.0,0.0,0.0,0.0,0.0,0.0,0.0
0022500742,1631111,2026-02-06,NYK,5.44,0.0,1.0,0.0,0.0,1.0,0.0,0.0,0.0,0.0,0.0,0.0,0.0
0022500733,1631111,2026-02-05,WAS,5.41,4.0,1.0,0.0,0.0,0.0,0.0,1.0,1.0,0.0,0.0,2.0,2.0
0022500242,1631111,2025-11-17,IND,15.0,0.0,2.0,0.0,1.0,0.0,1.0,2.0,0.0,0.0,0.0,0.0,0.0
0022500041,1631111,2025-11-14,PHI,18.08,4.0,2.0,2.0,0.0,0.0,0.0,3.0,2.0,1.0,0.0,0.0,0.0
0022500214,1631111,2025-11-12,CHI,9.55,2.0,0.0,1.0,1.0,1.0,0.0,1.0,1.0,0.0,0.0,0.0,0.0
0022501181,1631113,2026-04-10,MEM,40.55,26.0,5.0,10.0,2.0,0.0,4.0,20.0,11.0,7.0,4.0,4.0,0.0
0022501153,1631113,2026-04-07,NOP,43.13,31.0,7.0,8.0,2.0,0.0,3.0,18.0,11.0,3.0,2.0,8.0,7.0
0022501139,1631113,2026-04-05,OKC,19.48,5.0,0.0,5.0,0.0,0.0,1.0,4.0,2.0,1.0,1.0,0.0,0.0
0022501124,1631113,2026-04-03,HOU,24.5,2.0,1.0,4.0,0.0,0.0,1.0,9.0,1.0,1.0,0.0,0.0,0.0
0022501112,1631113,2026-04-01,DEN,32.29,16.0,5.0,6.0,1.0,1.0,0.0,14.0,5.0,4.0,0.0,8.0,6.0
0022501096,1631113,2026-03-30,CLE,40.23,12.0,4.0,5.0,0.0,1.0,5.0,16.0,4.0,5.0,2.0,3.0,2.0
0022501081,1631113,2026-03-28,PHX,23.41,11.0,3.0,8.0,0.0,0.0,4.0,9.0,5.0,1.0,0.0,1.0,1.0
0022501072,1631113,2026-03-27,DEN,29.26,16.0,1.0,7.0,1.0,0.0,1.0,10.0,7.0,4.0,2.0,2.0,0.0
0022501057,1631113,2026-03-25,WAS,33.56,14.0,1.0,8.0,1.0,0.0,2.0,14.0,6.0,6.0,1.0,6.0,1.0
0022501043,1631113,2026-03-23,TOR,29.22,13.0,5.0,9.0,3.0,0.0,2.0,10.0,4.0,2.0,1.0,4.0,4.0
0022501163,1631114,2026-04-08,LAC,32.21,18.0,6.0,6.0,2.0,0.0,3.0,12.0,7.0,1.0,0.0,4.0,4.0
0022501139,1631114,2026-04-05,UTA,25.4,15.0,2.0,7.0,0.0,0.0,1.0,9.0,5.0,2.0,1.0,4.0,4.0
0022501116,1631114,2026-04-02,LAL,23.04,10.0,9.0,8.0,2.0,0.0,2.0,10.0,4.0,1.0,0.0,2.0,2.0
0022501089,1631114,2026-03-29,NYK,28.39,22.0,1.0,2.0,1.0,0.0,2.0,11.0,7.0,1.0,1.0,7.0,7.0
0022501070,1631114,2026-03-27,CHI,26.44,18.0,6.0,8.0,1.0,0.0,2.0,16.0,8.0,2.0,0.0,4.0,2.0
0022501054,1631114,2026-03-25,BOS,23.39,7.0,3.0,3.0,0.0,0.0,0.0,9.0,2.0,3.0,0.0,4.0,3.0
0022501040,1631114,2026-03-23,PHI,20.23,18.0,4.0,6.0,0.0,0.0,3.0,14.0,8.0,3.0,1.0,2.0,1.0
0022500785,1631114,2026-02-11,PHX,19.38,28.0,4.0,5.0,0.0,0.0,1.0,12.0,11.0,2.0,2.0,5.0,4.0
0022500769,1631114,2026-02-09,LAL,24.22,23.0,3.0,1.0,1.0,0.0,2.0,17.0,6.0,2.0,0.0,13.0,11.0
0022500597,1631114,2026-01-17,MIA,13.37,8.0,3.0,3.0,0.0,0.0,1.0,5.0,3.0,2.0,2.0,0.0,0.0
0022500424,1631115,2025-12-26,CHA,3.12,0.0,1.0,1.0,0.0,0.0,0.0,0.0,0.0,0.0,0.0,0.0,0.0
0022500058,1631115,2025-11-25,PHI,6.36,0.0,0.0,1.0,1.0,0.0,0.0,1.0,0.0,1.0,0.0,0.0,0.0
0022500277,1631115,2025-11-23,BOS,13.07,7.0,3.0,1.0,0.0,0.0,0.0,4.0,3.0,1.0,1.0,0.0,0.0
0022500138,1631115,2025-10-30,CHA,1.54,0.0,0.0,0.0,0.0,0.0,0.0,0.0,0.0,0.0,0.0,0.0,0.0
0022501047,1631116,2026-03-24,CHA,27.44,5.0,4.0,1.0,1.0,1.0,2.0,6.0,2.0,3.0,1.0,0.0,0.0
0022501033,1631116,2026-03-22,BKN,16.35,9.0,6.0,2.0,0.0,1.0,0.0,5.0,3.0,2.0,2.0,1.0,1.0
0022500907,1631116,2026-03-05,NOP,5.55,0.0,1.0,0.0,0.0,0.0,0.0,3.0,0.0,3.0,0.0,0.0,0.0
0022500878,1631116,2026-03-01,LAL,11.0,3.0,6.0,1.0,1.0,3.0,1.0,2.0,1.0,1.0,1.0,0.0,0.0
0022500854,1631116,2026-02-26,DAL,5.37,1.0,1.0,0.0,0.0,0.0,0.0,1.0,0.0,0.0,0.0,2.0,1.0
0022500845,1631116,2026-02-25,HOU,21.03,5.0,3.0,1.0,1.0,0.0,1.0,6.0,2.0,2.0,0.0,2.0,1.0
0022500770,1631116,2026-02-09,POR,2.2,0.0,1.0,0.0,0.0,0.0,0.0,0.0,0.0,0.0,0.0,0.0,0.0
0022500656,1631116,2026-01-25,BKN,6.56,8.0,1.0,0.0,0.0,0.0,1.0,3.0,3.0,2.0,2.0,0.0,0.0
0022500614,1631116,2026-01-20,CHI,5.18,2.0,0.0,0.0,0.0,0.0,0.0,1.0,0.0,1.0,0.0,2.0,2.0
0022500025,1631117,2025-10-31,PHX,28.31,4.0,13.0,1.0,1.0,0.0,3.0,5.0,2.0,0.0,0.0,0.0,0.0
0022500135,1631117,2025-10-29,POR,31.47,18.0,12.0,4.0,1.0,1.0,3.0,12.0,7.0,4.0,3.0,3.0,1.0
0022500120,1631117,2025-10-27,PHX,35.19,25.0,11.0,4.0,0.0,4.0,3.0,12.0,9.0,2.0,1.0,7.0,6.0
0022500098,1631117,2025-10-24,SAC,29.42,3.0,9.0,2.0,3.0,0.0,6.0,1.0,1.0,0.0,0.0,2.0,1.0
0022500087,1631117,2025-10-22,LAC,28.4,22.0,9.0,4.0,2.0,4.0,1.0,7.0,7.0,2.0,2.0,8.0,6.0
0022501163,1631119,2026-04-08,LAC,13.35,5.0,4.0,1.0,0.0,0.0,0.0,4.0,2.0,3.0,1.0,0.0,0.0
0022501155,1631119,2026-04-07,LAL,13.58,0.0,5.0,3.0,0.0,0.0,0.0,0.0,0.0,0.0,0.0,0.0,0.0
0022501139,1631119,2026-04-05,UTA,12.23,6.0,3.0,3.0,0.0,0.0,0.0,5.0,2.0,4.0,2.0,0.0,0.0
0022501116,1631119,2026-04-02,LAL,13.59,7.0,6.0,2.0,0.0,0.0,0.0,3.0,1.0,1.0,1.0,5.0,4.0
0022501097,1631119,2026-03-30,DET,31.33,3.0,13.0,2.0,0.0,3.0,3.0,6.0,1.0,5.0,1.0,0.0,0.0
0022501089,1631119,2026-03-29,NYK,12.02,3.0,1.0,3.0,1.0,0.0,1.0,3.0,1.0,3.0,1.0,0.0,0.0
0022501070,1631119,2026-03-27,CHI,18.59,12.0,10.0,0.0,2.0,2.0,0.0,6.0,4.0,4.0,2.0,2.0,2.0
0022501054,1631119,2026-03-25,BOS,13.43,4.0,3.0,0.0,0.0,0.0,0.0,2.0,1.0,2.0,1.0,2.0,1.0
0022501040,1631119,2026-03-23,PHI,18.46,18.0,8.0,4.0,0.0,1.0,1.0,8.0,6.0,7.0,5.0,1.0,1.0
0022501022,1631119,2026-03-21,WAS,8.48,0.0,3.0,0.0,0.0,1.0,0.0,1.0,0.0,1.0,0.0,0.0,0.0
0022501194,1631120,2026-04-12,MEM,26.27,9.0,10.0,7.0,1.0,2.0,0.0,9.0,2.0,4.0,0.0,6.0,5.0
0022501124,1631120,2026-04-03,UTA,6.39,5.0,1.0,0.0,0.0,0.0,0.0,1.0,1.0,0.0,0.0,4.0,3.0
0022501102,1631120,2026-03-31,NYK,1.47,0.0,0.0,0.0,0.0,0.0,0.0,0.0,0.0,0.0,0.0,0.0,0.0
0022500845,1631120,2026-02-25,SAC,5.25,2.0,2.0,2.0,0.0,0.0,0.0,3.0,1.0,1.0,0.0,0.0,0.0
0022500748,1631120,2026-02-07,OKC,17.54,8.0,4.0,1.0,0.0,0.0,1.0,5.0,3.0,4.0,2.0,0.0,0.0
0022500737,1631120,2026-02-05,CHA,7.44,4.0,1.0,3.0,0.0,0.0,1.0,4.0,2.0,1.0,0.0,0.0,0.0
0022500728,1631120,2026-02-04,BOS,6.57,2.0,1.0,2.0,0.0,0.0,0.0,3.0,1.0,1.0,0.0,0.0,0.0
0022500682,1631120,2026-01-29,ATL,2.09,0.0,0.0,0.0,0.0,0.0,0.0,0.0,0.0,0.0,0.0,0.0,0.0
0022500604,1631120,2026-01-18,NOP,4.09,0.0,0.0,0.0,1.0,0.0,0.0,2.0,0.0,2.0,0.0,0.0,0.0
0022500591,1631120,2026-01-16,MIN,3.38,0.0,1.0,0.0,0.0,0.0,0.0,2.0,0.0,2.0,0.0,0.0,0.0
0022500925,1631121,2026-03-08,WAS,22.3,4.0,1.0,3.0,1.0,1.0,1.0,2.0,1.0,0.0,0.0,2.0,2.0
0022500912,1631121,2026-03-06,PHX,13.05,2.0,2.0,0.0,0.0,0.0,0.0,1.0,0.0,1.0,0.0,2.0,2.0
0022500907,1631121,2026-03-05,SAC,26.31,14.0,6.0,2.0,1.0,2.0,0.0,10.0,5.0,3.0,1.0,3.0,3.0
0022500891,1631121,2026-03-03,LAL,16.01,6.0,1.0,1.0,1.0,0.0,0.0,3.0,2.0,0.0,0.0,2.0,2.0
0022500877,1631121,2026-03-01,LAC,26.23,6.0,1.0,2.0,0.0,0.0,1.0,5.0,2.0,1.0,0.0,2.0,2.0
0022500867,1631121,2026-02-28,UTA,33.2,18.0,4.0,2.0,1.0,0.0,0.0,14.0,6.0,10.0,4.0,2.0,2.0
0022500856,1631121,2026-02-26,UTA,30.53,8.0,5.0,3.0,1.0,0.0,0.0,9.0,4.0,4.0,0.0,0.0,0.0
0022500838,1631121,2026-02-24,GSW,18.22,7.0,4.0,0.0,1.0,1.0,0.0,5.0,3.0,3.0,1.0,0.0,0.0
0022500812,1631121,2026-02-21,PHI,26.44,13.0,1.0,1.0,0.0,0.0,0.0,5.0,4.0,4.0,3.0,4.0,2.0
0022500807,1631121,2026-02-20,MIL,30.19,10.0,1.0,0.0,2.0,0.0,0.0,12.0,5.0,3.0,0.0,1.0,0.0
0022501196,1631123,2026-04-12,OKC,39.41,27.0,5.0,9.0,1.0,2.0,4.0,23.0,12.0,8.0,3.0,2.0,0.0
0022501185,1631123,2026-04-10,LAL,26.4,4.0,2.0,3.0,0.0,0.0,4.0,7.0,1.0,2.0,0.0,2.0,2.0
0022501164,1631123,2026-04-08,DAL,4.05,0.0,0.0,2.0,0.0,0.0,0.0,1.0,0.0,1.0,0.0,0.0,0.0
0022501157,1631123,2026-04-07,HOU,1.04,0.0,0.0,0.0,0.0,0.0,0.0,1.0,0.0,0.0,0.0,0.0,0.0
0022501114,1631123,2026-04-02,CHA,2.52,0.0,1.0,0.0,0.0,0.0,0.0,1.0,0.0,0.0,0.0,0.0,0.0
0022501093,1631123,2026-03-30,MEM,5.37,8.0,1.0,0.0,1.0,0.0,0.0,4.0,4.0,0.0,0.0,0.0,0.0
0022501081,1631123,2026-03-28,UTA,6.15,0.0,2.0,0.0,0.0,0.0,0.0,1.0,0.0,0.0,0.0,0.0,0.0
0022501050,1631123,2026-03-24,DEN,3.31,0.0,0.0,0.0,0.0,0.0,0.0,0.0,0.0,0.0,0.0,0.0,0.0
0022501036,1631123,2026-03-22,TOR,19.03,7.0,2.0,4.0,2.0,0.0,1.0,9.0,3.0,4.0,1.0,0.0,0.0
0022501031,1631123,2026-03-21,MIL,8.42,4.0,2.0,2.0,0.0,0.0,0.0,4.0,2.0,0.0,0.0,0.0,0.0
0022501197,1631124,2026-04-12,SAS,34.24,25.0,6.0,3.0,1.0,0.0,3.0,19.0,9.0,8.0,4.0,4.0,3.0
0022501182,1631124,2026-04-10,OKC,33.33,22.0,4.0,3.0,2.0,1.0,1.0,17.0,8.0,7.0,4.0,2.0,2.0
0022501162,1631124,2026-04-08,MEM,14.45,10.0,2.0,1.0,0.0,1.0,0.0,6.0,4.0,3.0,2.0,0.0,0.0
0022501147,1631124,2026-04-06,POR,18.4,11.0,0.0,0.0,1.0,0.0,0.0,5.0,4.0,2.0,1.0,2.0,2.0
0022501130,1631124,2026-04-04,SAS,11.08,6.0,1.0,2.0,0.0,0.0,0.0,5.0,2.0,4.0,2.0,0.0,0.0
0022501112,1631124,2026-04-01,UTA,8.35,0.0,0.0,0.0,0.0,0.0,2.0,0.0,0.0,0.0,0.0,0.0,0.0
0022501090,1631124,2026-03-29,GSW,17.38,7.0,2.0,2.0,0.0,0.0,1.0,7.0,3.0,3.0,1.0,0.0,0.0
0022501072,1631124,2026-03-27,UTA,5.08,0.0,2.0,2.0,0.0,0.0,0.0,2.0,0.0,1.0,0.0,0.0,0.0
0022501059,1631124,2026-03-25,DAL,15.48,8.0,5.0,0.0,0.0,0.0,0.0,7.0,3.0,4.0,2.0,0.0,0.0
0022501050,1631124,2026-03-24,PHX,8.04,7.0,1.0,1.0,0.0,0.0,0.0,3.0,2.0,1.0,1.0,2.0,2.0
0022501200,1631126,2026-04-12,SAC,1.39,0.0,0.0,0.0,0.0,0.0,0.0,1.0,0.0,1.0,0.0,0.0,0.0
0022501161,1631126,2026-04-08,SAS,2.12,0.0,0.0,0.0,0.0,0.0,1.0,0.0,0.0,0.0,0.0,0.0,0.0
0022501104,1631126,2026-03-31,LAC,1.06,2.0,0.0,0.0,0.0,0.0,0.0,1.0,1.0,0.0,0.0,0.0,0.0
0022501061,1631126,2026-03-25,MIL,8.24,0.0,0.0,1.0,0.0,0.0,0.0,3.0,0.0,1.0,0.0,0.0,0.0
0022500790,1631126,2026-02-12,UTA,14.41,11.0,0.0,2.0,0.0,0.0,0.0,12.0,4.0,8.0,3.0,0.0,0.0
0022500755,1631126,2026-02-07,MEM,27.14,17.0,0.0,8.0,1.0,0.0,4.0,18.0,7.0,11.0,3.0,0.0,0.0
0022500725,1631126,2026-02-03,PHX,8.2,0.0,0.0,0.0,0.0,0.0,1.0,2.0,0.0,2.0,0.0,0.0,0.0
0022500710,1631126,2026-02-01,CLE,29.39,21.0,2.0,3.0,2.0,0.0,2.0,15.0,8.0,8.0,3.0,2.0,2.0
0022500690,1631126,2026-01-30,NYK,27.14,12.0,3.0,4.0,2.0,0.0,1.0,15.0,5.0,10.0,2.0,0.0,0.0
0022500664,1631126,2026-01-27,WAS,16.31,6.0,2.0,1.0,0.0,0.0,1.0,8.0,2.0,1.0,0.0,4.0,2.0
0022501180,1631127,2026-04-10,DAL,5.38,0.0,0.0,0.0,0.0,0.0,0.0,0.0,0.0,0.0,0.0,0.0,0.0
0022501119,1631127,2026-04-02,LAC,3.09,2.0,0.0,0.0,0.0,0.0,1.0,1.0,1.0,0.0,0.0,0.0,0.0
0022500815,1631127,2026-02-21,SAC,4.24,2.0,0.0,1.0,0.0,0.0,0.0,1.0,1.0,0.0,0.0,0.0,0.0
0022500703,1631127,2026-02-01,ORL,2.1,2.0,0.0,0.0,0.0,0.0,0.0,1.0,1.0,0.0,0.0,0.0,0.0
0022500154,1631127,2025-11-02,PHX,4.32,2.0,2.0,0.0,0.0,0.0,0.0,2.0,1.0,0.0,0.0,0.0,0.0
0022500118,1631127,2025-10-27,TOR,2.1,0.0,0.0,0.0,0.0,0.0,0.0,0.0,0.0,0.0,0.0,0.0,0.0
0022500004,1631127,2025-10-22,DAL,4.04,3.0,1.0,0.0,0.0,0.0,0.0,1.0,1.0,1.0,1.0,0.0,0.0
0022501162,1631128,2026-04-08,MEM,26.35,14.0,2.0,1.0,1.0,0.0,1.0,10.0,7.0,2.0,0.0,1.0,0.0
0022501147,1631128,2026-04-06,POR,39.52,8.0,6.0,1.0,3.0,0.0,0.0,7.0,4.0,3.0,0.0,0.0,0.0
0022501130,1631128,2026-04-04,SAS,39.1,21.0,8.0,4.0,0.0,1.0,0.0,16.0,7.0,11.0,5.0,2.0,2.0
0022501112,1631128,2026-04-01,UTA,30.42,18.0,6.0,4.0,0.0,0.0,0.0,11.0,7.0,3.0,1.0,3.0,3.0
0022501090,1631128,2026-03-29,GSW,32.49,12.0,3.0,0.0,0.0,0.0,0.0,8.0,5.0,3.0,0.0,2.0,2.0
0022501072,1631128,2026-03-27,UTA,21.41,7.0,2.0,0.0,0.0,1.0,0.0,8.0,3.0,3.0,1.0,0.0,0.0
0022501059,1631128,2026-03-25,DAL,25.07,11.0,3.0,4.0,0.0,0.0,2.0,8.0,4.0,3.0,1.0,3.0,2.0
0022501050,1631128,2026-03-24,PHX,32.27,13.0,3.0,1.0,0.0,0.0,0.0,10.0,6.0,3.0,1.0,0.0,0.0
0022501032,1631128,2026-03-22,POR,29.02,15.0,6.0,2.0,0.0,0.0,1.0,7.0,5.0,3.0,1.0,4.0,4.0
0022501021,1631128,2026-03-20,TOR,33.21,11.0,4.0,2.0,0.0,0.0,1.0,9.0,5.0,3.0,1.0,0.0,0.0
0022501198,1631131,2026-04-12,LAL,32.04,29.0,17.0,3.0,0.0,0.0,3.0,17.0,12.0,0.0,0.0,8.0,5.0
0022501181,1631131,2026-04-10,MEM,28.14,16.0,22.0,3.0,1.0,2.0,1.0,11.0,7.0,0.0,0.0,4.0,2.0
0022501153,1631131,2026-04-07,NOP,21.01,12.0,7.0,0.0,2.0,0.0,2.0,10.0,6.0,0.0,0.0,0.0,0.0
0022501139,1631131,2026-04-05,OKC,20.1,4.0,4.0,2.0,0.0,0.0,2.0,4.0,2.0,0.0,0.0,2.0,0.0
0022501124,1631131,2026-04-03,HOU,21.24,15.0,10.0,1.0,2.0,0.0,2.0,11.0,7.0,0.0,0.0,3.0,1.0
0022501112,1631131,2026-04-01,DEN,20.32,8.0,7.0,0.0,1.0,0.0,1.0,8.0,4.0,0.0,0.0,0.0,0.0
0022501096,1631131,2026-03-30,CLE,19.09,7.0,7.0,1.0,0.0,0.0,0.0,4.0,3.0,0.0,0.0,2.0,1.0
0022501081,1631131,2026-03-28,PHX,16.17,7.0,7.0,1.0,2.0,0.0,0.0,6.0,3.0,0.0,0.0,4.0,1.0
0022501072,1631131,2026-03-27,DEN,12.25,9.0,9.0,3.0,0.0,0.0,1.0,4.0,3.0,0.0,0.0,3.0,3.0
0022501057,1631131,2026-03-25,WAS,16.53,7.0,8.0,4.0,0.0,0.0,4.0,4.0,2.0,0.0,0.0,4.0,3.0
0022501189,1631132,2026-04-12,MIA,21.15,4.0,8.0,1.0,0.0,1.0,3.0,5.0,1.0,2.0,0.0,4.0,2.0
0022501122,1631132,2026-04-03,BKN,4.02,5.0,1.0,0.0,0.0,0.0,0.0,2.0,2.0,0.0,0.0,1.0,1.0
0022501078,1631132,2026-03-28,SAC,11.0,0.0,0.0,2.0,1.0,1.0,0.0,2.0,0.0,0.0,0.0,0.0,0.0
0022501037,1631132,2026-03-23,MEM,6.38,2.0,1.0,1.0,0.0,0.0,0.0,3.0,1.0,2.0,0.0,0.0,0.0
0022500970,1631132,2026-03-14,MIL,2.55,2.0,0.0,0.0,0.0,0.0,1.0,1.0,1.0,0.0,0.0,0.0,0.0
0022500897,1631132,2026-03-04,MIL,1.33,0.0,1.0,0.0,1.0,1.0,0.0,0.0,0.0,0.0,0.0,0.0,0.0
0022500850,1631132,2026-02-26,WAS,2.58,4.0,4.0,0.0,0.0,0.0,0.0,1.0,0.0,0.0,0.0,4.0,4.0
0022500720,1631132,2026-02-03,MIA,11.05,2.0,2.0,0.0,0.0,0.0,1.0,3.0,0.0,1.0,0.0,2.0,2.0
0022500698,1631132,2026-01-31,IND,16.25,0.0,4.0,0.0,0.0,0.0,0.0,3.0,0.0,0.0,0.0,0.0,0.0
0022500682,1631132,2026-01-29,HOU,25.4,6.0,7.0,2.0,1.0,1.0,1.0,7.0,3.0,2.0,0.0,0.0,0.0
0022501191,1631133,2026-04-12,MIL,7.34,7.0,2.0,0.0,0.0,0.0,0.0,2.0,2.0,1.0,1.0,4.0,2.0
0022501169,1631133,2026-04-09,HOU,4.18,2.0,1.0,1.0,0.0,0.0,0.0,1.0,1.0,0.0,0.0,0.0,0.0
0022501131,1631133,2026-04-04,DET,4.56,0.0,1.0,0.0,0.0,0.0,0.0,0.0,0.0,0.0,0.0,0.0,0.0
0022501105,1631133,2026-04-01,WAS,2.59,0.0,2.0,0.0,0.0,0.0,1.0,0.0,0.0,0.0,0.0,0.0,0.0
0022501053,1631133,2026-03-25,CHI,7.11,3.0,0.0,0.0,0.0,0.0,0.0,1.0,1.0,1.0,1.0,0.0,0.0
0022501040,1631133,2026-03-23,OKC,10.15,4.0,4.0,1.0,0.0,0.0,0.0,5.0,2.0,2.0,0.0,1.0,0.0
0022501030,1631133,2026-03-21,UTA,17.56,8.0,5.0,3.0,1.0,1.0,1.0,5.0,3.0,1.0,0.0,2.0,2.0
0022501015,1631133,2026-03-19,SAC,5.59,0.0,1.0,0.0,0.0,0.0,0.0,3.0,0.0,1.0,0.0,0.0,0.0
0022500953,1631133,2026-03-12,DET,18.18,16.0,1.0,2.0,0.0,0.0,2.0,6.0,6.0,2.0,2.0,2.0,2.0
0022500936,1631133,2026-03-10,MEM,9.17,2.0,2.0,0.0,1.0,0.0,0.0,3.0,1.0,1.0,0.0,0.0,0.0
0022501160,1631157,2026-04-08,DET,32.49,23.0,2.0,6.0,2.0,1.0,3.0,19.0,8.0,6.0,1.0,6.0,6.0
0022501135,1631157,2026-04-05,MEM,32.26,24.0,4.0,3.0,1.0,0.0,2.0,16.0,10.0,7.0,4.0,0.0,0.0
0022500652,1631157,2026-03-31,DAL,35.36,24.0,7.0,9.0,1.0,0.0,3.0,14.0,8.0,9.0,4.0,4.0,4.0
0022501076,1631157,2026-03-28,SAS,25.23,12.0,1.0,4.0,1.0,1.0,5.0,15.0,5.0,7.0,0.0,2.0,2.0
0022501061,1631157,2026-03-25,POR,31.02,36.0,4.0,4.0,2.0,0.0,5.0,26.0,13.0,12.0,6.0,4.0,4.0
0022501046,1631157,2026-03-23,LAC,27.04,13.0,4.0,7.0,2.0,0.0,5.0,16.0,6.0,5.0,1.0,0.0,0.0
0022501031,1631157,2026-03-21,PHX,33.09,26.0,10.0,7.0,3.0,0.0,3.0,19.0,10.0,7.0,3.0,6.0,3.0
0022501014,1631157,2026-03-19,UTA,23.08,15.0,3.0,5.0,0.0,0.0,3.0,10.0,5.0,7.0,3.0,2.0,2.0
0022500995,1631157,2026-03-17,CLE,33.51,19.0,3.0,4.0,0.0,1.0,1.0,13.0,6.0,7.0,3.0,4.0,4.0
0022500979,1631157,2026-03-15,IND,36.49,20.0,2.0,7.0,3.0,0.0,3.0,12.0,8.0,5.0,3.0,2.0,1.0
0022501193,1631159,2026-04-12,DAL,34.37,17.0,7.0,2.0,0.0,1.0,3.0,12.0,8.0,4.0,1.0,1.0,0.0
0022501177,1631159,2026-04-10,ORL,39.04,15.0,7.0,4.0,3.0,1.0,3.0,10.0,5.0,4.0,2.0,4.0,3.0
0022501166,1631159,2026-04-09,WAS,38.41,26.0,11.0,3.0,1.0,1.0,2.0,14.0,11.0,2.0,2.0,2.0,2.0
0022501148,1631159,2026-04-07,WAS,25.05,13.0,8.0,1.0,0.0,2.0,0.0,11.0,5.0,6.0,1.0,3.0,2.0
0022501134,1631159,2026-04-05,PHX,32.54,17.0,10.0,2.0,0.0,0.0,3.0,14.0,7.0,5.0,2.0,1.0,1.0
0022501123,1631159,2026-04-03,NYK,27.34,14.0,6.0,0.0,0.0,0.0,1.0,8.0,5.0,3.0,2.0,3.0,2.0
0022501109,1631159,2026-04-01,IND,22.21,11.0,6.0,0.0,0.0,1.0,1.0,9.0,4.0,3.0,1.0,4.0,2.0
0022501094,1631159,2026-03-30,SAS,25.13,21.0,6.0,4.0,1.0,1.0,0.0,14.0,9.0,8.0,3.0,0.0,0.0
0022501079,1631159,2026-03-28,MEM,16.2,5.0,4.0,0.0,1.0,0.0,0.0,2.0,1.0,1.0,0.0,4.0,3.0
0022501070,1631159,2026-03-27,OKC,25.38,15.0,7.0,0.0,1.0,0.0,3.0,17.0,6.0,7.0,2.0,2.0,1.0
0022501173,1631165,2026-04-10,ATL,18.38,2.0,3.0,0.0,0.0,0.0,1.0,4.0,1.0,2.0,0.0,0.0,0.0
0022501158,1631165,2026-04-08,ATL,22.16,5.0,1.0,1.0,0.0,1.0,0.0,4.0,1.0,4.0,1.0,2.0,2.0
0022501145,1631165,2026-04-06,MEM,27.17,19.0,3.0,8.0,1.0,0.0,0.0,11.0,7.0,5.0,3.0,3.0,2.0
0022501136,1631165,2026-04-05,IND,33.19,13.0,5.0,0.0,1.0,0.0,0.0,9.0,5.0,7.0,3.0,0.0,0.0
0022501117,1631165,2026-04-02,GSW,22.09,4.0,3.0,2.0,1.0,0.0,0.0,7.0,2.0,2.0,0.0,0.0,0.0
0022501103,1631165,2026-03-31,LAL,19.21,7.0,2.0,0.0,1.0,0.0,1.0,6.0,2.0,4.0,1.0,2.0,2.0
0022501096,1631165,2026-03-30,UTA,31.52,13.0,2.0,1.0,2.0,1.0,2.0,10.0,6.0,3.0,1.0,0.0,0.0
0022501068,1631165,2026-03-27,MIA,24.3,10.0,0.0,2.0,1.0,0.0,0.0,5.0,4.0,3.0,2.0,1.0,0.0
0022501055,1631165,2026-03-25,MIA,36.53,17.0,2.0,1.0,2.0,0.0,0.0,12.0,5.0,7.0,1.0,6.0,6.0
0022501049,1631165,2026-03-24,ORL,19.57,2.0,3.0,0.0,1.0,1.0,0.0,1.0,1.0,0.0,0.0,0.0,0.0
0022501198,1631166,2026-04-12,UTA,7.13,3.0,0.0,2.0,1.0,0.0,1.0,1.0,1.0,1.0,1.0,0.0,0.0
0022501185,1631166,2026-04-10,PHX,6.19,2.0,1.0,0.0,0.0,0.0,0.0,2.0,1.0,0.0,0.0,0.0,0.0
0022501170,1631166,2026-04-09,GSW,8.31,4.0,1.0,2.0,0.0,0.0,2.0,3.0,2.0,1.0,0.0,0.0,0.0
0022501155,1631166,2026-04-07,OKC,26.32,11.0,3.0,2.0,0.0,0.0,3.0,9.0,4.0,4.0,2.0,2.0,1.0
0022501103,1631166,2026-03-31,CLE,1.21,0.0,0.0,0.0,0.0,0.0,0.0,0.0,0.0,0.0,0.0,0.0,0.0
0022501098,1631166,2026-03-30,WAS,5.49,0.0,1.0,1.0,0.0,0.0,0.0,0.0,0.0,0.0,0.0,0.0,0.0
0022500960,1631166,2026-03-12,CHI,3.48,2.0,2.0,0.0,0.0,0.0,0.0,2.0,1.0,1.0,0.0,0.0,0.0
0022500946,1631166,2026-03-10,MIN,2.56,3.0,0.0,0.0,0.0,0.0,0.0,1.0,1.0,1.0,1.0,0.0,0.0
0022500914,1631166,2026-03-06,IND,22.39,4.0,2.0,1.0,0.0,0.0,1.0,2.0,2.0,0.0,0.0,0.0,0.0
0022500791,1631166,2026-02-12,DAL,1.45,0.0,0.0,1.0,0.0,0.0,0.0,0.0,0.0,0.0,0.0,0.0,0.0
0022501133,1631169,2026-04-05,WAS,18.18,15.0,1.0,1.0,2.0,3.0,1.0,11.0,6.0,5.0,1.0,3.0,2.0
0022501122,1631169,2026-04-03,ATL,20.6,10.0,3.0,0.0,1.0,0.0,0.0,7.0,3.0,5.0,2.0,2.0,2.0
0022501100,1631169,2026-03-31,CHA,22.35,14.0,2.0,0.0,1.0,1.0,0.0,12.0,5.0,7.0,1.0,3.0,3.0
0022501075,1631169,2026-03-27,LAL,25.58,18.0,6.0,0.0,1.0,0.0,1.0,12.0,6.0,9.0,4.0,4.0,2.0
0022501060,1631169,2026-03-25,GSW,22.36,8.0,2.0,3.0,2.0,1.0,5.0,5.0,3.0,4.0,2.0,0.0,0.0
0022501045,1631169,2026-03-23,POR,32.44,15.0,5.0,1.0,2.0,0.0,2.0,9.0,5.0,4.0,2.0,4.0,3.0
0022501016,1631169,2026-03-20,NYK,25.47,22.0,5.0,2.0,1.0,2.0,3.0,13.0,8.0,9.0,6.0,0.0,0.0
0022501000,1631169,2026-03-18,OKC,17.03,9.0,1.0,2.0,3.0,0.0,1.0,4.0,2.0,4.0,2.0,3.0,3.0
0022500969,1631169,2026-03-14,PHI,21.57,14.0,2.0,0.0,0.0,1.0,1.0,12.0,4.0,8.0,3.0,3.0,3.0
0022500956,1631169,2026-03-12,ATL,24.18,24.0,3.0,1.0,3.0,3.0,2.0,9.0,6.0,7.0,4.0,10.0,8.0
0022501189,1631170,2026-04-12,ATL,25.4,26.0,1.0,5.0,0.0,0.0,0.0,17.0,12.0,3.0,1.0,2.0,1.0
0022501172,1631170,2026-04-10,WAS,36.09,23.0,4.0,8.0,0.0,0.0,4.0,14.0,10.0,4.0,3.0,0.0,0.0
0022501165,1631170,2026-04-09,TOR,24.07,15.0,2.0,4.0,0.0,0.0,2.0,9.0,6.0,5.0,3.0,0.0,0.0
0022501151,1631170,2026-04-07,TOR,26.21,8.0,6.0,3.0,0.0,0.0,3.0,12.0,4.0,4.0,0.0,0.0,0.0
0022501129,1631170,2026-04-04,WAS,32.02,32.0,3.0,4.0,1.0,0.0,2.0,18.0,12.0,2.0,1.0,7.0,7.0
0022501106,1631170,2026-04-01,BOS,29.46,17.0,10.0,2.0,0.0,1.0,2.0,16.0,7.0,5.0,2.0,1.0,1.0
0022501091,1631170,2026-03-30,PHI,31.41,14.0,6.0,5.0,0.0,0.0,0.0,13.0,5.0,6.0,2.0,2.0,2.0
0022501083,1631170,2026-03-29,IND,25.43,17.0,8.0,2.0,0.0,0.0,1.0,17.0,7.0,5.0,2.0,1.0,1.0
0022501068,1631170,2026-03-27,CLE,21.14,20.0,2.0,3.0,0.0,1.0,3.0,13.0,9.0,5.0,2.0,1.0,0.0
0022501055,1631170,2026-03-25,CLE,19.22,14.0,2.0,5.0,0.0,0.0,1.0,12.0,6.0,5.0,2.0,1.0,0.0
0022501191,1631172,2026-04-12,PHI,40.49,11.0,7.0,8.0,1.0,0.0,6.0,12.0,4.0,6.0,0.0,3.0,3.0
0022501179,1631172,2026-04-10,BKN,37.05,12.0,6.0,12.0,0.0,0.0,4.0,12.0,5.0,4.0,0.0,4.0,2.0
0022501160,1631172,2026-04-08,DET,26.43,17.0,5.0,4.0,0.0,0.0,3.0,13.0,6.0,8.0,4.0,2.0,1.0
0022501150,1631172,2026-04-07,BKN,31.34,10.0,7.0,3.0,1.0,1.0,7.0,12.0,5.0,5.0,0.0,0.0,0.0
0022501135,1631172,2026-04-05,MEM,31.19,17.0,9.0,6.0,0.0,0.0,2.0,15.0,6.0,4.0,1.0,7.0,4.0
0022501126,1631172,2026-04-03,BOS,23.59,9.0,3.0,1.0,0.0,0.0,1.0,15.0,4.0,4.0,1.0,0.0,0.0
0022501110,1631172,2026-04-01,HOU,44.41,36.0,7.0,10.0,1.0,0.0,5.0,31.0,15.0,7.0,1.0,5.0,5.0
0022500652,1631172,2026-03-31,DAL,28.4,11.0,10.0,5.0,1.0,1.0,1.0,10.0,4.0,3.0,1.0,3.0,2.0
0022501082,1631172,2026-03-29,LAC,21.49,7.0,2.0,4.0,1.0,0.0,3.0,8.0,3.0,4.0,0.0,2.0,1.0
0022501076,1631172,2026-03-28,SAS,35.43,12.0,6.0,5.0,4.0,0.0,4.0,14.0,5.0,4.0,1.0,1.0,1.0
0022501003,1631174,2026-04-01,NYK,18.31,10.0,3.0,0.0,0.0,0.0,0.0,7.0,3.0,4.0,2.0,2.0,2.0
0022501093,1631174,2026-03-30,PHX,31.53,17.0,4.0,1.0,1.0,0.0,2.0,13.0,7.0,7.0,3.0,0.0,0.0
0022501079,1631174,2026-03-28,CHI,26.34,18.0,5.0,3.0,1.0,1.0,0.0,15.0,7.0,7.0,3.0,3.0,1.0
0022501069,1631174,2026-03-27,HOU,25.09,5.0,2.0,1.0,1.0,0.0,0.0,10.0,2.0,7.0,1.0,0.0,0.0
0022501056,1631174,2026-03-25,SAS,23.48,6.0,2.0,1.0,2.0,1.0,1.0,7.0,2.0,5.0,2.0,0.0,0.0
0022501037,1631174,2026-03-23,ATL,28.29,20.0,8.0,1.0,1.0,0.0,1.0,11.0,6.0,4.0,1.0,7.0,7.0
0022501023,1631174,2026-03-21,CHA,28.42,10.0,4.0,1.0,0.0,0.0,0.0,8.0,3.0,5.0,2.0,2.0,2.0
0022501019,1631174,2026-03-20,BOS,32.27,23.0,5.0,2.0,0.0,0.0,2.0,13.0,7.0,9.0,5.0,4.0,4.0
0022500651,1631174,2026-03-18,DEN,13.2,5.0,3.0,0.0,2.0,1.0,0.0,4.0,1.0,3.0,0.0,3.0,3.0
0022500987,1631174,2026-03-16,CHI,21.25,8.0,8.0,1.0,2.0,0.0,2.0,6.0,2.0,3.0,1.0,4.0,3.0
0022501186,1631199,2026-04-12,ORL,36.39,27.0,7.0,4.0,3.0,0.0,3.0,20.0,10.0,12.0,5.0,2.0,2.0
0022501174,1631199,2026-04-10,NOP,12.0,7.0,0.0,1.0,1.0,0.0,0.0,7.0,3.0,4.0,1.0,0.0,0.0
0022501132,1631199,2026-04-05,TOR,1.08,0.0,0.0,0.0,0.0,0.0,0.0,0.0,0.0,0.0,0.0,0.0,0.0
0022501126,1631199,2026-04-03,MIL,5.12,0.0,1.0,1.0,1.0,0.0,0.0,2.0,0.0,1.0,0.0,0.0,0.0
0022501085,1631199,2026-03-29,CHA,14.16,7.0,3.0,1.0,1.0,1.0,0.0,3.0,3.0,1.0,1.0,0.0,0.0
0022501035,1631199,2026-03-22,MIN,1.45,0.0,1.0,0.0,0.0,0.0,0.0,1.0,0.0,0.0,0.0,0.0,0.0
0022501019,1631199,2026-03-20,MEM,0.07,0.0,0.0,0.0,0.0,0.0,0.0,0.0,0.0,0.0,0.0,0.0,0.0
0022500999,1631199,2026-03-18,GSW,6.43,0.0,1.0,0.0,0.0,0.0,0.0,2.0,0.0,1.0,0.0,0.0,0.0
0022500971,1631199,2026-03-14,WAS,1.33,0.0,0.0,0.0,0.0,0.0,1.0,0.0,0.0,0.0,0.0,0.0,0.0
0022500959,1631199,2026-03-12,OKC,12.12,5.0,1.0,1.0,1.0,0.0,0.0,4.0,2.0,3.0,1.0,0.0,0.0
0022501200,1631200,2026-04-12,SAC,30.13,9.0,4.0,3.0,3.0,0.0,0.0,4.0,3.0,2.0,2.0,2.0,1.0
0022501183,1631200,2026-04-10,LAC,20.21,10.0,7.0,2.0,1.0,0.0,2.0,5.0,4.0,2.0,1.0,2.0,1.0
0022501161,1631200,2026-04-08,SAS,12.22,2.0,0.0,0.0,0.0,0.0,0.0,2.0,1.0,1.0,0.0,0.0,0.0
0022501147,1631200,2026-04-06,DEN,21.47,1.0,1.0,2.0,0.0,0.0,2.0,0.0,0.0,0.0,0.0,2.0,1.0
0022501118,1631200,2026-04-02,NOP,20.09,3.0,3.0,1.0,1.0,3.0,2.0,2.0,1.0,1.0,0.0,2.0,1.0
0022501104,1631200,2026-03-31,LAC,31.09,7.0,7.0,6.0,0.0,0.0,0.0,9.0,3.0,4.0,0.0,1.0,1.0
0022501087,1631200,2026-03-29,WAS,30.59,9.0,2.0,2.0,0.0,0.0,1.0,8.0,4.0,5.0,1.0,0.0,0.0
0022501074,1631200,2026-03-27,DAL,11.52,0.0,0.0,0.0,0.0,0.0,2.0,0.0,0.0,0.0,0.0,0.0,0.0
0022501061,1631200,2026-03-25,MIL,21.29,5.0,3.0,2.0,0.0,0.0,1.0,2.0,2.0,1.0,1.0,0.0,0.0
0022501045,1631200,2026-03-23,BKN,30.3,16.0,5.0,5.0,0.0,0.0,0.0,9.0,6.0,4.0,2.0,2.0,2.0
0022501188,1631204,2026-04-12,IND,7.02,3.0,0.0,0.0,0.0,0.0,0.0,4.0,1.0,3.0,1.0,0.0,0.0
0022501171,1631204,2026-04-10,CHA,1.48,0.0,1.0,1.0,0.0,1.0,0.0,1.0,0.0,1.0,0.0,0.0,0.0
0022501160,1631204,2026-04-08,MIL,5.05,0.0,0.0,0.0,0.0,0.0,0.0,2.0,0.0,2.0,0.0,0.0,0.0
0022501144,1631204,2026-04-06,ORL,18.14,5.0,2.0,4.0,0.0,0.0,2.0,8.0,2.0,3.0,1.0,0.0,0.0
0022501131,1631204,2026-04-04,PHI,11.08,5.0,2.0,1.0,0.0,0.0,0.0,4.0,2.0,1.0,1.0,0.0,0.0
0022501115,1631204,2026-04-02,MIN,8.24,2.0,0.0,1.0,0.0,0.0,0.0,3.0,0.0,1.0,0.0,2.0,2.0
0022501101,1631204,2026-03-31,TOR,7.4,8.0,0.0,1.0,0.0,0.0,1.0,4.0,3.0,2.0,2.0,0.0,0.0
0022501097,1631204,2026-03-30,OKC,18.18,12.0,1.0,4.0,0.0,1.0,2.0,9.0,4.0,6.0,4.0,2.0,0.0
0022501080,1631204,2026-03-28,MIN,10.37,0.0,1.0,4.0,0.0,0.0,1.0,0.0,0.0,0.0,0.0,0.0,0.0
0022501064,1631204,2026-03-26,NOP,16.11,7.0,2.0,1.0,0.0,0.0,2.0,11.0,3.0,4.0,1.0,0.0,0.0
0022500842,1631205,2026-02-25,DET,0.32,0.0,0.0,0.0,0.0,0.0,0.0,0.0,0.0,0.0,0.0,0.0,0.0
0022500808,1631205,2026-02-20,BKN,2.03,0.0,0.0,0.0,0.0,0.0,0.0,0.0,0.0,0.0,0.0,0.0,0.0
0022500789,1631205,2026-02-12,MIL,4.36,3.0,0.0,0.0,0.0,0.0,0.0,2.0,1.0,2.0,1.0,0.0,0.0
0022500785,1631205,2026-02-11,PHX,7.49,3.0,0.0,0.0,0.0,0.0,0.0,4.0,1.0,4.0,1.0,0.0,0.0
0022501191,1631207,2026-04-12,MIL,4.13,2.0,2.0,0.0,0.0,0.0,0.0,1.0,1.0,0.0,0.0,1.0,0.0
0022501053,1631207,2026-03-25,CHI,6.07,7.0,0.0,2.0,1.0,0.0,0.0,4.0,3.0,1.0,0.0,2.0,1.0
0022501040,1631207,2026-03-23,OKC,18.15,7.0,2.0,1.0,2.0,0.0,1.0,7.0,3.0,3.0,1.0,0.0,0.0
0022501030,1631207,2026-03-21,UTA,7.47,0.0,3.0,1.0,0.0,0.0,1.0,1.0,0.0,1.0,0.0,0.0,0.0
0022501015,1631207,2026-03-19,SAC,4.01,0.0,0.0,0.0,0.0,0.0,0.0,2.0,0.0,1.0,0.0,0.0,0.0
0022500997,1631207,2026-03-17,DEN,18.12,8.0,0.0,3.0,0.0,0.0,0.0,7.0,4.0,1.0,0.0,0.0,0.0
0022500969,1631207,2026-03-14,BKN,19.48,3.0,2.0,2.0,0.0,1.0,0.0,4.0,1.0,1.0,0.0,2.0,1.0
0022500953,1631207,2026-03-12,DET,22.4,8.0,3.0,2.0,0.0,2.0,1.0,6.0,3.0,1.0,0.0,3.0,2.0
0022500936,1631207,2026-03-10,MEM,21.58,5.0,2.0,4.0,0.0,0.0,0.0,3.0,2.0,2.0,1.0,0.0,0.0
0022500931,1631207,2026-03-09,CLE,19.09,9.0,3.0,4.0,1.0,1.0,1.0,7.0,4.0,4.0,1.0,1.0,0.0
0022500057,1631210,2025-11-25,WAS,6.39,2.0,0.0,0.0,0.0,0.0,0.0,2.0,1.0,0.0,0.0,0.0,0.0
0022500270,1631210,2025-11-22,NOP,1.02,0.0,0.0,1.0,0.0,1.0,0.0,0.0,0.0,0.0,0.0,0.0,0.0
0022500185,1631210,2025-11-08,LAL,3.04,4.0,1.0,0.0,0.0,0.0,0.0,2.0,2.0,0.0,0.0,0.0,0.0
0022500020,1631210,2025-10-31,IND,1.21,0.0,0.0,0.0,0.0,0.0,0.0,0.0,0.0,0.0,0.0,0.0,0.0
0022500101,1631210,2025-10-25,OKC,4.46,2.0,0.0,0.0,0.0,0.0,0.0,2.0,1.0,0.0,0.0,0.0,0.0
0022501189,1631211,2026-04-12,ATL,2.48,2.0,0.0,0.0,1.0,0.0,0.0,3.0,1.0,1.0,0.0,0.0,0.0
0022501172,1631211,2026-04-10,WAS,1.21,0.0,0.0,0.0,0.0,0.0,0.0,0.0,0.0,0.0,0.0,0.0,0.0
0022501165,1631211,2026-04-09,TOR,3.09,6.0,0.0,0.0,0.0,0.0,0.0,4.0,2.0,4.0,2.0,0.0,0.0
0022501151,1631211,2026-04-07,TOR,2.47,0.0,0.0,0.0,0.0,0.0,0.0,1.0,0.0,1.0,0.0,0.0,0.0
0022500938,1631211,2026-03-10,WAS,1.08,0.0,0.0,0.0,0.0,0.0,0.0,1.0,0.0,0.0,0.0,0.0,0.0
0022500923,1631211,2026-03-08,DET,0.49,0.0,1.0,0.0,0.0,0.0,0.0,1.0,0.0,1.0,0.0,0.0,0.0
0022500901,1631211,2026-03-05,BKN,0.26,0.0,0.0,0.0,0.0,0.0,0.0,0.0,0.0,0.0,0.0,0.0,0.0
0022500813,1631211,2026-02-21,MEM,2.29,0.0,1.0,0.0,0.0,0.0,0.0,2.0,0.0,2.0,0.0,0.0,0.0
0022501112,1631212,2026-04-01,UTA,9.23,6.0,3.0,0.0,0.0,0.0,1.0,5.0,3.0,2.0,0.0,0.0,0.0
0022501090,1631212,2026-03-29,GSW,22.16,10.0,6.0,5.0,0.0,1.0,2.0,11.0,3.0,5.0,2.0,2.0,2.0
0022501072,1631212,2026-03-27,UTA,20.58,7.0,5.0,4.0,0.0,2.0,4.0,10.0,2.0,2.0,1.0,3.0,2.0
0022501059,1631212,2026-03-25,DAL,23.18,21.0,4.0,3.0,0.0,0.0,0.0,10.0,7.0,3.0,2.0,6.0,5.0
0022501032,1631212,2026-03-22,POR,19.56,14.0,6.0,3.0,0.0,0.0,0.0,13.0,6.0,5.0,1.0,2.0,1.0
0022500726,1631212,2026-02-04,NYK,33.16,10.0,5.0,2.0,1.0,1.0,1.0,13.0,4.0,6.0,1.0,2.0,1.0
0022500716,1631212,2026-02-03,DET,37.47,17.0,3.0,2.0,2.0,3.0,3.0,11.0,4.0,1.0,0.0,11.0,9.0
0022500711,1631212,2026-02-01,OKC,37.23,29.0,5.0,3.0,1.0,1.0,4.0,17.0,11.0,7.0,5.0,4.0,2.0
0022500695,1631212,2026-01-30,LAC,35.18,21.0,4.0,3.0,0.0,0.0,3.0,17.0,9.0,5.0,2.0,2.0,1.0
0022500684,1631212,2026-01-29,BKN,34.12,19.0,2.0,3.0,0.0,2.0,0.0,15.0,7.0,3.0,2.0,6.0,3.0
0022501191,1631213,2026-04-12,MIL,1.29,0.0,0.0,0.0,0.0,0.0,0.0,0.0,0.0,0.0,0.0,0.0,0.0
0022501040,1631213,2026-03-23,OKC,3.47,2.0,1.0,0.0,0.0,0.0,0.0,1.0,1.0,0.0,0.0,0.0,0.0
0022500980,1631213,2026-03-15,POR,4.55,0.0,2.0,0.0,0.0,0.0,0.0,1.0,0.0,1.0,0.0,0.0,0.0
0022500953,1631213,2026-03-12,DET,8.43,2.0,1.0,1.0,2.0,0.0,0.0,1.0,1.0,0.0,0.0,0.0,0.0
0022500931,1631213,2026-03-09,CLE,17.11,4.0,2.0,1.0,1.0,1.0,3.0,6.0,2.0,3.0,0.0,2.0,0.0
0022500895,1631213,2026-03-04,UTA,18.53,8.0,2.0,2.0,0.0,0.0,4.0,7.0,3.0,6.0,2.0,0.0,0.0
0022500888,1631213,2026-03-03,SAS,19.29,2.0,2.0,4.0,0.0,1.0,0.0,4.0,1.0,2.0,0.0,0.0,0.0
0022500824,1631213,2026-02-22,MIN,3.53,2.0,0.0,1.0,0.0,0.0,0.0,1.0,1.0,0.0,0.0,0.0,0.0
0022500812,1631213,2026-02-21,NOP,2.17,0.0,0.0,0.0,0.0,0.0,0.0,1.0,0.0,1.0,0.0,0.0,0.0
0022500704,1631213,2026-02-01,DET,8.24,0.0,1.0,0.0,0.0,0.0,1.0,2.0,0.0,2.0,0.0,0.0,0.0
0022500832,1631214,2026-02-24,ATL,9.18,5.0,3.0,0.0,1.0,0.0,1.0,5.0,2.0,3.0,0.0,1.0,1.0
0022500822,1631214,2026-02-22,CHA,34.17,8.0,7.0,3.0,1.0,0.0,2.0,5.0,3.0,3.0,2.0,0.0,0.0
0022500803,1631214,2026-02-20,IND,29.28,25.0,10.0,4.0,1.0,2.0,1.0,11.0,9.0,4.0,2.0,5.0,5.0
0022500795,1631214,2026-02-19,IND,27.44,6.0,5.0,5.0,0.0,1.0,1.0,5.0,2.0,4.0,1.0,2.0,1.0
0022501122,1631216,2026-04-03,BKN,4.02,2.0,1.0,1.0,0.0,0.0,0.0,1.0,1.0,0.0,0.0,0.0,0.0
0022501107,1631216,2026-04-01,ORL,2.49,9.0,3.0,0.0,0.0,0.0,0.0,3.0,3.0,3.0,3.0,0.0,0.0
0022501037,1631216,2026-03-23,MEM,6.38,6.0,0.0,1.0,1.0,0.0,0.0,5.0,2.0,5.0,2.0,0.0,0.0
0022501018,1631216,2026-03-20,HOU,3.18,2.0,1.0,0.0,0.0,0.0,0.0,1.0,1.0,0.0,0.0,0.0,0.0
0022501006,1631216,2026-03-18,DAL,2.01,0.0,0.0,0.0,0.0,0.0,0.0,1.0,0.0,1.0,0.0,0.0,0.0
0022500970,1631216,2026-03-14,MIL,2.55,0.0,0.0,0.0,0.0,0.0,0.0,0.0,0.0,0.0,0.0,0.0,0.0
0022500897,1631216,2026-03-04,MIL,1.33,0.0,0.0,0.0,0.0,0.0,0.0,0.0,0.0,0.0,0.0,0.0,0.0
0022500873,1631216,2026-03-01,POR,2.53,0.0,1.0,0.0,0.0,0.0,0.0,0.0,0.0,0.0,0.0,0.0,0.0
0022500594,1631216,2026-01-17,BOS,4.55,3.0,0.0,0.0,0.0,0.0,0.0,1.0,1.0,1.0,1.0,0.0,0.0
0022500488,1631216,2026-01-03,TOR,1.33,0.0,0.0,0.0,0.0,0.0,0.0,1.0,0.0,1.0,0.0,0.0,0.0
0022501190,1631217,2026-04-12,NYK,26.03,4.0,9.0,3.0,0.0,2.0,0.0,3.0,2.0,0.0,0.0,0.0,0.0
0022501171,1631217,2026-04-10,DET,24.41,8.0,6.0,2.0,0.0,2.0,1.0,4.0,3.0,0.0,0.0,4.0,2.0
0022501149,1631217,2026-04-07,BOS,32.53,2.0,5.0,5.0,1.0,0.0,2.0,3.0,1.0,0.0,0.0,0.0,0.0
0022501137,1631217,2026-04-05,MIN,24.08,8.0,9.0,4.0,1.0,1.0,1.0,4.0,3.0,0.0,0.0,2.0,2.0
0022501114,1631217,2026-04-02,PHX,24.4,4.0,10.0,1.0,1.0,0.0,1.0,2.0,2.0,0.0,0.0,0.0,0.0
0022501100,1631217,2026-03-31,BKN,27.14,10.0,12.0,1.0,0.0,0.0,2.0,6.0,4.0,0.0,0.0,2.0,2.0
0022501085,1631217,2026-03-29,BOS,24.49,4.0,6.0,0.0,0.0,0.0,0.0,2.0,2.0,0.0,0.0,2.0,0.0
0022501077,1631217,2026-03-28,PHI,24.4,10.0,11.0,2.0,1.0,0.0,1.0,7.0,4.0,0.0,0.0,3.0,2.0
0022501063,1631217,2026-03-26,NYK,30.17,2.0,5.0,3.0,4.0,1.0,1.0,2.0,1.0,0.0,0.0,2.0,0.0
0022501047,1631217,2026-03-24,SAC,24.08,17.0,11.0,2.0,1.0,2.0,1.0,7.0,6.0,0.0,0.0,7.0,5.0
0022501192,1631218,2026-04-12,BKN,5.18,4.0,4.0,0.0,0.0,1.0,0.0,3.0,2.0,0.0,0.0,0.0,0.0
0022501151,1631218,2026-04-07,MIA,2.47,0.0,0.0,0.0,0.0,0.0,0.0,0.0,0.0,0.0,0.0,0.0,0.0
0022501132,1631218,2026-04-05,BOS,1.08,0.0,0.0,0.0,0.0,0.0,0.0,0.0,0.0,0.0,0.0,0.0,0.0
0022501125,1631218,2026-04-03,MEM,5.4,4.0,2.0,0.0,0.0,0.0,0.0,1.0,1.0,0.0,0.0,4.0,2.0
0022501086,1631218,2026-03-29,ORL,10.38,4.0,1.0,2.0,1.0,1.0,1.0,3.0,2.0,0.0,0.0,0.0,0.0
0022501062,1631218,2026-03-25,LAC,3.45,2.0,0.0,0.0,0.0,0.0,0.0,2.0,1.0,0.0,0.0,0.0,0.0
0022501043,1631218,2026-03-23,UTA,6.46,0.0,1.0,0.0,0.0,1.0,1.0,0.0,0.0,0.0,0.0,4.0,0.0
0022501036,1631218,2026-03-22,PHX,5.56,1.0,1.0,1.0,1.0,0.0,1.0,1.0,0.0,0.0,0.0,2.0,1.0
0022501002,1631218,2026-03-18,CHI,4.51,2.0,1.0,0.0,0.0,0.0,0.0,1.0,1.0,0.0,0.0,0.0,0.0
0022500948,1631218,2026-03-11,NOP,3.13,0.0,4.0,2.0,0.0,0.0,0.0,3.0,0.0,0.0,0.0,2.0,0.0
0022501185,1631221,2026-04-10,LAL,15.59,5.0,5.0,3.0,0.0,0.0,0.0,6.0,2.0,4.0,1.0,0.0,0.0
0022501164,1631221,2026-04-08,DAL,33.5,13.0,7.0,2.0,1.0,0.0,2.0,12.0,5.0,7.0,1.0,2.0,2.0
0022501157,1631221,2026-04-07,HOU,17.02,0.0,1.0,0.0,2.0,0.0,2.0,2.0,0.0,2.0,0.0,0.0,0.0
0022501134,1631221,2026-04-05,CHI,24.1,9.0,3.0,3.0,1.0,1.0,0.0,11.0,3.0,8.0,3.0,0.0,0.0
0022501114,1631221,2026-04-02,CHA,23.44,6.0,3.0,3.0,0.0,0.0,1.0,7.0,2.0,7.0,2.0,0.0,0.0
0022501099,1631221,2026-03-31,ORL,27.26,11.0,2.0,3.0,2.0,0.0,2.0,8.0,4.0,6.0,2.0,1.0,1.0
0022501093,1631221,2026-03-30,MEM,32.13,11.0,5.0,10.0,0.0,0.0,2.0,16.0,4.0,11.0,3.0,0.0,0.0
0022501081,1631221,2026-03-28,UTA,27.27,0.0,3.0,7.0,1.0,1.0,1.0,8.0,0.0,8.0,0.0,0.0,0.0
0022501050,1631221,2026-03-24,DEN,27.18,11.0,3.0,1.0,1.0,0.0,0.0,11.0,4.0,7.0,2.0,1.0,1.0
0022501036,1631221,2026-03-22,TOR,21.3,16.0,4.0,3.0,1.0,0.0,3.0,9.0,6.0,6.0,4.0,0.0,0.0
0022501198,1631222,2026-04-12,UTA,24.48,2.0,4.0,3.0,2.0,1.0,0.0,3.0,1.0,1.0,0.0,0.0,0.0
0022501185,1631222,2026-04-10,PHX,30.34,2.0,3.0,1.0,2.0,0.0,1.0,1.0,1.0,0.0,0.0,0.0,0.0
0022501170,1631222,2026-04-09,GSW,30.43,16.0,7.0,4.0,3.0,1.0,3.0,7.0,6.0,5.0,4.0,0.0,0.0
0022501155,1631222,2026-04-07,OKC,19.51,2.0,7.0,1.0,2.0,1.0,2.0,7.0,1.0,4.0,0.0,2.0,0.0
0022501140,1631222,2026-04-05,DAL,35.43,14.0,5.0,1.0,2.0,0.0,2.0,11.0,3.0,5.0,1.0,8.0,7.0
0022501116,1631222,2026-04-02,OKC,32.3,6.0,8.0,2.0,0.0,2.0,1.0,10.0,3.0,2.0,0.0,0.0,0.0
0022501103,1631222,2026-03-31,CLE,38.06,14.0,7.0,0.0,1.0,0.0,1.0,5.0,5.0,2.0,2.0,2.0,2.0
0022501098,1631222,2026-03-30,WAS,27.54,4.0,3.0,2.0,3.0,1.0,0.0,3.0,2.0,0.0,0.0,0.0,0.0
0022501075,1631222,2026-03-27,BKN,17.57,0.0,2.0,0.0,1.0,0.0,2.0,2.0,0.0,2.0,0.0,0.0,0.0
0022501052,1631222,2026-03-25,IND,28.37,6.0,5.0,1.0,4.0,1.0,3.0,3.0,3.0,0.0,0.0,0.0,0.0
0022501197,1631223,2026-04-12,SAS,33.28,15.0,13.0,2.0,1.0,0.0,0.0,13.0,6.0,1.0,0.0,3.0,3.0
0022501182,1631223,2026-04-10,OKC,25.4,21.0,2.0,0.0,2.0,1.0,2.0,12.0,8.0,6.0,3.0,2.0,2.0
0022501112,1631223,2026-04-01,UTA,1.39,2.0,1.0,0.0,0.0,0.0,0.0,2.0,1.0,1.0,0.0,0.0,0.0
0022500950,1631223,2026-03-11,HOU,5.51,2.0,4.0,1.0,0.0,0.0,0.0,1.0,0.0,1.0,0.0,2.0,2.0
0022500911,1631223,2026-03-06,NYK,6.23,0.0,0.0,1.0,1.0,0.0,0.0,2.0,0.0,2.0,0.0,0.0,0.0
0022501191,1631230,2026-04-12,MIL,19.5,7.0,3.0,2.0,2.0,0.0,1.0,2.0,2.0,0.0,0.0,4.0,3.0
0022501175,1631230,2026-04-10,IND,16.14,2.0,3.0,0.0,1.0,0.0,0.0,5.0,1.0,1.0,0.0,0.0,0.0
0022501169,1631230,2026-04-09,HOU,26.45,2.0,8.0,0.0,2.0,4.0,0.0,5.0,1.0,0.0,0.0,0.0,0.0
0022501146,1631230,2026-04-06,SAS,15.59,6.0,8.0,0.0,2.0,0.0,0.0,3.0,2.0,0.0,0.0,2.0,2.0
0022501131,1631230,2026-04-04,DET,29.0,8.0,2.0,2.0,0.0,1.0,2.0,6.0,3.0,1.0,0.0,2.0,2.0
0022501121,1631230,2026-04-03,MIN,25.46,7.0,10.0,1.0,0.0,3.0,0.0,5.0,3.0,1.0,0.0,2.0,1.0
0022501105,1631230,2026-04-01,WAS,21.54,6.0,3.0,2.0,0.0,0.0,1.0,3.0,3.0,0.0,0.0,0.0,0.0
0022501091,1631230,2026-03-30,MIA,19.44,4.0,4.0,0.0,0.0,1.0,0.0,2.0,2.0,0.0,0.0,0.0,0.0
0022501077,1631230,2026-03-28,CHA,15.24,3.0,2.0,0.0,0.0,0.0,0.0,1.0,1.0,0.0,0.0,2.0,1.0
0022501053,1631230,2026-03-25,CHI,25.3,9.0,5.0,5.0,0.0,2.0,0.0,5.0,3.0,0.0,0.0,4.0,3.0
0022501173,1631243,2026-04-10,CLE,12.06,5.0,3.0,1.0,0.0,1.0,0.0,4.0,2.0,3.0,1.0,0.0,0.0
0022501158,1631243,2026-04-08,CLE,16.26,3.0,5.0,1.0,1.0,2.0,0.0,3.0,1.0,2.0,1.0,0.0,0.0
0022501143,1631243,2026-04-06,NYK,7.44,0.0,1.0,0.0,0.0,0.0,0.0,1.0,0.0,1.0,0.0,0.0,0.0
0022501122,1631243,2026-04-03,BKN,17.22,5.0,4.0,1.0,1.0,0.0,0.0,3.0,2.0,0.0,0.0,1.0,1.0
0022501107,1631243,2026-04-01,ORL,10.46,0.0,2.0,2.0,1.0,0.0,0.0,3.0,0.0,3.0,0.0,0.0,0.0
0022501092,1631243,2026-03-30,BOS,11.42,2.0,4.0,1.0,0.0,0.0,0.0,3.0,1.0,1.0,0.0,0.0,0.0
0022501078,1631243,2026-03-28,SAC,31.37,10.0,7.0,2.0,0.0,0.0,0.0,8.0,4.0,3.0,2.0,0.0,0.0
0022501067,1631243,2026-03-27,BOS,10.17,3.0,1.0,0.0,1.0,1.0,0.0,3.0,1.0,2.0,1.0,0.0,0.0
0022501051,1631243,2026-03-25,DET,0.55,0.0,0.0,0.0,0.0,0.0,0.0,0.0,0.0,0.0,0.0,0.0,0.0
0022501037,1631243,2026-03-23,MEM,22.22,3.0,4.0,3.0,2.0,0.0,1.0,4.0,1.0,4.0,1.0,0.0,0.0
0022501188,1631245,2026-04-12,DET,29.42,21.0,0.0,8.0,3.0,0.0,1.0,15.0,7.0,4.0,1.0,6.0,6.0
0022501175,1631245,2026-04-10,PHI,26.51,16.0,4.0,6.0,1.0,0.0,2.0,15.0,6.0,8.0,2.0,3.0,2.0
0022501167,1631245,2026-04-09,BKN,26.16,12.0,6.0,7.0,0.0,0.0,2.0,11.0,5.0,1.0,0.0,2.0,2.0
0022501152,1631245,2026-04-07,MIN,24.53,9.0,1.0,4.0,1.0,0.0,1.0,7.0,2.0,1.0,0.0,6.0,5.0
0022501136,1631245,2026-04-05,CLE,28.53,15.0,5.0,4.0,2.0,0.0,3.0,14.0,5.0,4.0,1.0,5.0,4.0
0022501120,1631245,2026-04-03,CHA,25.14,16.0,3.0,5.0,1.0,0.0,1.0,8.0,6.0,3.0,2.0,3.0,2.0
0022501109,1631245,2026-04-01,CHI,16.55,8.0,3.0,6.0,1.0,0.0,1.0,6.0,3.0,2.0,0.0,2.0,2.0
0022501083,1631245,2026-03-29,MIA,20.15,10.0,3.0,1.0,0.0,0.0,2.0,6.0,5.0,0.0,0.0,0.0,0.0
0022501066,1631245,2026-03-27,LAC,13.08,7.0,2.0,3.0,0.0,0.0,2.0,5.0,3.0,1.0,1.0,0.0,0.0
0022501052,1631245,2026-03-25,LAL,7.07,0.0,0.0,1.0,0.0,0.0,0.0,1.0,0.0,0.0,0.0,0.0,0.0
0022500830,1631246,2026-02-23,HOU,7.48,1.0,3.0,1.0,1.0,0.0,1.0,4.0,0.0,4.0,0.0,2.0,1.0
0022500804,1631246,2026-02-20,MEM,22.5,7.0,3.0,4.0,0.0,0.0,2.0,7.0,2.0,4.0,2.0,2.0,1.0
0022500790,1631246,2026-02-12,POR,7.09,6.0,3.0,0.0,0.0,0.0,1.0,5.0,3.0,1.0,0.0,0.0,0.0
0022500786,1631246,2026-02-11,SAC,21.22,9.0,8.0,3.0,0.0,1.0,1.0,6.0,3.0,5.0,3.0,0.0,0.0
0022500763,1631246,2026-02-09,MIA,15.06,5.0,2.0,7.0,1.0,0.0,2.0,5.0,2.0,3.0,1.0,0.0,0.0
0022500750,1631246,2026-02-07,ORL,9.15,0.0,0.0,1.0,0.0,1.0,0.0,1.0,0.0,1.0,0.0,0.0,0.0
0022500714,1631246,2026-02-02,MIN,22.3,16.0,1.0,5.0,2.0,0.0,0.0,7.0,4.0,6.0,4.0,6.0,4.0
0022500700,1631246,2026-01-31,MIN,22.37,8.0,4.0,0.0,0.0,0.0,1.0,6.0,3.0,3.0,1.0,2.0,1.0
0022500691,1631246,2026-01-30,NOP,24.57,13.0,3.0,3.0,2.0,0.0,5.0,10.0,4.0,7.0,2.0,3.0,3.0
0022500676,1631246,2026-01-28,CHA,20.0,10.0,5.0,4.0,0.0,1.0,0.0,9.0,4.0,6.0,2.0,0.0,0.0
0022500384,1631247,2025-12-19,CHI,5.39,4.0,3.0,0.0,1.0,0.0,1.0,2.0,2.0,0.0,0.0,0.0,0.0
0022500352,1631247,2025-12-06,GSW,5.18,2.0,2.0,0.0,0.0,0.0,0.0,3.0,1.0,1.0,0.0,0.0,0.0
0022500341,1631247,2025-12-05,SAS,10.3,2.0,1.0,2.0,0.0,0.0,1.0,3.0,1.0,2.0,0.0,0.0,0.0
0022500310,1631247,2025-12-01,IND,8.43,2.0,3.0,1.0,0.0,0.0,0.0,3.0,1.0,1.0,0.0,0.0,0.0
0022500284,1631247,2025-11-24,TOR,11.02,5.0,2.0,1.0,1.0,0.0,0.0,6.0,1.0,3.0,0.0,3.0,3.0
0022500278,1631247,2025-11-23,LAC,14.55,3.0,2.0,1.0,2.0,0.0,0.0,3.0,1.0,3.0,1.0,0.0,0.0
0022500225,1631247,2025-11-13,TOR,2.14,0.0,0.0,0.0,1.0,0.0,0.0,0.0,0.0,0.0,0.0,0.0,0.0
0022500217,1631247,2025-11-12,MIA,12.06,4.0,4.0,0.0,1.0,2.0,0.0,5.0,1.0,3.0,0.0,2.0,2.0
0022500029,1631247,2025-11-07,WAS,8.31,4.0,2.0,2.0,1.0,1.0,0.0,3.0,1.0,0.0,0.0,2.0,2.0
0022500022,1631247,2025-10-31,TOR,14.32,2.0,5.0,2.0,0.0,1.0,1.0,5.0,0.0,2.0,0.0,2.0,2.0
0022501186,1631248,2026-04-12,ORL,38.48,30.0,7.0,7.0,2.0,1.0,3.0,20.0,8.0,14.0,6.0,8.0,8.0
0022501174,1631248,2026-04-10,NOP,24.57,9.0,2.0,2.0,0.0,0.0,1.0,6.0,3.0,5.0,2.0,1.0,1.0
0022501168,1631248,2026-04-09,NYK,30.21,20.0,4.0,0.0,0.0,0.0,0.0,8.0,7.0,7.0,6.0,0.0,0.0
0022501149,1631248,2026-04-07,CHA,9.05,3.0,2.0,1.0,0.0,0.0,0.0,2.0,1.0,2.0,1.0,0.0,0.0
0022501132,1631248,2026-04-05,TOR,16.47,5.0,5.0,0.0,0.0,0.0,0.0,8.0,2.0,5.0,1.0,0.0,0.0
0022501126,1631248,2026-04-03,MIL,22.44,2.0,2.0,3.0,1.0,0.0,1.0,3.0,1.0,2.0,0.0,0.0,0.0
0022501106,1631248,2026-04-01,MIA,17.48,8.0,2.0,4.0,1.0,0.0,1.0,4.0,3.0,2.0,2.0,0.0,0.0
0022501092,1631248,2026-03-30,ATL,25.42,3.0,2.0,2.0,1.0,0.0,1.0,4.0,1.0,4.0,1.0,0.0,0.0
0022501085,1631248,2026-03-29,CHA,28.22,14.0,1.0,3.0,0.0,0.0,2.0,11.0,4.0,7.0,3.0,4.0,3.0
0022501067,1631248,2026-03-27,ATL,28.09,3.0,6.0,2.0,0.0,0.0,1.0,3.0,1.0,3.0,1.0,0.0,0.0
0022501160,1631250,2026-04-08,DET,17.6,0.0,2.0,0.0,0.0,0.0,0.0,4.0,0.0,3.0,0.0,0.0,0.0
0022501150,1631250,2026-04-07,BKN,26.25,8.0,2.0,6.0,2.0,1.0,1.0,8.0,3.0,4.0,1.0,2.0,1.0
0022501135,1631250,2026-04-05,MEM,23.2,5.0,4.0,4.0,0.0,0.0,1.0,4.0,2.0,1.0,0.0,2.0,1.0
0022501126,1631250,2026-04-03,BOS,33.21,14.0,10.0,1.0,0.0,0.0,0.0,11.0,5.0,9.0,4.0,0.0,0.0
0022501110,1631250,2026-04-01,HOU,39.52,23.0,3.0,0.0,0.0,1.0,2.0,13.0,9.0,9.0,5.0,0.0,0.0
0022500652,1631250,2026-03-31,DAL,15.57,11.0,6.0,3.0,1.0,2.0,2.0,7.0,4.0,5.0,2.0,1.0,1.0
0022501082,1631250,2026-03-29,LAC,38.33,5.0,3.0,1.0,2.0,0.0,2.0,9.0,2.0,6.0,1.0,0.0,0.0
0022501076,1631250,2026-03-28,SAS,30.11,5.0,5.0,3.0,0.0,0.0,0.0,3.0,2.0,2.0,1.0,0.0,0.0
0022501061,1631250,2026-03-25,POR,31.18,6.0,4.0,2.0,0.0,1.0,1.0,6.0,2.0,5.0,1.0,2.0,1.0
0022501046,1631250,2026-03-23,LAC,31.25,11.0,6.0,2.0,0.0,1.0,0.0,12.0,5.0,4.0,1.0,0.0,0.0
0022501088,1631255,2026-03-29,HOU,16.57,2.0,3.0,0.0,0.0,1.0,1.0,4.0,1.0,3.0,0.0,0.0,0.0
0022501071,1631255,2026-03-27,TOR,16.42,4.0,6.0,0.0,0.0,1.0,2.0,4.0,2.0,1.0,0.0,0.0,0.0
0022501064,1631255,2026-03-26,DET,15.04,8.0,3.0,1.0,1.0,1.0,0.0,8.0,4.0,3.0,0.0,2.0,0.0
0022501048,1631255,2026-03-24,NYK,22.33,12.0,3.0,1.0,0.0,0.0,0.0,6.0,5.0,2.0,2.0,0.0,0.0
0022501025,1631255,2026-03-21,CLE,12.1,6.0,1.0,0.0,2.0,1.0,0.0,4.0,3.0,1.0,0.0,0.0,0.0
0022501012,1631255,2026-03-19,LAC,23.07,3.0,5.0,0.0,1.0,1.0,1.0,6.0,0.0,4.0,0.0,4.0,3.0
0022501005,1631255,2026-03-18,LAC,25.15,9.0,8.0,0.0,0.0,1.0,1.0,8.0,4.0,3.0,1.0,0.0,0.0
0022500988,1631255,2026-03-16,DAL,19.5,13.0,10.0,1.0,1.0,0.0,0.0,7.0,5.0,2.0,2.0,1.0,1.0
0022500964,1631255,2026-03-13,HOU,21.55,8.0,4.0,2.0,0.0,2.0,0.0,3.0,3.0,2.0,2.0,0.0,0.0
0022500948,1631255,2026-03-11,TOR,13.27,4.0,3.0,0.0,1.0,0.0,0.0,1.0,1.0,0.0,0.0,2.0,2.0
0022501191,1631260,2026-04-12,PHI,36.18,19.0,5.0,1.0,1.0,0.0,3.0,16.0,7.0,14.0,5.0,0.0,0.0
0022501179,1631260,2026-04-10,BKN,41.04,35.0,5.0,4.0,2.0,0.0,0.0,18.0,11.0,16.0,11.0,2.0,2.0
0022501160,1631260,2026-04-08,DET,30.09,13.0,4.0,2.0,0.0,0.0,0.0,9.0,4.0,8.0,4.0,1.0,1.0
0022501150,1631260,2026-04-07,BKN,38.37,20.0,6.0,1.0,1.0,0.0,1.0,13.0,6.0,12.0,6.0,2.0,2.0
0022501135,1631260,2026-04-05,MEM,26.32,6.0,1.0,1.0,0.0,1.0,4.0,7.0,2.0,7.0,2.0,0.0,0.0
0022501126,1631260,2026-04-03,BOS,30.52,15.0,1.0,5.0,1.0,0.0,3.0,9.0,5.0,9.0,5.0,0.0,0.0
0022501110,1631260,2026-04-01,HOU,46.29,15.0,8.0,2.0,0.0,0.0,2.0,15.0,5.0,13.0,5.0,0.0,0.0
0022500652,1631260,2026-03-31,DAL,27.42,17.0,6.0,2.0,0.0,0.0,3.0,8.0,4.0,6.0,4.0,5.0,5.0
0022501082,1631260,2026-03-29,LAC,28.03,15.0,3.0,3.0,2.0,0.0,0.0,8.0,4.0,5.0,2.0,5.0,5.0
0022501076,1631260,2026-03-28,SAS,26.37,7.0,3.0,3.0,0.0,2.0,0.0,6.0,2.0,6.0,2.0,1.0,1.0
0022501186,1631288,2026-04-12,BOS,15.4,2.0,2.0,0.0,0.0,0.0,0.0,1.0,0.0,1.0,0.0,2.0,2.0
0022501177,1631288,2026-04-10,CHI,24.51,20.0,8.0,2.0,0.0,2.0,2.0,11.0,9.0,4.0,2.0,1.0,0.0
0022501159,1631288,2026-04-08,MIN,16.17,8.0,2.0,1.0,0.0,0.0,0.0,8.0,3.0,3.0,1.0,1.0,1.0
0022501144,1631288,2026-04-06,DET,11.07,3.0,2.0,1.0,0.0,0.0,0.0,1.0,1.0,1.0,1.0,2.0,0.0
0022501138,1631288,2026-04-05,NOP,27.37,8.0,5.0,2.0,0.0,0.0,0.0,7.0,3.0,3.0,0.0,2.0,2.0
0022501127,1631288,2026-04-03,DAL,21.25,8.0,4.0,4.0,1.0,0.0,0.0,3.0,2.0,2.0,1.0,3.0,3.0
0022501107,1631288,2026-04-01,ATL,26.57,17.0,1.0,0.0,0.0,0.0,0.0,9.0,5.0,6.0,2.0,5.0,5.0
0022501099,1631288,2026-03-31,PHX,19.43,12.0,3.0,1.0,3.0,0.0,0.0,5.0,4.0,2.0,2.0,2.0,2.0
0022501086,1631288,2026-03-29,TOR,8.28,0.0,1.0,0.0,0.0,0.0,6.0,3.0,0.0,2.0,0.0,0.0,0.0
0022501065,1631288,2026-03-26,SAC,21.47,11.0,5.0,2.0,0.0,0.0,0.0,6.0,5.0,1.0,1.0,0.0,0.0
0022501200,1631321,2026-04-12,SAC,1.39,0.0,0.0,0.0,0.0,0.0,0.0,0.0,0.0,0.0,0.0,0.0,0.0
0022501183,1631321,2026-04-10,LAC,2.35,2.0,0.0,1.0,1.0,0.0,0.0,0.0,0.0,0.0,0.0,2.0,2.0
0022501161,1631321,2026-04-08,SAS,8.55,2.0,0.0,0.0,0.0,0.0,0.0,2.0,1.0,1.0,0.0,0.0,0.0
0022501147,1631321,2026-04-06,DEN,7.59,0.0,1.0,0.0,0.0,0.0,0.0,1.0,0.0,1.0,0.0,0.0,0.0
0022501118,1631321,2026-04-02,NOP,9.19,2.0,1.0,1.0,0.0,0.0,1.0,3.0,1.0,2.0,0.0,0.0,0.0
0022501104,1631321,2026-03-31,LAC,8.3,0.0,1.0,1.0,0.0,0.0,0.0,2.0,0.0,1.0,0.0,0.0,0.0
0022501087,1631321,2026-03-29,WAS,18.17,1.0,4.0,3.0,1.0,0.0,1.0,1.0,0.0,1.0,0.0,2.0,1.0
0022501074,1631321,2026-03-27,DAL,7.35,0.0,2.0,0.0,0.0,0.0,1.0,2.0,0.0,1.0,0.0,0.0,0.0
0022501061,1631321,2026-03-25,MIL,15.28,2.0,4.0,3.0,0.0,1.0,2.0,1.0,1.0,0.0,0.0,0.0,0.0
0022501045,1631321,2026-03-23,BKN,27.52,5.0,2.0,4.0,0.0,1.0,2.0,5.0,2.0,2.0,0.0,2.0,1.0
0022501172,1631323,2026-04-10,WAS,26.42,24.0,4.0,2.0,1.0,0.0,1.0,10.0,8.0,8.0,6.0,2.0,2.0
0022501129,1631323,2026-04-04,WAS,18.6,8.0,1.0,4.0,1.0,0.0,1.0,4.0,3.0,3.0,2.0,0.0,0.0
0022501106,1631323,2026-04-01,BOS,4.57,5.0,2.0,0.0,0.0,0.0,0.0,4.0,1.0,2.0,1.0,2.0,2.0
0022501091,1631323,2026-03-30,PHI,6.06,3.0,3.0,0.0,0.0,0.0,0.0,3.0,1.0,3.0,1.0,0.0,0.0
0022501083,1631323,2026-03-29,IND,7.14,1.0,1.0,1.0,0.0,0.0,0.0,4.0,0.0,2.0,0.0,2.0,1.0
0022501068,1631323,2026-03-27,CLE,9.54,12.0,2.0,0.0,1.0,0.0,0.0,7.0,4.0,4.0,2.0,2.0,2.0
0022501041,1631323,2026-03-23,SAS,5.39,0.0,2.0,1.0,1.0,0.0,1.0,0.0,0.0,0.0,0.0,0.0,0.0
0022501027,1631323,2026-03-21,HOU,37.49,21.0,3.0,3.0,1.0,0.0,0.0,12.0,8.0,9.0,5.0,0.0,0.0
0022501010,1631323,2026-03-19,LAL,19.24,7.0,3.0,2.0,0.0,0.0,1.0,6.0,3.0,3.0,1.0,0.0,0.0
0022500991,1631323,2026-03-17,CHA,23.31,10.0,2.0,1.0,0.0,0.0,0.0,9.0,3.0,6.0,1.0,4.0,3.0
0022501193,1631338,2026-04-12,DAL,28.42,11.0,3.0,4.0,2.0,1.0,2.0,8.0,4.0,3.0,0.0,4.0,3.0
0022501177,1631338,2026-04-10,ORL,16.45,5.0,3.0,2.0,0.0,0.0,1.0,3.0,2.0,2.0,1.0,0.0,0.0
0022501200,1631342,2026-04-12,POR,22.12,8.0,1.0,2.0,0.0,2.0,3.0,5.0,2.0,4.0,1.0,3.0,3.0
0022501184,1631342,2026-04-10,GSW,37.05,20.0,9.0,3.0,2.0,0.0,2.0,16.0,7.0,9.0,3.0,3.0,3.0
0022501154,1631342,2026-04-07,GSW,26.26,11.0,1.0,1.0,0.0,1.0,0.0,7.0,4.0,6.0,3.0,0.0,0.0
0022501141,1631342,2026-04-05,LAC,35.42,15.0,2.0,3.0,1.0,0.0,1.0,13.0,5.0,9.0,3.0,3.0,2.0
0022501128,1631342,2026-04-03,NOP,30.52,17.0,3.0,1.0,1.0,0.0,1.0,12.0,5.0,8.0,2.0,5.0,5.0
0022501108,1631342,2026-04-01,TOR,21.49,11.0,2.0,2.0,1.0,0.0,1.0,8.0,4.0,7.0,3.0,0.0,0.0
0022501084,1631342,2026-03-29,BKN,25.4,2.0,2.0,3.0,1.0,0.0,1.0,8.0,1.0,7.0,0.0,0.0,0.0
0022501078,1631342,2026-03-28,ATL,28.27,14.0,3.0,0.0,1.0,0.0,2.0,9.0,5.0,8.0,4.0,0.0,0.0
0022501065,1631342,2026-03-26,ORL,34.58,23.0,3.0,0.0,0.0,0.0,0.0,12.0,8.0,10.0,6.0,2.0,1.0
0022501047,1631342,2026-03-24,CHA,36.11,22.0,2.0,1.0,1.0,0.0,2.0,17.0,9.0,8.0,3.0,1.0,1.0
0022501194,1631351,2026-04-12,HOU,34.55,15.0,6.0,3.0,3.0,1.0,2.0,14.0,5.0,10.0,3.0,2.0,2.0
0022501181,1631351,2026-04-10,UTA,48.0,13.0,13.0,3.0,4.0,0.0,1.0,19.0,5.0,13.0,2.0,1.0,1.0
0022501162,1631351,2026-04-08,DEN,36.38,16.0,6.0,1.0,0.0,0.0,2.0,12.0,6.0,8.0,3.0,1.0,1.0
0022501145,1631351,2026-04-06,CLE,39.47,17.0,5.0,4.0,3.0,0.0,1.0,15.0,5.0,12.0,5.0,2.0,2.0
0022501135,1631351,2026-04-05,MIL,36.26,5.0,4.0,4.0,1.0,0.0,3.0,9.0,2.0,6.0,1.0,0.0,0.0
0022501125,1631351,2026-04-03,TOR,19.58,5.0,4.0,2.0,0.0,0.0,1.0,4.0,1.0,3.0,1.0,2.0,2.0
0022501003,1631351,2026-04-01,NYK,8.0,2.0,0.0,1.0,0.0,0.0,0.0,2.0,1.0,1.0,0.0,0.0,0.0
0022500873,1631451,2026-03-01,ATL,3.37,0.0,2.0,0.0,0.0,0.0,0.0,3.0,0.0,2.0,0.0,0.0,0.0
0022500863,1631451,2026-02-28,CHA,1.16,0.0,0.0,0.0,0.0,0.0,0.0,0.0,0.0,0.0,0.0,0.0,0.0
0022500810,1631451,2026-02-20,DEN,5.49,0.0,2.0,0.0,0.0,0.0,0.0,3.0,0.0,2.0,0.0,0.0,0.0
0022500790,1631451,2026-02-12,UTA,0.51,0.0,0.0,0.0,0.0,0.0,0.0,0.0,0.0,0.0,0.0,0.0,0.0
0022500783,1631451,2026-02-11,MIN,4.47,0.0,3.0,0.0,0.0,0.0,2.0,4.0,0.0,2.0,0.0,0.0,0.0
0022500770,1631451,2026-02-09,PHI,5.15,2.0,2.0,0.0,0.0,0.0,1.0,2.0,1.0,1.0,0.0,0.0,0.0
0022500755,1631451,2026-02-07,MEM,0.18,0.0,0.0,0.0,0.0,0.0,0.0,0.0,0.0,0.0,0.0,0.0,0.0
0022500710,1631451,2026-02-01,CLE,2.34,2.0,0.0,0.0,1.0,0.0,1.0,2.0,1.0,1.0,0.0,0.0,0.0
0022500690,1631451,2026-01-30,NYK,4.05,2.0,0.0,0.0,0.0,0.0,0.0,0.0,0.0,0.0,0.0,2.0,2.0
0022500660,1631451,2026-01-26,BOS,4.09,0.0,0.0,0.0,0.0,0.0,0.0,1.0,0.0,0.0,0.0,0.0,0.0
0022501177,1631457,2026-04-10,CHI,5.13,0.0,0.0,0.0,0.0,0.0,1.0,1.0,0.0,1.0,0.0,0.0,0.0
0022501159,1631457,2026-04-08,MIN,4.32,6.0,0.0,0.0,0.0,0.0,1.0,3.0,2.0,0.0,0.0,2.0,2.0
0022501144,1631457,2026-04-06,DET,1.5,0.0,0.0,0.0,0.0,0.0,0.0,1.0,0.0,0.0,0.0,0.0,0.0
0022501008,1631457,2026-03-19,CHA,12.0,2.0,3.0,4.0,0.0,0.0,2.0,2.0,1.0,0.0,0.0,0.0,0.0
0022501199,1631466,2026-04-12,LAC,12.31,9.0,2.0,1.0,0.0,0.0,0.0,7.0,3.0,3.0,1.0,2.0,2.0
0022501170,1631466,2026-04-09,LAL,34.32,17.0,4.0,3.0,0.0,0.0,4.0,13.0,7.0,6.0,3.0,0.0,0.0
0022501113,1631466,2026-04-01,SAS,46.35,18.0,4.0,1.0,2.0,0.0,2.0,18.0,8.0,4.0,2.0,0.0,0.0
0022501090,1631466,2026-03-29,DEN,11.24,0.0,3.0,0.0,0.0,0.0,1.0,3.0,0.0,2.0,0.0,0.0,0.0
0022501026,1631466,2026-03-21,ATL,28.4,19.0,4.0,2.0,1.0,0.0,2.0,9.0,8.0,2.0,2.0,2.0,1.0
0022500999,1631466,2026-03-18,BOS,4.35,2.0,0.0,1.0,0.0,0.0,0.0,0.0,0.0,0.0,0.0,2.0,2.0
0022500984,1631466,2026-03-16,WAS,3.27,0.0,1.0,0.0,0.0,0.0,0.0,2.0,0.0,1.0,0.0,0.0,0.0
0022500981,1631466,2026-03-15,NYK,10.23,2.0,0.0,0.0,0.0,0.0,1.0,2.0,1.0,0.0,0.0,0.0,0.0
0022500943,1631466,2026-03-10,CHI,10.58,2.0,2.0,0.0,0.0,0.0,1.0,3.0,1.0,1.0,0.0,0.0,0.0
0022500934,1631466,2026-03-09,UTA,13.12,12.0,4.0,1.0,1.0,0.0,1.0,8.0,5.0,3.0,1.0,1.0,1.0
0022501180,1641705,2026-04-10,DAL,26.13,40.0,13.0,5.0,1.0,2.0,2.0,23.0,14.0,7.0,2.0,11.0,10.0
0022501146,1641705,2026-04-06,PHI,15.4,17.0,5.0,1.0,0.0,3.0,2.0,11.0,7.0,3.0,1.0,4.0,2.0
0022501130,1641705,2026-04-04,DEN,39.36,34.0,18.0,7.0,1.0,5.0,1.0,17.0,8.0,6.0,2.0,17.0,16.0
0022501113,1641705,2026-04-01,GSW,28.56,41.0,18.0,3.0,0.0,3.0,0.0,22.0,16.0,6.0,2.0,8.0,7.0
0022501094,1641705,2026-03-30,CHI,30.3,41.0,16.0,4.0,1.0,3.0,2.0,27.0,17.0,6.0,3.0,4.0,4.0
0022501076,1641705,2026-03-28,MIL,30.41,23.0,15.0,6.0,2.0,1.0,3.0,21.0,7.0,3.0,0.0,10.0,9.0
0022501056,1641705,2026-03-25,MEM,26.56,19.0,15.0,3.0,3.0,7.0,2.0,15.0,8.0,3.0,1.0,3.0,2.0
0022501041,1641705,2026-03-23,MIA,26.19,26.0,15.0,4.0,0.0,5.0,2.0,22.0,11.0,7.0,1.0,3.0,3.0
0022501028,1641705,2026-03-21,IND,26.08,20.0,8.0,6.0,1.0,5.0,2.0,18.0,8.0,4.0,1.0,3.0,3.0
0022501013,1641705,2026-03-19,PHX,34.51,34.0,12.0,1.0,3.0,1.0,3.0,20.0,10.0,7.0,2.0,12.0,12.0
0022501190,1641706,2026-04-12,NYK,27.18,19.0,3.0,2.0,1.0,1.0,3.0,12.0,5.0,8.0,3.0,7.0,6.0
0022501171,1641706,2026-04-10,DET,31.11,22.0,3.0,0.0,4.0,0.0,1.0,20.0,9.0,8.0,2.0,2.0,2.0
0022501149,1641706,2026-04-07,BOS,33.52,20.0,0.0,2.0,0.0,0.0,0.0,16.0,8.0,8.0,2.0,2.0,2.0
0022501137,1641706,2026-04-05,MIN,33.57,7.0,6.0,3.0,1.0,0.0,1.0,15.0,3.0,9.0,1.0,0.0,0.0
0022501120,1641706,2026-04-03,IND,29.38,22.0,6.0,3.0,1.0,1.0,0.0,17.0,9.0,8.0,4.0,0.0,0.0
0022501114,1641706,2026-04-02,PHX,30.44,17.0,4.0,4.0,0.0,0.0,1.0,14.0,7.0,8.0,3.0,0.0,0.0
0022501100,1641706,2026-03-31,BKN,29.01,25.0,1.0,3.0,0.0,1.0,0.0,13.0,7.0,8.0,4.0,7.0,7.0
0022501085,1641706,2026-03-29,BOS,31.51,13.0,6.0,4.0,0.0,0.0,0.0,13.0,5.0,9.0,3.0,0.0,0.0
0022501077,1641706,2026-03-28,PHI,34.19,29.0,8.0,0.0,0.0,0.0,0.0,17.0,8.0,11.0,5.0,10.0,8.0
0022501063,1641706,2026-03-26,NYK,32.41,21.0,8.0,3.0,0.0,0.0,4.0,12.0,7.0,8.0,4.0,3.0,3.0
0022501162,1641707,2026-04-08,DEN,21.54,16.0,6.0,1.0,1.0,1.0,1.0,8.0,6.0,3.0,2.0,2.0,2.0
0022501135,1641707,2026-04-05,MIL,12.29,11.0,4.0,0.0,4.0,0.0,0.0,4.0,3.0,4.0,3.0,2.0,2.0
0022501125,1641707,2026-04-03,TOR,26.07,9.0,3.0,1.0,1.0,0.0,0.0,10.0,4.0,5.0,1.0,0.0,0.0
0022501093,1641707,2026-03-30,PHX,17.4,5.0,2.0,0.0,0.0,0.0,1.0,5.0,2.0,3.0,1.0,0.0,0.0
0022501069,1641707,2026-03-27,HOU,29.54,5.0,7.0,1.0,2.0,0.0,2.0,11.0,2.0,5.0,0.0,2.0,1.0
0022501056,1641707,2026-03-25,SAS,27.44,2.0,8.0,0.0,0.0,0.0,2.0,7.0,1.0,4.0,0.0,0.0,0.0
0022501037,1641707,2026-03-23,ATL,26.15,9.0,4.0,0.0,0.0,2.0,2.0,9.0,3.0,9.0,3.0,0.0,0.0
0022501023,1641707,2026-03-21,CHA,24.59,14.0,2.0,3.0,3.0,1.0,0.0,7.0,4.0,4.0,3.0,4.0,3.0
0022501019,1641707,2026-03-20,BOS,28.33,12.0,5.0,2.0,2.0,2.0,0.0,7.0,5.0,2.0,0.0,2.0,2.0
0022500651,1641707,2026-03-18,DEN,24.1,13.0,2.0,1.0,6.0,3.0,2.0,18.0,6.0,10.0,1.0,0.0,0.0
0022501178,1641708,2026-04-10,MIN,41.43,41.0,9.0,7.0,2.0,0.0,2.0,22.0,17.0,1.0,0.0,7.0,7.0
0022501169,1641708,2026-04-09,PHI,41.47,19.0,5.0,4.0,3.0,0.0,5.0,14.0,7.0,2.0,0.0,8.0,5.0
0022501157,1641708,2026-04-07,PHX,35.37,22.0,11.0,8.0,3.0,1.0,4.0,16.0,10.0,1.0,0.0,2.0,2.0
0022501142,1641708,2026-04-05,GSW,39.29,18.0,3.0,7.0,1.0,0.0,2.0,11.0,8.0,0.0,0.0,4.0,2.0
0022501124,1641708,2026-04-03,UTA,31.55,21.0,8.0,4.0,2.0,0.0,1.0,11.0,7.0,0.0,0.0,9.0,7.0
0022501110,1641708,2026-04-01,MIL,39.54,18.0,8.0,6.0,2.0,0.0,0.0,10.0,5.0,0.0,0.0,8.0,8.0
0022501102,1641708,2026-03-31,NYK,38.51,17.0,4.0,8.0,0.0,2.0,1.0,14.0,8.0,2.0,0.0,2.0,1.0
0022501088,1641708,2026-03-29,NOP,34.55,14.0,8.0,5.0,3.0,0.0,0.0,10.0,5.0,1.0,0.0,6.0,4.0
0022501069,1641708,2026-03-27,MEM,39.3,18.0,8.0,3.0,2.0,1.0,2.0,15.0,7.0,2.0,1.0,3.0,3.0
0022501058,1641708,2026-03-25,MIN,45.05,11.0,9.0,10.0,0.0,2.0,2.0,8.0,4.0,0.0,0.0,3.0,3.0
0022501188,1641709,2026-04-12,IND,21.43,7.0,5.0,4.0,1.0,1.0,1.0,4.0,3.0,0.0,0.0,2.0,1.0
0022501171,1641709,2026-04-10,CHA,24.54,12.0,5.0,6.0,3.0,1.0,3.0,8.0,5.0,0.0,0.0,3.0,2.0
0022501160,1641709,2026-04-08,MIL,24.24,10.0,4.0,4.0,2.0,2.0,0.0,6.0,4.0,1.0,0.0,2.0,2.0
0022501144,1641709,2026-04-06,ORL,30.59,8.0,3.0,6.0,0.0,3.0,1.0,5.0,4.0,0.0,0.0,0.0,0.0
0022501131,1641709,2026-04-04,PHI,24.49,14.0,5.0,2.0,3.0,1.0,4.0,11.0,7.0,0.0,0.0,0.0,0.0
0022501115,1641709,2026-04-02,MIN,30.6,7.0,9.0,9.0,2.0,3.0,1.0,6.0,3.0,0.0,0.0,2.0,1.0
0022501101,1641709,2026-03-31,TOR,26.1,5.0,7.0,5.0,2.0,0.0,3.0,6.0,2.0,0.0,0.0,2.0,1.0
0022501097,1641709,2026-03-30,OKC,25.47,8.0,7.0,5.0,3.0,1.0,2.0,5.0,3.0,0.0,0.0,6.0,2.0
0022501080,1641709,2026-03-28,MIN,24.01,6.0,6.0,0.0,4.0,0.0,1.0,6.0,3.0,0.0,0.0,0.0,0.0
0022501064,1641709,2026-03-26,NOP,28.58,11.0,4.0,0.0,3.0,2.0,1.0,4.0,4.0,0.0,0.0,4.0,3.0
0022501186,1641710,2026-04-12,BOS,19.02,13.0,3.0,1.0,1.0,1.0,2.0,9.0,5.0,4.0,1.0,3.0,2.0
0022501177,1641710,2026-04-10,CHI,18.38,8.0,3.0,2.0,2.0,1.0,0.0,12.0,3.0,7.0,2.0,0.0,0.0
0022501159,1641710,2026-04-08,MIN,16.04,7.0,5.0,2.0,0.0,2.0,3.0,4.0,1.0,2.0,0.0,6.0,5.0
0022501144,1641710,2026-04-06,DET,15.29,14.0,1.0,2.0,2.0,0.0,2.0,11.0,4.0,4.0,1.0,7.0,5.0
0022500915,1641710,2026-03-07,MIN,2.01,0.0,1.0,0.0,1.0,0.0,0.0,0.0,0.0,0.0,0.0,2.0,0.0
0022500899,1641710,2026-03-05,DAL,23.5,8.0,3.0,3.0,2.0,0.0,0.0,12.0,3.0,3.0,0.0,2.0,2.0
0022500852,1641710,2026-02-26,HOU,23.04,8.0,1.0,2.0,1.0,0.0,2.0,12.0,3.0,6.0,2.0,1.0,0.0
0022500840,1641710,2026-02-24,LAL,30.29,8.0,4.0,4.0,3.0,2.0,2.0,13.0,4.0,2.0,0.0,4.0,0.0
0022500827,1641710,2026-02-22,LAC,36.23,11.0,2.0,1.0,1.0,0.0,2.0,9.0,4.0,4.0,1.0,4.0,2.0
0022500811,1641710,2026-02-21,PHX,44.53,10.0,4.0,4.0,1.0,1.0,2.0,12.0,4.0,5.0,0.0,2.0,2.0
0022501192,1641711,2026-04-12,BKN,5.18,3.0,0.0,0.0,0.0,0.0,0.0,4.0,1.0,0.0,0.0,1.0,1.0
0022501176,1641711,2026-04-10,NYK,12.0,7.0,0.0,1.0,2.0,0.0,0.0,4.0,3.0,1.0,1.0,0.0,0.0
0022501165,1641711,2026-04-09,MIA,3.09,0.0,0.0,0.0,0.0,0.0,0.0,0.0,0.0,0.0,0.0,0.0,0.0
0022501151,1641711,2026-04-07,MIA,2.47,4.0,1.0,0.0,0.0,0.0,1.0,2.0,1.0,0.0,0.0,2.0,2.0
0022501132,1641711,2026-04-05,BOS,1.08,0.0,0.0,0.0,0.0,0.0,0.0,0.0,0.0,0.0,0.0,0.0,0.0
0022501125,1641711,2026-04-03,MEM,6.59,7.0,4.0,0.0,0.0,0.0,0.0,7.0,3.0,2.0,0.0,2.0,1.0
0022501101,1641711,2026-03-31,DET,4.11,0.0,0.0,0.0,0.0,0.0,0.0,0.0,0.0,0.0,0.0,0.0,0.0
0022501086,1641711,2026-03-29,ORL,23.14,11.0,3.0,1.0,0.0,0.0,2.0,11.0,5.0,2.0,1.0,0.0,0.0
0022501071,1641711,2026-03-27,NOP,2.13,0.0,0.0,0.0,0.0,0.0,1.0,1.0,0.0,1.0,0.0,0.0,0.0
0022501062,1641711,2026-03-25,LAC,3.45,0.0,0.0,0.0,0.0,0.0,0.0,4.0,0.0,1.0,0.0,0.0,0.0
0022501194,1641712,2026-04-12,HOU,41.38,21.0,12.0,5.0,2.0,1.0,6.0,15.0,8.0,5.0,2.0,3.0,3.0
0022501181,1641712,2026-04-10,UTA,39.57,16.0,12.0,4.0,3.0,1.0,3.0,25.0,7.0,11.0,1.0,1.0,1.0
0022501135,1641712,2026-04-05,MIL,39.02,33.0,10.0,10.0,4.0,1.0,4.0,19.0,9.0,6.0,2.0,16.0,13.0
0022501125,1641712,2026-04-03,TOR,24.49,4.0,4.0,1.0,0.0,0.0,1.0,7.0,2.0,0.0,0.0,0.0,0.0
0022501079,1641712,2026-03-28,CHI,30.26,14.0,4.0,2.0,2.0,0.0,0.0,10.0,6.0,3.0,2.0,0.0,0.0
0022501037,1641712,2026-03-23,ATL,30.09,0.0,5.0,2.0,0.0,0.0,3.0,3.0,0.0,1.0,0.0,0.0,0.0
0022500987,1641712,2026-03-16,CHI,27.11,3.0,4.0,1.0,2.0,0.0,2.0,6.0,1.0,4.0,1.0,0.0,0.0
0022501111,1641712,2026-03-12,DAL,37.39,13.0,7.0,2.0,1.0,0.0,1.0,11.0,5.0,4.0,1.0,2.0,2.0
0022500936,1641712,2026-03-10,PHI,22.17,14.0,2.0,0.0,1.0,0.0,0.0,9.0,6.0,3.0,2.0,0.0,0.0
0022500932,1641712,2026-03-09,BKN,35.52,20.0,8.0,1.0,1.0,2.0,2.0,13.0,5.0,8.0,4.0,6.0,6.0
0022501145,1641713,2026-04-06,CLE,18.08,11.0,5.0,3.0,1.0,2.0,1.0,9.0,3.0,3.0,1.0,4.0,4.0
0022501125,1641713,2026-04-03,TOR,30.09,30.0,5.0,1.0,0.0,1.0,4.0,16.0,10.0,6.0,3.0,9.0,7.0
0022501003,1641713,2026-04-01,NYK,25.17,20.0,3.0,4.0,0.0,1.0,0.0,12.0,8.0,4.0,3.0,2.0,1.0
0022501093,1641713,2026-03-30,PHX,16.54,14.0,4.0,2.0,0.0,1.0,4.0,7.0,6.0,1.0,0.0,2.0,2.0
0022501079,1641713,2026-03-28,CHI,21.14,10.0,4.0,3.0,0.0,0.0,2.0,14.0,3.0,4.0,0.0,4.0,4.0
0022501069,1641713,2026-03-27,HOU,30.12,14.0,4.0,0.0,0.0,1.0,3.0,14.0,5.0,7.0,2.0,2.0,2.0
0022501056,1641713,2026-03-25,SAS,29.56,20.0,7.0,2.0,2.0,1.0,0.0,15.0,7.0,7.0,3.0,4.0,3.0
0022501037,1641713,2026-03-23,ATL,30.14,26.0,3.0,0.0,0.0,0.0,4.0,14.0,9.0,5.0,2.0,6.0,6.0
0022501023,1641713,2026-03-21,CHA,23.35,19.0,3.0,1.0,0.0,0.0,0.0,14.0,7.0,5.0,0.0,6.0,5.0
0022500651,1641713,2026-03-18,DEN,25.54,16.0,6.0,0.0,0.0,2.0,1.0,15.0,6.0,4.0,1.0,6.0,3.0
0022500334,1641715,2025-12-04,BOS,18.05,4.0,0.0,2.0,1.0,2.0,0.0,11.0,2.0,4.0,0.0,0.0,0.0
0022500318,1641715,2025-12-02,PHI,16.13,4.0,5.0,0.0,0.0,1.0,0.0,11.0,2.0,4.0,0.0,2.0,0.0
0022500311,1641715,2025-12-01,MIL,19.24,17.0,5.0,1.0,1.0,0.0,0.0,14.0,8.0,3.0,1.0,0.0,0.0
0022500073,1641715,2025-11-28,IND,15.43,8.0,3.0,0.0,0.0,1.0,2.0,6.0,3.0,2.0,0.0,2.0,2.0
0022500057,1641715,2025-11-25,ATL,9.39,0.0,0.0,0.0,1.0,1.0,0.0,1.0,0.0,1.0,0.0,0.0,0.0
0022500271,1641715,2025-11-22,CHI,17.31,20.0,7.0,2.0,0.0,0.0,2.0,10.0,7.0,4.0,2.0,5.0,4.0
0022500050,1641715,2025-11-21,TOR,17.04,11.0,2.0,0.0,1.0,0.0,1.0,9.0,5.0,2.0,1.0,0.0,0.0
0022500259,1641715,2025-11-19,MIN,19.38,13.0,6.0,2.0,0.0,1.0,0.0,8.0,5.0,2.0,1.0,2.0,2.0
0022500235,1641715,2025-11-16,BKN,13.09,6.0,2.0,1.0,0.0,0.0,1.0,5.0,2.0,1.0,1.0,1.0,1.0
0022500218,1641715,2025-11-12,HOU,25.03,11.0,3.0,1.0,1.0,1.0,1.0,9.0,5.0,3.0,0.0,2.0,1.0
0022501175,1641716,2026-04-10,PHI,29.16,17.0,4.0,2.0,0.0,1.0,1.0,13.0,6.0,7.0,4.0,2.0,1.0
0022501167,1641716,2026-04-09,BKN,29.37,14.0,9.0,8.0,2.0,1.0,3.0,15.0,5.0,5.0,1.0,5.0,3.0
0022501152,1641716,2026-04-07,MIN,28.04,11.0,6.0,5.0,3.0,0.0,5.0,12.0,4.0,6.0,1.0,2.0,2.0
0022501066,1641716,2026-03-27,LAC,4.23,5.0,1.0,1.0,0.0,0.0,0.0,3.0,2.0,1.0,1.0,0.0,0.0
0022501052,1641716,2026-03-25,LAL,29.34,15.0,6.0,4.0,0.0,0.0,3.0,9.0,5.0,8.0,4.0,2.0,1.0
0022501039,1641716,2026-03-23,ORL,33.2,20.0,5.0,2.0,0.0,0.0,1.0,13.0,7.0,5.0,2.0,5.0,4.0
0022501028,1641716,2026-03-21,SAS,34.3,21.0,4.0,4.0,1.0,0.0,1.0,10.0,8.0,7.0,5.0,0.0,0.0
0022501001,1641716,2026-03-18,POR,32.35,10.0,7.0,2.0,1.0,1.0,1.0,11.0,4.0,4.0,2.0,0.0,0.0
0022500994,1641716,2026-03-17,NYK,31.56,16.0,5.0,5.0,0.0,0.0,5.0,14.0,6.0,5.0,2.0,3.0,2.0
0022500979,1641716,2026-03-15,MIL,29.32,14.0,8.0,6.0,0.0,1.0,0.0,12.0,6.0,6.0,2.0,2.0,0.0
0022501163,1641717,2026-04-08,LAC,21.0,3.0,2.0,1.0,0.0,1.0,2.0,6.0,1.0,5.0,1.0,0.0,0.0
0022501155,1641717,2026-04-07,LAL,22.43,5.0,2.0,3.0,3.0,0.0,0.0,4.0,1.0,2.0,1.0,2.0,2.0
0022501139,1641717,2026-04-05,UTA,21.58,16.0,5.0,1.0,2.0,0.0,0.0,10.0,6.0,5.0,4.0,0.0,0.0
0022501116,1641717,2026-04-02,LAL,21.11,8.0,5.0,2.0,1.0,0.0,0.0,7.0,3.0,5.0,2.0,0.0,0.0
0022501097,1641717,2026-03-30,DET,26.33,9.0,0.0,1.0,0.0,0.0,1.0,9.0,4.0,5.0,1.0,0.0,0.0
0022501089,1641717,2026-03-29,NYK,15.03,5.0,1.0,1.0,1.0,0.0,0.0,4.0,2.0,1.0,0.0,2.0,1.0
0022501070,1641717,2026-03-27,CHI,30.4,21.0,5.0,2.0,3.0,1.0,1.0,11.0,8.0,7.0,5.0,0.0,0.0
0022501054,1641717,2026-03-25,BOS,24.17,7.0,4.0,0.0,1.0,1.0,0.0,5.0,2.0,4.0,1.0,2.0,2.0
0022501040,1641717,2026-03-23,PHI,22.15,5.0,1.0,3.0,1.0,1.0,1.0,5.0,2.0,2.0,1.0,0.0,0.0
0022501022,1641717,2026-03-21,WAS,14.42,4.0,2.0,3.0,0.0,0.0,0.0,2.0,1.0,1.0,0.0,2.0,2.0
0022500949,1641718,2026-03-11,NYK,20.03,14.0,2.0,5.0,1.0,0.0,1.0,10.0,6.0,2.0,1.0,1.0,1.0
0022500934,1641718,2026-03-09,GSW,24.09,15.0,0.0,2.0,0.0,0.0,1.0,15.0,6.0,5.0,1.0,2.0,2.0
0022500919,1641718,2026-03-07,MIL,29.24,22.0,2.0,4.0,0.0,0.0,0.0,17.0,4.0,8.0,2.0,13.0,12.0
0022500895,1641718,2026-03-04,PHI,30.12,30.0,4.0,2.0,1.0,0.0,2.0,24.0,10.0,11.0,5.0,6.0,5.0
0022500881,1641718,2026-03-02,DEN,30.1,36.0,2.0,2.0,4.0,0.0,4.0,22.0,14.0,9.0,4.0,5.0,4.0
0022500867,1641718,2026-02-28,NOP,23.22,17.0,2.0,4.0,0.0,0.0,0.0,11.0,4.0,6.0,1.0,10.0,8.0
0022500750,1641718,2026-02-07,ORL,13.26,5.0,1.0,1.0,1.0,0.0,1.0,5.0,1.0,2.0,0.0,3.0,3.0
0022500694,1641718,2026-01-30,BKN,32.18,26.0,3.0,7.0,0.0,1.0,3.0,11.0,9.0,3.0,1.0,10.0,7.0
0022500678,1641718,2026-01-28,GSW,32.42,19.0,7.0,7.0,2.0,0.0,2.0,15.0,6.0,4.0,3.0,6.0,4.0
0022500649,1641718,2026-01-24,MIA,36.1,19.0,2.0,5.0,2.0,0.0,2.0,19.0,6.0,8.0,0.0,8.0,7.0
0022501195,1641722,2026-04-12,MIN,32.51,13.0,5.0,3.0,1.0,1.0,0.0,18.0,4.0,4.0,1.0,4.0,4.0
0022501174,1641722,2026-04-10,BOS,22.58,20.0,5.0,3.0,0.0,0.0,4.0,15.0,8.0,4.0,2.0,2.0,2.0
0022501153,1641722,2026-04-07,UTA,23.15,25.0,6.0,4.0,3.0,1.0,1.0,16.0,11.0,5.0,3.0,0.0,0.0
0022501138,1641722,2026-04-05,ORL,26.24,7.0,3.0,2.0,0.0,0.0,3.0,7.0,2.0,6.0,2.0,1.0,1.0
0022501128,1641722,2026-04-03,SAC,20.57,14.0,0.0,0.0,0.0,0.0,2.0,7.0,5.0,5.0,4.0,0.0,0.0
0022501088,1641722,2026-03-29,HOU,5.27,2.0,0.0,0.0,0.0,0.0,0.0,2.0,1.0,1.0,0.0,0.0,0.0
0022501071,1641722,2026-03-27,TOR,21.27,5.0,1.0,3.0,1.0,0.0,0.0,8.0,2.0,4.0,1.0,0.0,0.0
0022501064,1641722,2026-03-26,DET,22.08,9.0,3.0,0.0,0.0,1.0,1.0,3.0,3.0,3.0,3.0,0.0,0.0
0022500988,1641722,2026-03-16,DAL,1.45,5.0,2.0,0.0,0.0,0.0,0.0,1.0,1.0,1.0,1.0,2.0,2.0
0022500948,1641722,2026-03-11,TOR,1.24,0.0,1.0,0.0,0.0,0.0,0.0,0.0,0.0,0.0,0.0,0.0,0.0
0022501170,1641723,2026-04-09,GSW,3.41,2.0,0.0,1.0,0.0,0.0,0.0,2.0,1.0,1.0,0.0,0.0,0.0
0022501155,1641723,2026-04-07,OKC,18.19,9.0,3.0,4.0,0.0,0.0,1.0,6.0,2.0,2.0,2.0,4.0,3.0
0022501140,1641723,2026-04-05,DAL,3.2,0.0,1.0,0.0,0.0,0.0,0.0,1.0,0.0,1.0,0.0,0.0,0.0
0022501103,1641723,2026-03-31,CLE,1.21,0.0,0.0,0.0,0.0,0.0,0.0,1.0,0.0,1.0,0.0,0.0,0.0
0022501098,1641723,2026-03-30,WAS,2.39,2.0,0.0,0.0,0.0,0.0,0.0,2.0,1.0,1.0,0.0,0.0,0.0
0022500946,1641723,2026-03-10,MIN,1.58,2.0,0.0,0.0,0.0,0.0,0.0,2.0,1.0,1.0,0.0,0.0,0.0
0022500914,1641723,2026-03-06,IND,3.42,0.0,0.0,1.0,0.0,0.0,0.0,2.0,0.0,2.0,0.0,0.0,0.0
0022500878,1641723,2026-03-01,SAC,3.55,2.0,1.0,0.0,0.0,0.0,0.0,5.0,1.0,2.0,0.0,0.0,0.0
0022500866,1641723,2026-02-28,GSW,5.57,8.0,1.0,1.0,0.0,0.0,0.0,5.0,2.0,2.0,0.0,4.0,4.0
0022500823,1641723,2026-02-22,BOS,3.22,2.0,0.0,0.0,0.0,0.0,0.0,2.0,1.0,1.0,0.0,0.0,0.0
0022501127,1641724,2026-04-03,DAL,5.09,2.0,0.0,0.0,0.0,0.0,0.0,1.0,1.0,0.0,0.0,0.0,0.0
0022501107,1641724,2026-04-01,ATL,11.28,4.0,1.0,1.0,0.0,1.0,0.0,5.0,1.0,2.0,1.0,1.0,1.0
0022501099,1641724,2026-03-31,PHX,14.21,12.0,2.0,0.0,0.0,0.0,1.0,6.0,4.0,3.0,2.0,2.0,2.0
0022501086,1641724,2026-03-29,TOR,19.06,9.0,0.0,0.0,0.0,0.0,1.0,8.0,4.0,3.0,1.0,0.0,0.0
0022501065,1641724,2026-03-26,SAC,7.55,3.0,1.0,1.0,0.0,0.0,0.0,2.0,1.0,2.0,1.0,0.0,0.0
0022501049,1641724,2026-03-24,CLE,16.06,5.0,1.0,2.0,0.0,0.0,0.0,4.0,2.0,3.0,1.0,0.0,0.0
0022501039,1641724,2026-03-23,IND,15.57,10.0,2.0,0.0,0.0,0.0,1.0,5.0,4.0,2.0,2.0,0.0,0.0
0022501024,1641724,2026-03-21,LAL,6.49,3.0,2.0,1.0,0.0,0.0,0.0,3.0,1.0,1.0,1.0,0.0,0.0
0022501008,1641724,2026-03-19,CHA,15.46,5.0,1.0,0.0,1.0,0.0,0.0,3.0,2.0,2.0,1.0,0.0,0.0
0022500992,1641724,2026-03-17,OKC,19.41,3.0,2.0,1.0,1.0,0.0,0.0,7.0,1.0,6.0,1.0,0.0,0.0
0022501195,1641725,2026-04-12,MIN,32.05,16.0,1.0,1.0,3.0,1.0,1.0,11.0,7.0,4.0,1.0,3.0,1.0
0022501174,1641725,2026-04-10,BOS,14.34,10.0,2.0,1.0,0.0,0.0,0.0,10.0,4.0,4.0,2.0,0.0,0.0
0022501153,1641725,2026-04-07,UTA,11.06,2.0,2.0,2.0,1.0,0.0,0.0,3.0,0.0,0.0,0.0,2.0,2.0
0022501138,1641725,2026-04-05,ORL,11.16,5.0,2.0,0.0,1.0,0.0,1.0,4.0,2.0,1.0,1.0,0.0,0.0
0022500534,1641725,2026-01-09,WAS,1.49,0.0,0.0,0.0,0.0,0.0,0.0,0.0,0.0,0.0,0.0,0.0,0.0
0022500497,1641725,2026-01-04,MIA,2.24,0.0,0.0,1.0,0.0,0.0,0.0,0.0,0.0,0.0,0.0,0.0,0.0
0022500337,1641725,2025-12-04,MIN,4.33,0.0,0.0,0.0,0.0,0.0,0.0,2.0,0.0,1.0,0.0,0.0,0.0
0022500321,1641725,2025-12-02,MIN,11.43,7.0,2.0,1.0,1.0,0.0,0.0,3.0,3.0,1.0,1.0,0.0,0.0
0022500308,1641725,2025-11-30,LAL,21.09,7.0,2.0,3.0,0.0,1.0,1.0,4.0,3.0,1.0,1.0,0.0,0.0
0022500052,1641726,2025-11-21,NOP,17.51,4.0,4.0,2.0,1.0,1.0,1.0,1.0,1.0,0.0,0.0,2.0,2.0
0022500262,1641726,2025-11-19,NYK,17.42,4.0,10.0,1.0,0.0,3.0,1.0,3.0,1.0,0.0,0.0,2.0,2.0
0022500238,1641726,2025-11-16,POR,11.52,2.0,3.0,1.0,0.0,2.0,2.0,2.0,1.0,0.0,0.0,0.0,0.0
0022500046,1641726,2025-11-14,LAC,17.15,4.0,5.0,0.0,1.0,1.0,1.0,3.0,1.0,0.0,0.0,2.0,2.0
0022500111,1641726,2025-10-26,TOR,21.01,4.0,7.0,4.0,0.0,3.0,2.0,2.0,2.0,0.0,0.0,2.0,0.0
0022500096,1641726,2025-10-24,WAS,19.17,8.0,6.0,2.0,2.0,1.0,2.0,5.0,4.0,0.0,0.0,0.0,0.0
0022500004,1641726,2025-10-22,SAS,10.19,4.0,2.0,3.0,0.0,0.0,1.0,2.0,1.0,0.0,0.0,2.0,2.0
0022501194,1641727,2026-04-12,HOU,39.15,26.0,4.0,1.0,0.0,0.0,0.0,21.0,11.0,11.0,4.0,0.0,0.0
0022501181,1641727,2026-04-10,UTA,23.35,21.0,3.0,0.0,0.0,0.0,3.0,18.0,8.0,10.0,3.0,2.0,2.0
0022501162,1641727,2026-04-08,DEN,28.16,7.0,7.0,3.0,0.0,0.0,0.0,10.0,2.0,10.0,2.0,2.0,1.0
0022501145,1641727,2026-04-06,CLE,30.5,20.0,3.0,1.0,0.0,0.0,4.0,15.0,7.0,12.0,6.0,0.0,0.0
0022501135,1641727,2026-04-05,MIL,38.36,16.0,3.0,2.0,1.0,0.0,1.0,19.0,6.0,10.0,3.0,1.0,1.0
0022501125,1641727,2026-04-03,TOR,22.17,8.0,4.0,2.0,3.0,0.0,2.0,10.0,3.0,7.0,1.0,2.0,1.0
0022501198,1641729,2026-04-12,LAL,13.12,15.0,2.0,1.0,1.0,0.0,3.0,10.0,4.0,8.0,3.0,6.0,4.0
0022501153,1641729,2026-04-07,NOP,26.15,18.0,3.0,4.0,0.0,0.0,3.0,17.0,6.0,8.0,2.0,4.0,4.0
0022501139,1641729,2026-04-05,OKC,43.14,34.0,4.0,5.0,1.0,0.0,2.0,19.0,11.0,10.0,6.0,6.0,6.0
0022501124,1641729,2026-04-03,HOU,33.21,20.0,3.0,5.0,0.0,1.0,6.0,16.0,7.0,6.0,2.0,5.0,4.0
0022501112,1641729,2026-04-01,DEN,32.42,28.0,6.0,4.0,1.0,1.0,4.0,18.0,11.0,9.0,6.0,1.0,0.0
0022501096,1641729,2026-03-30,CLE,26.06,18.0,4.0,5.0,1.0,1.0,2.0,12.0,6.0,5.0,3.0,5.0,3.0
0022501081,1641729,2026-03-28,PHX,33.23,26.0,2.0,2.0,0.0,0.0,1.0,21.0,11.0,5.0,2.0,3.0,2.0
0022501072,1641729,2026-03-27,DEN,25.29,13.0,4.0,6.0,2.0,0.0,3.0,8.0,4.0,6.0,3.0,2.0,2.0
0022501043,1641729,2026-03-23,TOR,31.24,24.0,5.0,1.0,1.0,0.0,6.0,19.0,9.0,9.0,1.0,5.0,5.0
0022501004,1641729,2026-03-18,MIN,37.16,41.0,4.0,3.0,1.0,0.0,5.0,31.0,17.0,9.0,4.0,4.0,3.0
0022501122,1641730,2026-04-03,ATL,20.44,12.0,4.0,1.0,1.0,1.0,4.0,7.0,4.0,2.0,0.0,4.0,4.0
0022501100,1641730,2026-03-31,CHA,19.51,4.0,3.0,0.0,0.0,1.0,0.0,6.0,1.0,4.0,0.0,2.0,2.0
0022501084,1641730,2026-03-29,SAC,20.04,15.0,7.0,1.0,2.0,2.0,1.0,11.0,5.0,6.0,3.0,4.0,2.0
0022501075,1641730,2026-03-27,LAL,23.54,5.0,3.0,2.0,1.0,0.0,1.0,6.0,2.0,5.0,1.0,0.0,0.0
0022501000,1641730,2026-03-18,OKC,7.57,3.0,2.0,0.0,0.0,0.0,0.0,5.0,1.0,2.0,0.0,2.0,1.0
0022500969,1641730,2026-03-14,PHI,18.39,5.0,4.0,1.0,1.0,0.0,1.0,6.0,2.0,4.0,1.0,0.0,0.0
0022500956,1641730,2026-03-12,ATL,19.34,10.0,6.0,1.0,0.0,0.0,1.0,9.0,4.0,4.0,2.0,0.0,0.0
0022500937,1641730,2026-03-10,DET,17.46,9.0,3.0,1.0,1.0,0.0,1.0,7.0,2.0,4.0,1.0,4.0,4.0
0022500932,1641730,2026-03-09,MEM,20.18,10.0,3.0,3.0,1.0,1.0,3.0,9.0,3.0,3.0,1.0,4.0,3.0
0022500916,1641730,2026-03-07,DET,30.46,16.0,3.0,2.0,0.0,1.0,2.0,12.0,4.0,5.0,1.0,7.0,7.0
0022501172,1641731,2026-04-10,MIA,22.12,25.0,5.0,5.0,1.0,1.0,1.0,16.0,9.0,3.0,2.0,5.0,5.0
0022501148,1641731,2026-04-07,CHI,23.47,19.0,3.0,1.0,0.0,2.0,1.0,10.0,7.0,3.0,2.0,6.0,3.0
0022501129,1641731,2026-04-04,MIA,25.05,12.0,3.0,2.0,2.0,3.0,0.0,13.0,5.0,2.0,0.0,4.0,2.0
0022501105,1641731,2026-04-01,PHI,19.15,12.0,2.0,0.0,1.0,0.0,2.0,10.0,5.0,2.0,0.0,2.0,2.0
0022501087,1641731,2026-03-29,POR,24.09,4.0,5.0,2.0,0.0,0.0,2.0,14.0,2.0,5.0,0.0,0.0,0.0
0022501073,1641731,2026-03-27,GSW,19.04,21.0,6.0,2.0,0.0,1.0,0.0,16.0,8.0,9.0,4.0,2.0,1.0
0022501057,1641731,2026-03-25,UTA,18.57,11.0,2.0,3.0,3.0,0.0,2.0,9.0,4.0,1.0,0.0,4.0,3.0
0022501034,1641731,2026-03-22,NYK,29.04,13.0,5.0,2.0,3.0,2.0,3.0,12.0,5.0,3.0,1.0,3.0,2.0
0022501022,1641731,2026-03-21,OKC,33.44,21.0,4.0,4.0,1.0,2.0,1.0,15.0,8.0,5.0,3.0,2.0,2.0
0022500984,1641731,2026-03-16,GSW,32.42,21.0,8.0,4.0,1.0,0.0,2.0,10.0,7.0,2.0,2.0,6.0,5.0
0022500007,1641732,2025-10-27,CLE,6.49,2.0,4.0,2.0,0.0,0.0,0.0,3.0,1.0,2.0,0.0,0.0,0.0
0022501198,1641733,2026-04-12,UTA,17.34,12.0,0.0,1.0,0.0,0.0,1.0,11.0,5.0,6.0,2.0,0.0,0.0
0022501185,1641733,2026-04-10,PHX,13.12,4.0,2.0,0.0,0.0,0.0,1.0,5.0,1.0,3.0,0.0,2.0,2.0
0022501170,1641733,2026-04-09,GSW,11.2,12.0,0.0,0.0,0.0,0.0,0.0,5.0,4.0,5.0,4.0,0.0,0.0
0022501155,1641733,2026-04-07,OKC,12.0,11.0,0.0,2.0,0.0,0.0,0.0,6.0,4.0,2.0,1.0,2.0,2.0
0022501140,1641733,2026-04-05,DAL,2.21,0.0,1.0,0.0,0.0,0.0,0.0,1.0,0.0,1.0,0.0,0.0,0.0
0022500774,1641733,2026-02-10,SAS,17.04,6.0,2.0,1.0,1.0,0.0,1.0,8.0,3.0,1.0,0.0,0.0,0.0
0022500708,1641733,2026-02-01,NYK,0.59,0.0,0.0,0.0,0.0,0.0,0.0,1.0,0.0,0.0,0.0,0.0,0.0
0022500607,1641733,2026-01-18,TOR,2.17,3.0,0.0,0.0,0.0,0.0,0.0,3.0,1.0,2.0,1.0,0.0,0.0
0022500601,1641733,2026-01-17,POR,9.42,5.0,0.0,3.0,0.0,0.0,2.0,3.0,2.0,1.0,0.0,1.0,1.0
0022500586,1641733,2026-01-15,CHA,1.3,0.0,0.0,0.0,0.0,0.0,0.0,1.0,0.0,1.0,0.0,0.0,0.0
0022501191,1641737,2026-04-12,MIL,17.08,4.0,2.0,0.0,0.0,0.0,0.0,3.0,2.0,0.0,0.0,0.0,0.0
0022501175,1641737,2026-04-10,IND,19.27,3.0,6.0,1.0,1.0,0.0,1.0,3.0,1.0,0.0,0.0,2.0,1.0
0022501169,1641737,2026-04-09,HOU,14.58,2.0,2.0,0.0,0.0,0.0,2.0,1.0,0.0,0.0,0.0,2.0,2.0
0022501131,1641737,2026-04-04,DET,23.03,10.0,4.0,2.0,0.0,0.0,1.0,5.0,5.0,0.0,0.0,0.0,0.0
0022501121,1641737,2026-04-03,MIN,6.09,2.0,1.0,0.0,0.0,0.0,1.0,2.0,1.0,0.0,0.0,0.0,0.0
0022501105,1641737,2026-04-01,WAS,21.14,13.0,4.0,1.0,2.0,1.0,0.0,5.0,5.0,0.0,0.0,3.0,3.0
0022501091,1641737,2026-03-30,MIA,14.27,2.0,3.0,0.0,0.0,1.0,0.0,1.0,0.0,0.0,0.0,2.0,2.0
0022501077,1641737,2026-03-28,CHA,5.52,2.0,0.0,0.0,0.0,0.0,0.0,1.0,1.0,0.0,0.0,0.0,0.0
0022501053,1641737,2026-03-25,CHI,14.41,4.0,8.0,0.0,0.0,2.0,2.0,2.0,1.0,0.0,0.0,2.0,2.0
0022501040,1641737,2026-03-23,OKC,25.43,3.0,5.0,3.0,1.0,2.0,1.0,2.0,1.0,0.0,0.0,4.0,1.0
0022501188,1641738,2026-04-12,DET,34.29,20.0,7.0,2.0,2.0,0.0,2.0,13.0,7.0,7.0,4.0,3.0,2.0
0022501175,1641738,2026-04-10,PHI,26.54,7.0,3.0,3.0,1.0,0.0,2.0,7.0,3.0,4.0,1.0,0.0,0.0
0022501152,1641738,2026-04-07,MIN,16.28,2.0,5.0,1.0,0.0,0.0,1.0,2.0,1.0,1.0,0.0,0.0,0.0
0022501136,1641738,2026-04-05,CLE,39.48,11.0,7.0,5.0,1.0,0.0,1.0,10.0,3.0,7.0,3.0,2.0,2.0
0022501120,1641738,2026-04-03,CHA,28.01,12.0,9.0,4.0,0.0,0.0,2.0,10.0,5.0,2.0,1.0,2.0,1.0
0022501109,1641738,2026-04-01,CHI,28.03,17.0,8.0,6.0,0.0,0.0,2.0,10.0,8.0,3.0,1.0,0.0,0.0
0022501083,1641738,2026-03-29,MIA,33.26,18.0,4.0,5.0,1.0,1.0,0.0,11.0,7.0,6.0,3.0,1.0,1.0
0022501066,1641738,2026-03-27,LAC,26.49,11.0,4.0,3.0,2.0,1.0,1.0,8.0,4.0,4.0,1.0,2.0,2.0
0022501052,1641738,2026-03-25,LAL,8.25,0.0,0.0,1.0,0.0,0.0,2.0,2.0,0.0,2.0,0.0,0.0,0.0
0022501028,1641738,2026-03-21,SAS,13.18,9.0,0.0,1.0,0.0,0.0,0.0,5.0,3.0,4.0,3.0,0.0,0.0
0022501200,1641739,2026-04-12,SAC,33.3,15.0,4.0,2.0,0.0,0.0,0.0,14.0,6.0,8.0,3.0,0.0,0.0
0022501183,1641739,2026-04-10,LAC,32.56,5.0,1.0,3.0,1.0,1.0,0.0,13.0,2.0,8.0,1.0,0.0,0.0
0022501161,1641739,2026-04-08,SAS,39.57,18.0,4.0,6.0,3.0,1.0,2.0,12.0,7.0,8.0,4.0,0.0,0.0
0022501147,1641739,2026-04-06,DEN,34.55,30.0,5.0,0.0,1.0,0.0,1.0,16.0,10.0,13.0,8.0,2.0,2.0
0022501118,1641739,2026-04-02,NOP,39.22,23.0,4.0,1.0,3.0,0.0,1.0,15.0,8.0,12.0,6.0,1.0,1.0
0022501104,1641739,2026-03-31,LAC,32.35,17.0,7.0,0.0,2.0,1.0,1.0,16.0,7.0,9.0,3.0,0.0,0.0
0022501087,1641739,2026-03-29,WAS,28.14,23.0,7.0,1.0,3.0,0.0,1.0,14.0,8.0,9.0,4.0,4.0,3.0
0022501074,1641739,2026-03-27,DAL,38.39,8.0,5.0,3.0,1.0,1.0,1.0,9.0,3.0,6.0,2.0,0.0,0.0
0022501061,1641739,2026-03-25,MIL,24.12,10.0,3.0,1.0,2.0,1.0,2.0,6.0,3.0,4.0,2.0,2.0,2.0
0022501045,1641739,2026-03-23,BKN,28.14,35.0,3.0,3.0,2.0,0.0,2.0,12.0,10.0,11.0,9.0,7.0,6.0
0022501195,1641740,2026-04-12,NOP,30.26,8.0,3.0,2.0,0.0,1.0,1.0,9.0,3.0,7.0,2.0,0.0,0.0
0022501178,1641740,2026-04-10,HOU,12.09,2.0,1.0,1.0,1.0,0.0,1.0,1.0,1.0,0.0,0.0,0.0,0.0
0022501159,1641740,2026-04-08,ORL,32.53,3.0,2.0,4.0,2.0,0.0,0.0,6.0,1.0,4.0,1.0,0.0,0.0
0022501152,1641740,2026-04-07,IND,17.44,11.0,1.0,0.0,4.0,0.0,0.0,9.0,5.0,3.0,1.0,0.0,0.0
0022501137,1641740,2026-04-05,CHA,10.55,9.0,0.0,2.0,1.0,0.0,0.0,4.0,3.0,3.0,3.0,0.0,0.0
0022501095,1641740,2026-03-30,DAL,4.29,2.0,2.0,0.0,0.0,0.0,0.0,2.0,1.0,0.0,0.0,0.0,0.0
0022501080,1641740,2026-03-28,DET,17.41,9.0,4.0,0.0,0.0,0.0,1.0,6.0,2.0,2.0,0.0,6.0,5.0
0022501035,1641740,2026-03-22,BOS,12.29,0.0,3.0,2.0,0.0,0.0,1.0,0.0,0.0,0.0,0.0,0.0,0.0
0022501004,1641740,2026-03-18,UTA,9.57,9.0,2.0,0.0,0.0,0.0,0.0,7.0,3.0,4.0,2.0,1.0,1.0
0022500976,1641740,2026-03-15,OKC,1.46,0.0,1.0,0.0,0.0,0.0,0.0,1.0,0.0,1.0,0.0,0.0,0.0
0022500360,1641744,2025-12-07,POR,21.56,12.0,10.0,3.0,0.0,0.0,6.0,11.0,5.0,2.0,0.0,3.0,2.0
0022500347,1641744,2025-12-05,LAC,29.25,10.0,8.0,1.0,0.0,2.0,2.0,8.0,4.0,0.0,0.0,3.0,2.0
0022500322,1641744,2025-12-02,SAS,29.4,19.0,15.0,1.0,1.0,1.0,2.0,12.0,8.0,0.0,0.0,4.0,3.0
0022500307,1641744,2025-11-30,SAC,29.26,32.0,17.0,0.0,0.0,5.0,5.0,20.0,16.0,0.0,0.0,1.0,0.0
0022500079,1641744,2025-11-28,LAC,31.58,5.0,19.0,2.0,0.0,3.0,1.0,4.0,2.0,0.0,0.0,2.0,1.0
0022500065,1641744,2025-11-26,NOP,34.39,21.0,15.0,0.0,1.0,2.0,2.0,15.0,10.0,1.0,0.0,1.0,1.0
0022500287,1641744,2025-11-24,DEN,5.41,2.0,1.0,0.0,0.0,0.0,0.0,1.0,1.0,0.0,0.0,0.0,0.0
0022500273,1641744,2025-11-22,DAL,26.29,12.0,15.0,3.0,1.0,4.0,4.0,3.0,2.0,0.0,0.0,8.0,8.0
0022500265,1641744,2025-11-20,SAC,24.5,16.0,4.0,0.0,2.0,0.0,0.0,7.0,7.0,1.0,1.0,1.0,1.0
0022500252,1641744,2025-11-18,SAS,25.05,8.0,11.0,2.0,0.0,2.0,3.0,10.0,4.0,0.0,0.0,0.0,0.0
0022501197,1641747,2026-04-12,SAS,4.09,0.0,1.0,0.0,0.0,2.0,1.0,1.0,0.0,1.0,0.0,1.0,0.0
0022501182,1641747,2026-04-10,OKC,2.08,2.0,0.0,0.0,1.0,0.0,0.0,0.0,0.0,0.0,0.0,2.0,2.0
0022501162,1641747,2026-04-08,MEM,3.14,3.0,4.0,0.0,0.0,0.0,0.0,2.0,1.0,2.0,1.0,0.0,0.0
0022501112,1641747,2026-04-01,UTA,1.4,0.0,0.0,0.0,0.0,0.0,0.0,0.0,0.0,0.0,0.0,0.0,0.0
0022501090,1641747,2026-03-29,GSW,1.56,5.0,0.0,0.0,0.0,0.0,0.0,2.0,2.0,1.0,1.0,0.0,0.0
0022501032,1641747,2026-03-22,POR,1.57,0.0,1.0,0.0,0.0,0.0,3.0,0.0,0.0,0.0,0.0,0.0,0.0
0022500911,1641747,2026-03-06,NYK,7.41,11.0,1.0,0.0,0.0,0.0,2.0,4.0,3.0,3.0,2.0,3.0,3.0
0022500871,1641747,2026-03-01,MIN,1.17,0.0,0.0,0.0,0.0,0.0,0.0,0.0,0.0,0.0,0.0,0.0,0.0
0022500847,1641747,2026-02-25,BOS,2.34,5.0,1.0,0.0,0.0,0.0,0.0,2.0,2.0,1.0,1.0,0.0,0.0
0022500810,1641747,2026-02-20,POR,6.56,9.0,3.0,1.0,0.0,0.0,1.0,7.0,4.0,3.0,1.0,0.0,0.0
0022501191,1641748,2026-04-12,PHI,29.53,9.0,7.0,2.0,2.0,1.0,0.0,10.0,3.0,2.0,0.0,8.0,3.0
0022501179,1641748,2026-04-10,BKN,14.59,0.0,2.0,1.0,0.0,0.0,2.0,2.0,0.0,2.0,0.0,0.0,0.0
0022501160,1641748,2026-04-08,DET,6.26,4.0,2.0,0.0,0.0,0.0,0.0,2.0,1.0,1.0,0.0,2.0,2.0
0022501150,1641748,2026-04-07,BKN,15.17,3.0,2.0,2.0,1.0,1.0,3.0,3.0,1.0,2.0,0.0,2.0,1.0
0022501126,1641748,2026-04-03,BOS,9.58,7.0,0.0,1.0,1.0,0.0,0.0,8.0,3.0,3.0,1.0,0.0,0.0
0022501110,1641748,2026-04-01,HOU,23.25,8.0,5.0,3.0,0.0,0.0,2.0,8.0,3.0,3.0,2.0,2.0,0.0
0022500652,1641748,2026-03-31,DAL,4.43,0.0,2.0,0.0,0.0,0.0,0.0,1.0,0.0,0.0,0.0,0.0,0.0
0022501082,1641748,2026-03-29,LAC,33.09,13.0,6.0,0.0,2.0,0.0,4.0,8.0,5.0,2.0,1.0,2.0,2.0
0022501076,1641748,2026-03-28,SAS,13.37,11.0,1.0,0.0,0.0,0.0,2.0,9.0,4.0,7.0,3.0,0.0,0.0
0022501061,1641748,2026-03-25,POR,21.29,8.0,3.0,1.0,4.0,0.0,2.0,5.0,2.0,3.0,1.0,6.0,3.0
0022501190,1641750,2026-04-12,NYK,20.37,9.0,5.0,2.0,1.0,1.0,1.0,4.0,4.0,0.0,0.0,1.0,1.0
0022501171,1641750,2026-04-10,DET,22.48,4.0,4.0,1.0,0.0,1.0,2.0,1.0,1.0,0.0,0.0,2.0,2.0
0022501149,1641750,2026-04-07,BOS,15.07,4.0,3.0,0.0,0.0,1.0,0.0,2.0,2.0,0.0,0.0,0.0,0.0
0022501137,1641750,2026-04-05,MIN,16.28,2.0,5.0,0.0,0.0,0.0,0.0,1.0,1.0,0.0,0.0,0.0,0.0
0022501120,1641750,2026-04-03,IND,24.39,7.0,8.0,2.0,0.0,3.0,1.0,7.0,3.0,0.0,0.0,1.0,1.0
0022501114,1641750,2026-04-02,PHX,23.2,8.0,7.0,1.0,1.0,4.0,0.0,3.0,3.0,0.0,0.0,2.0,2.0
0022501100,1641750,2026-03-31,BKN,17.52,8.0,3.0,0.0,0.0,1.0,0.0,4.0,3.0,0.0,0.0,2.0,2.0
0022501085,1641750,2026-03-29,BOS,13.16,2.0,2.0,2.0,0.0,1.0,0.0,1.0,1.0,0.0,0.0,0.0,0.0
0022501077,1641750,2026-03-28,PHI,17.32,4.0,1.0,0.0,0.0,1.0,0.0,1.0,1.0,0.0,0.0,2.0,2.0
0022501063,1641750,2026-03-26,NYK,17.43,4.0,4.0,1.0,0.0,2.0,2.0,2.0,2.0,0.0,0.0,0.0,0.0
0022501064,1641752,2026-03-26,NOP,2.32,2.0,1.0,0.0,0.0,0.0,0.0,1.0,1.0,0.0,0.0,0.0,0.0
0022500923,1641752,2026-03-08,MIA,4.3,3.0,0.0,2.0,0.0,0.0,1.0,2.0,1.0,1.0,1.0,0.0,0.0
0022500904,1641752,2026-03-05,SAS,0.45,0.0,1.0,0.0,0.0,0.0,0.0,0.0,0.0,0.0,0.0,0.0,0.0
0022500781,1641752,2026-02-11,TOR,3.51,0.0,0.0,0.0,1.0,0.0,0.0,2.0,0.0,1.0,0.0,0.0,0.0
0022500685,1641752,2026-01-29,PHX,3.47,0.0,1.0,0.0,0.0,0.0,0.0,1.0,0.0,0.0,0.0,0.0,0.0
0022500650,1641752,2026-01-25,SAC,3.05,0.0,0.0,0.0,0.0,0.0,0.0,0.0,0.0,0.0,0.0,0.0,0.0
0022500041,1641752,2025-11-14,PHI,4.43,2.0,0.0,0.0,0.0,0.0,0.0,1.0,1.0,0.0,0.0,0.0,0.0
0022500214,1641752,2025-11-12,CHI,13.51,6.0,6.0,1.0,0.0,0.0,2.0,7.0,2.0,6.0,2.0,0.0,0.0
0022500199,1641752,2025-11-10,WAS,7.06,3.0,2.0,2.0,0.0,0.0,1.0,4.0,1.0,2.0,1.0,0.0,0.0
0022500195,1641752,2025-11-09,PHI,5.36,0.0,0.0,0.0,0.0,0.0,1.0,1.0,0.0,0.0,0.0,0.0,0.0
0022500341,1641753,2025-12-05,SAS,2.26,2.0,0.0,0.0,0.0,0.0,0.0,2.0,1.0,1.0,0.0,0.0,0.0
0022500310,1641753,2025-12-01,IND,0.57,0.0,0.0,0.0,0.0,0.0,0.0,0.0,0.0,0.0,0.0,0.0,0.0
0022500284,1641753,2025-11-24,TOR,14.03,7.0,3.0,1.0,1.0,0.0,0.0,5.0,3.0,2.0,0.0,1.0,1.0
0022501190,1641755,2026-04-12,CHA,24.43,14.0,2.0,1.0,2.0,0.0,0.0,11.0,6.0,6.0,2.0,0.0,0.0
0022500994,1641755,2026-03-17,IND,2.54,2.0,2.0,0.0,1.0,0.0,0.0,2.0,1.0,1.0,0.0,0.0,0.0
0022500949,1641755,2026-03-11,UTA,1.38,0.0,0.0,0.0,0.0,0.0,1.0,0.0,0.0,0.0,0.0,0.0,0.0
0022500887,1641755,2026-03-03,TOR,0.5,0.0,0.0,0.0,0.0,0.0,0.0,0.0,0.0,0.0,0.0,0.0,0.0
0022500868,1641755,2026-03-01,SAS,2.25,0.0,0.0,0.0,0.0,0.0,0.0,1.0,0.0,0.0,0.0,0.0,0.0
0022500780,1641755,2026-02-11,PHI,9.33,4.0,1.0,0.0,1.0,0.0,0.0,4.0,2.0,1.0,0.0,0.0,0.0
0022500757,1641755,2026-02-08,BOS,3.49,0.0,0.0,0.0,0.0,0.0,0.0,2.0,0.0,1.0,0.0,0.0,0.0
0022500742,1641755,2026-02-06,DET,19.47,2.0,2.0,2.0,1.0,0.0,3.0,3.0,1.0,1.0,0.0,0.0,0.0
0022500726,1641755,2026-02-04,DEN,2.07,0.0,1.0,2.0,0.0,0.0,0.0,1.0,0.0,0.0,0.0,0.0,0.0
0022500596,1641755,2026-01-17,PHX,0.19,0.0,0.0,0.0,0.0,0.0,0.0,0.0,0.0,0.0,0.0,0.0,0.0
0022501199,1641757,2026-04-12,GSW,29.12,14.0,4.0,6.0,0.0,0.0,2.0,6.0,4.0,2.0,1.0,5.0,5.0
0022501183,1641757,2026-04-10,POR,32.21,15.0,5.0,0.0,1.0,1.0,1.0,9.0,5.0,4.0,2.0,3.0,3.0
0022501163,1641757,2026-04-08,OKC,29.38,16.0,3.0,6.0,0.0,0.0,1.0,11.0,6.0,4.0,1.0,4.0,3.0
0022501156,1641757,2026-04-07,DAL,16.12,4.0,2.0,1.0,0.0,0.0,0.0,1.0,1.0,0.0,0.0,2.0,2.0
0022501141,1641757,2026-04-05,SAC,23.29,13.0,2.0,6.0,1.0,1.0,2.0,6.0,5.0,3.0,3.0,0.0,0.0
0022501119,1641757,2026-04-02,SAS,25.42,12.0,0.0,0.0,1.0,0.0,1.0,11.0,6.0,2.0,0.0,0.0,0.0
0022501104,1641757,2026-03-31,POR,24.54,16.0,2.0,3.0,1.0,0.0,0.0,8.0,6.0,3.0,2.0,4.0,2.0
0022501082,1641757,2026-03-29,MIL,23.51,5.0,5.0,3.0,3.0,0.0,1.0,7.0,2.0,3.0,0.0,2.0,1.0
0022501066,1641757,2026-03-27,IND,13.14,5.0,1.0,1.0,1.0,1.0,1.0,6.0,2.0,0.0,0.0,3.0,1.0
0022501046,1641757,2026-03-23,MIL,21.23,10.0,4.0,4.0,0.0,0.0,2.0,7.0,4.0,0.0,0.0,2.0,2.0
0022500901,1641761,2026-03-05,MIA,2.2,0.0,0.0,0.0,0.0,0.0,0.0,1.0,0.0,0.0,0.0,0.0,0.0
0022500886,1641761,2026-03-03,MIA,2.49,3.0,0.0,0.0,0.0,0.0,0.0,0.0,0.0,0.0,0.0,4.0,3.0
0022500869,1641761,2026-03-01,CLE,20.02,11.0,4.0,1.0,1.0,3.0,2.0,7.0,4.0,0.0,0.0,4.0,3.0
0022500859,1641761,2026-02-27,BOS,9.5,3.0,2.0,4.0,0.0,2.0,2.0,1.0,1.0,0.0,0.0,2.0,1.0
0022501195,1641763,2026-04-12,NOP,26.27,16.0,1.0,1.0,1.0,0.0,1.0,12.0,6.0,5.0,1.0,6.0,3.0
0022501159,1641763,2026-04-08,ORL,23.47,6.0,2.0,0.0,0.0,0.0,1.0,9.0,2.0,6.0,2.0,0.0,0.0
0022501152,1641763,2026-04-07,IND,3.07,0.0,0.0,0.0,0.0,0.0,1.0,0.0,0.0,0.0,0.0,0.0,0.0
0022501137,1641763,2026-04-05,CHA,3.15,2.0,0.0,0.0,0.0,0.0,0.0,1.0,1.0,0.0,0.0,0.0,0.0
0022501080,1641763,2026-03-28,DET,5.44,0.0,0.0,1.0,0.0,0.0,0.0,1.0,0.0,1.0,0.0,0.0,0.0
0022501035,1641763,2026-03-22,BOS,1.22,0.0,0.0,0.0,0.0,0.0,0.0,0.0,0.0,0.0,0.0,0.0,0.0
0022500952,1641763,2026-03-11,LAC,6.0,3.0,1.0,0.0,0.0,0.0,0.0,2.0,1.0,2.0,1.0,0.0,0.0
0022500946,1641763,2026-03-10,LAL,3.55,2.0,1.0,1.0,1.0,0.0,0.0,1.0,1.0,0.0,0.0,0.0,0.0
0022500915,1641763,2026-03-07,ORL,4.36,2.0,0.0,0.0,0.0,1.0,0.0,2.0,0.0,1.0,0.0,2.0,2.0
0022500903,1641763,2026-03-05,TOR,3.08,2.0,0.0,0.0,0.0,0.0,0.0,1.0,1.0,0.0,0.0,0.0,0.0
0022501199,1641764,2026-04-12,LAC,21.03,10.0,4.0,2.0,0.0,0.0,1.0,10.0,3.0,5.0,2.0,2.0,2.0
0022501184,1641764,2026-04-10,SAC,32.1,30.0,3.0,1.0,1.0,0.0,2.0,15.0,9.0,8.0,3.0,10.0,9.0
0022501170,1641764,2026-04-09,LAL,24.01,17.0,1.0,1.0,0.0,0.0,0.0,15.0,7.0,5.0,1.0,2.0,2.0
0022501154,1641764,2026-04-07,SAC,29.31,20.0,1.0,3.0,1.0,0.0,2.0,11.0,5.0,6.0,4.0,6.0,6.0
0022501142,1641764,2026-04-05,HOU,36.5,18.0,2.0,3.0,1.0,0.0,2.0,11.0,7.0,6.0,2.0,2.0,2.0
0022501117,1641764,2026-04-02,CLE,35.12,25.0,4.0,4.0,2.0,0.0,1.0,15.0,9.0,5.0,2.0,6.0,5.0
0022501113,1641764,2026-04-01,SAS,17.14,14.0,6.0,5.0,0.0,0.0,1.0,8.0,4.0,5.0,2.0,4.0,4.0
0022501090,1641764,2026-03-29,DEN,31.45,23.0,5.0,2.0,2.0,1.0,0.0,14.0,8.0,8.0,5.0,2.0,2.0
0022501073,1641764,2026-03-27,WAS,33.18,22.0,10.0,7.0,2.0,0.0,3.0,13.0,6.0,8.0,3.0,8.0,7.0
0022501060,1641764,2026-03-25,BKN,35.07,22.0,6.0,5.0,0.0,0.0,3.0,11.0,6.0,4.0,2.0,8.0,8.0
0022501145,1641765,2026-04-06,CLE,19.24,24.0,3.0,0.0,1.0,0.0,2.0,12.0,10.0,5.0,4.0,1.0,0.0
0022501135,1641765,2026-04-05,MIL,14.18,13.0,3.0,2.0,0.0,0.0,1.0,10.0,5.0,5.0,1.0,3.0,2.0
0022501003,1641765,2026-04-01,NYK,24.31,17.0,4.0,1.0,2.0,1.0,0.0,11.0,6.0,4.0,1.0,5.0,4.0
0022501079,1641765,2026-03-28,CHI,15.28,12.0,4.0,1.0,1.0,0.0,1.0,8.0,5.0,3.0,1.0,1.0,1.0
0022501069,1641765,2026-03-27,HOU,28.43,31.0,7.0,2.0,2.0,0.0,0.0,15.0,12.0,5.0,4.0,3.0,3.0
0022501056,1641765,2026-03-25,SAS,25.15,17.0,5.0,0.0,0.0,0.0,1.0,10.0,6.0,7.0,3.0,3.0,2.0
0022501037,1641765,2026-03-23,ATL,25.08,8.0,3.0,1.0,4.0,0.0,2.0,7.0,2.0,1.0,0.0,6.0,4.0
0022501023,1641765,2026-03-21,CHA,27.16,10.0,7.0,1.0,1.0,0.0,1.0,8.0,3.0,3.0,1.0,4.0,3.0
0022501019,1641765,2026-03-20,BOS,30.55,14.0,7.0,2.0,1.0,0.0,1.0,10.0,4.0,6.0,1.0,7.0,5.0
0022500651,1641765,2026-03-18,DEN,23.1,19.0,1.0,0.0,2.0,0.0,1.0,9.0,6.0,5.0,3.0,6.0,4.0
0022501120,1641767,2026-04-03,CHA,24.37,7.0,3.0,2.0,0.0,0.0,0.0,7.0,2.0,3.0,1.0,2.0,2.0
0022501109,1641767,2026-04-01,CHI,21.34,13.0,2.0,5.0,2.0,1.0,2.0,11.0,6.0,5.0,1.0,0.0,0.0
0022501083,1641767,2026-03-29,MIA,23.11,5.0,2.0,1.0,1.0,0.0,0.0,4.0,2.0,2.0,1.0,0.0,0.0
0022501066,1641767,2026-03-27,LAC,18.34,2.0,3.0,0.0,0.0,0.0,1.0,3.0,1.0,2.0,0.0,0.0,0.0
0022501052,1641767,2026-03-25,LAL,17.3,13.0,2.0,2.0,1.0,0.0,0.0,6.0,4.0,5.0,4.0,1.0,1.0
0022501039,1641767,2026-03-23,ORL,18.22,5.0,3.0,0.0,0.0,0.0,0.0,4.0,2.0,3.0,1.0,0.0,0.0
0022501028,1641767,2026-03-21,SAS,21.1,9.0,3.0,1.0,0.0,0.0,0.0,4.0,3.0,1.0,1.0,3.0,2.0
0022501001,1641767,2026-03-18,POR,18.4,10.0,1.0,1.0,1.0,1.0,1.0,8.0,4.0,3.0,2.0,0.0,0.0
0022500994,1641767,2026-03-17,NYK,17.05,7.0,5.0,1.0,2.0,0.0,0.0,3.0,3.0,1.0,1.0,0.0,0.0
0022500962,1641767,2026-03-13,NYK,20.45,5.0,3.0,1.0,0.0,0.0,1.0,8.0,2.0,5.0,1.0,0.0,0.0
0022501188,1641771,2026-04-12,DET,27.07,2.0,2.0,4.0,5.0,1.0,0.0,2.0,1.0,1.0,0.0,2.0,0.0
0022501175,1641771,2026-04-10,PHI,15.11,2.0,5.0,3.0,0.0,1.0,5.0,4.0,0.0,2.0,0.0,2.0,2.0
0022501167,1641771,2026-04-09,BKN,28.44,12.0,7.0,5.0,1.0,0.0,0.0,10.0,5.0,4.0,1.0,2.0,1.0
0022501152,1641771,2026-04-07,MIN,34.24,14.0,2.0,0.0,1.0,1.0,2.0,7.0,6.0,2.0,1.0,2.0,1.0
0022501136,1641771,2026-04-05,CLE,32.44,19.0,6.0,2.0,2.0,0.0,3.0,11.0,7.0,7.0,5.0,0.0,0.0
0022501109,1641771,2026-04-01,CHI,23.57,8.0,8.0,5.0,2.0,3.0,2.0,8.0,3.0,4.0,2.0,0.0,0.0
0022501083,1641771,2026-03-29,MIA,16.05,0.0,4.0,1.0,0.0,0.0,0.0,2.0,0.0,1.0,0.0,0.0,0.0
0022501066,1641771,2026-03-27,LAC,4.08,0.0,0.0,1.0,1.0,0.0,0.0,1.0,0.0,0.0,0.0,0.0,0.0
0022501001,1641771,2026-03-18,POR,37.13,17.0,7.0,4.0,1.0,3.0,0.0,10.0,6.0,4.0,2.0,3.0,3.0
0022500994,1641771,2026-03-17,NYK,21.5,8.0,1.0,3.0,3.0,2.0,0.0,7.0,2.0,5.0,2.0,2.0,2.0
0022501187,1641772,2026-04-12,WAS,36.27,26.0,8.0,5.0,0.0,0.0,1.0,16.0,9.0,8.0,4.0,4.0,4.0
0022501173,1641772,2026-04-10,ATL,18.59,4.0,5.0,1.0,1.0,1.0,1.0,4.0,2.0,0.0,0.0,0.0,0.0
0022501145,1641772,2026-04-06,MEM,21.32,10.0,9.0,2.0,1.0,1.0,2.0,7.0,4.0,2.0,1.0,1.0,1.0
0022501136,1641772,2026-04-05,IND,13.13,3.0,4.0,0.0,0.0,1.0,1.0,2.0,1.0,2.0,1.0,0.0,0.0
0022501103,1641772,2026-03-31,LAL,22.2,9.0,3.0,1.0,0.0,0.0,1.0,9.0,4.0,5.0,1.0,0.0,0.0
0022501096,1641772,2026-03-30,UTA,9.21,4.0,3.0,0.0,0.0,1.0,0.0,3.0,2.0,0.0,0.0,0.0,0.0
0022501068,1641772,2026-03-27,MIA,5.41,0.0,0.0,1.0,0.0,0.0,0.0,0.0,0.0,0.0,0.0,0.0,0.0
0022501055,1641772,2026-03-25,MIA,17.54,6.0,4.0,0.0,0.0,0.0,0.0,3.0,2.0,0.0,0.0,2.0,2.0
0022501049,1641772,2026-03-24,ORL,6.12,0.0,1.0,0.0,0.0,1.0,0.0,0.0,0.0,0.0,0.0,0.0,0.0
0022501025,1641772,2026-03-21,NOP,3.53,0.0,0.0,0.0,0.0,0.0,0.0,1.0,0.0,0.0,0.0,0.0,0.0
0022501105,1641774,2026-04-01,PHI,11.16,17.0,2.0,2.0,1.0,0.0,2.0,7.0,6.0,3.0,3.0,2.0,2.0
0022501098,1641774,2026-03-30,LAL,20.03,14.0,3.0,1.0,4.0,1.0,0.0,12.0,4.0,6.0,1.0,6.0,5.0
0022501087,1641774,2026-03-29,POR,16.04,10.0,2.0,0.0,1.0,1.0,0.0,5.0,2.0,3.0,2.0,4.0,4.0
0022501034,1641774,2026-03-22,NYK,15.08,13.0,1.0,1.0,0.0,0.0,1.0,9.0,5.0,6.0,3.0,0.0,0.0
0022501022,1641774,2026-03-21,OKC,19.57,6.0,7.0,0.0,0.0,0.0,2.0,11.0,2.0,8.0,1.0,3.0,1.0
0022501009,1641774,2026-03-19,DET,17.31,21.0,4.0,1.0,0.0,1.0,4.0,8.0,7.0,3.0,3.0,6.0,4.0
0022500993,1641774,2026-03-17,DET,18.44,9.0,4.0,1.0,0.0,1.0,1.0,8.0,4.0,3.0,0.0,2.0,1.0
0022500984,1641774,2026-03-16,GSW,15.27,11.0,2.0,1.0,0.0,1.0,2.0,9.0,3.0,7.0,2.0,4.0,3.0
0022500971,1641774,2026-03-14,BOS,20.18,22.0,3.0,1.0,1.0,0.0,2.0,9.0,7.0,7.0,6.0,2.0,2.0
0022500955,1641774,2026-03-12,ORL,20.57,11.0,11.0,1.0,0.0,1.0,2.0,12.0,5.0,5.0,1.0,0.0,0.0
0022501186,1641775,2026-04-12,ORL,33.08,9.0,8.0,3.0,1.0,1.0,1.0,9.0,2.0,6.0,1.0,4.0,4.0
0022501174,1641775,2026-04-10,NOP,22.0,6.0,2.0,2.0,1.0,1.0,0.0,4.0,2.0,4.0,2.0,0.0,0.0
0022501168,1641775,2026-04-09,NYK,17.27,5.0,2.0,1.0,0.0,0.0,0.0,4.0,2.0,2.0,1.0,0.0,0.0
0022501149,1641775,2026-04-07,CHA,18.12,9.0,6.0,0.0,1.0,0.0,1.0,4.0,4.0,1.0,1.0,0.0,0.0
0022501132,1641775,2026-04-05,TOR,13.07,4.0,0.0,0.0,1.0,0.0,0.0,4.0,2.0,2.0,0.0,0.0,0.0
0022501126,1641775,2026-04-03,MIL,12.27,7.0,2.0,0.0,0.0,0.0,0.0,5.0,3.0,3.0,1.0,0.0,0.0
0022501106,1641775,2026-04-01,MIA,5.15,0.0,1.0,1.0,1.0,1.0,0.0,1.0,0.0,0.0,0.0,0.0,0.0
0022501092,1641775,2026-03-30,ATL,31.2,8.0,4.0,1.0,2.0,1.0,1.0,5.0,2.0,4.0,1.0,4.0,3.0
0022501085,1641775,2026-03-29,CHA,33.43,3.0,7.0,2.0,1.0,0.0,0.0,7.0,1.0,4.0,0.0,1.0,1.0
0022501067,1641775,2026-03-27,ATL,27.28,5.0,3.0,1.0,0.0,3.0,0.0,3.0,2.0,1.0,1.0,0.0,0.0
0022501187,1641778,2026-04-12,CLE,9.22,0.0,1.0,1.0,1.0,0.0,0.0,3.0,0.0,2.0,0.0,0.0,0.0
0022501172,1641778,2026-04-10,MIA,31.43,8.0,2.0,3.0,2.0,0.0,4.0,11.0,3.0,8.0,2.0,0.0,0.0
0022501166,1641778,2026-04-09,CHI,40.51,14.0,9.0,0.0,2.0,1.0,1.0,14.0,6.0,8.0,2.0,0.0,0.0
0022501148,1641778,2026-04-07,CHI,23.57,3.0,5.0,0.0,1.0,0.0,1.0,4.0,1.0,3.0,1.0,0.0,0.0
0022501133,1641778,2026-04-05,BKN,42.11,8.0,5.0,1.0,5.0,0.0,2.0,9.0,3.0,6.0,2.0,0.0,0.0
0022501129,1641778,2026-04-04,MIA,4.21,0.0,0.0,0.0,0.0,0.0,0.0,1.0,0.0,0.0,0.0,0.0,0.0
0022501087,1641778,2026-03-29,POR,22.2,5.0,8.0,2.0,0.0,0.0,0.0,5.0,2.0,0.0,0.0,2.0,1.0
0022501073,1641778,2026-03-27,GSW,42.01,4.0,8.0,4.0,1.0,0.0,0.0,9.0,2.0,3.0,0.0,0.0,0.0
0022501057,1641778,2026-03-25,UTA,40.12,11.0,7.0,3.0,3.0,3.0,1.0,6.0,4.0,4.0,3.0,0.0,0.0
0022501034,1641778,2026-03-22,NYK,16.43,3.0,3.0,1.0,1.0,0.0,1.0,2.0,1.0,1.0,1.0,0.0,0.0
0022500780,1641780,2026-02-11,NYK,6.47,0.0,1.0,0.0,1.0,1.0,0.0,2.0,0.0,1.0,0.0,0.0,0.0
0022500770,1641780,2026-02-09,POR,4.41,0.0,2.0,0.0,0.0,1.0,1.0,2.0,0.0,1.0,0.0,2.0,0.0
0022500724,1641780,2026-02-03,GSW,2.05,0.0,0.0,0.0,0.0,0.0,0.0,0.0,0.0,0.0,0.0,0.0,0.0
0022500666,1641780,2026-01-27,MIL,1.28,0.0,0.0,0.0,0.0,0.0,0.0,0.0,0.0,0.0,0.0,0.0,0.0
0022500410,1641780,2025-12-23,BKN,0.36,0.0,0.0,0.0,0.0,0.0,0.0,0.0,0.0,0.0,0.0,0.0,0.0
0022500318,1641780,2025-12-02,WAS,7.51,0.0,4.0,1.0,0.0,0.0,0.0,6.0,0.0,1.0,0.0,2.0,0.0
0022500070,1641780,2025-11-28,BKN,7.27,2.0,0.0,0.0,0.0,0.0,0.0,0.0,0.0,0.0,0.0,2.0,2.0
0022500058,1641780,2025-11-25,ORL,17.07,4.0,6.0,2.0,2.0,0.0,2.0,9.0,2.0,1.0,0.0,0.0,0.0
0022500275,1641780,2025-11-23,MIA,0.54,0.0,1.0,0.0,0.0,0.0,0.0,0.0,0.0,0.0,0.0,0.0,0.0
0022500171,1641780,2025-11-05,CLE,1.06,0.0,0.0,0.0,0.0,0.0,0.0,0.0,0.0,0.0,0.0,0.0,0.0
0022501186,1641783,2026-04-12,BOS,23.38,8.0,6.0,2.0,1.0,0.0,2.0,6.0,3.0,2.0,0.0,2.0,2.0
0022501177,1641783,2026-04-10,CHI,21.23,2.0,3.0,6.0,0.0,0.0,0.0,4.0,1.0,3.0,0.0,0.0,0.0
0022501159,1641783,2026-04-08,MIN,19.42,12.0,2.0,2.0,0.0,1.0,0.0,9.0,5.0,5.0,2.0,0.0,0.0
0022501144,1641783,2026-04-06,DET,33.1,12.0,4.0,1.0,1.0,0.0,4.0,10.0,5.0,4.0,1.0,2.0,1.0
0022501138,1641783,2026-04-05,NOP,17.35,2.0,3.0,2.0,1.0,0.0,2.0,4.0,1.0,2.0,0.0,0.0,0.0
0022501127,1641783,2026-04-03,DAL,28.46,19.0,5.0,1.0,1.0,1.0,4.0,11.0,6.0,4.0,3.0,6.0,4.0
0022501107,1641783,2026-04-01,ATL,23.02,9.0,2.0,6.0,1.0,0.0,0.0,5.0,2.0,1.0,0.0,5.0,5.0
0022501099,1641783,2026-03-31,PHX,25.08,9.0,3.0,0.0,1.0,0.0,0.0,11.0,3.0,4.0,0.0,3.0,3.0
0022501086,1641783,2026-03-29,TOR,24.38,12.0,3.0,0.0,0.0,0.0,0.0,9.0,4.0,5.0,1.0,3.0,3.0
0022501065,1641783,2026-03-26,SAC,32.16,18.0,2.0,2.0,0.0,0.0,2.0,7.0,5.0,4.0,3.0,6.0,5.0
0022500416,1641787,2025-12-23,MIN,0.35,0.0,0.0,0.0,0.0,0.0,0.0,0.0,0.0,0.0,0.0,0.0,0.0
0022501202,1641787,2025-12-09,TOR,1.13,0.0,0.0,0.0,0.0,0.0,0.0,0.0,0.0,0.0,0.0,0.0,0.0
0022500357,1641787,2025-12-07,ORL,1.16,0.0,0.0,0.0,0.0,0.0,0.0,0.0,0.0,0.0,0.0,0.0,0.0
0022500303,1641787,2025-11-30,TOR,2.09,0.0,1.0,0.0,0.0,0.0,0.0,0.0,0.0,0.0,0.0,0.0,0.0
0022500285,1641787,2025-11-24,BKN,2.3,0.0,1.0,0.0,0.0,0.0,0.0,1.0,0.0,0.0,0.0,0.0,0.0
0022500822,1641790,2026-02-22,WAS,16.49,2.0,5.0,1.0,1.0,0.0,2.0,4.0,0.0,0.0,0.0,2.0,2.0
0022500802,1641790,2026-02-20,CLE,11.34,2.0,4.0,1.0,0.0,0.0,1.0,3.0,1.0,0.0,0.0,0.0,0.0
0022500792,1641790,2026-02-19,HOU,14.16,2.0,4.0,1.0,0.0,1.0,1.0,1.0,0.0,0.0,0.0,2.0,2.0
0022500775,1641790,2026-02-11,ATL,16.48,11.0,10.0,0.0,1.0,0.0,1.0,7.0,3.0,0.0,0.0,5.0,5.0
0022500528,1641790,2026-01-08,IND,10.48,2.0,4.0,1.0,0.0,0.0,2.0,2.0,1.0,0.0,0.0,0.0,0.0
0022500516,1641790,2026-01-07,TOR,14.5,8.0,7.0,0.0,0.0,1.0,2.0,5.0,3.0,0.0,0.0,3.0,2.0
0022500506,1641790,2026-01-05,OKC,19.3,13.0,5.0,1.0,0.0,2.0,0.0,6.0,5.0,1.0,1.0,2.0,2.0
0022500489,1641790,2026-01-03,CHI,22.03,10.0,6.0,0.0,0.0,2.0,3.0,7.0,4.0,1.0,1.0,2.0,1.0
0022500481,1641790,2026-01-02,MIL,18.53,4.0,8.0,1.0,0.0,2.0,1.0,4.0,1.0,0.0,0.0,2.0,2.0
0022500462,1641790,2025-12-31,GSW,15.39,9.0,7.0,2.0,0.0,0.0,0.0,6.0,4.0,0.0,0.0,2.0,1.0
0022501190,1641794,2026-04-12,CHA,12.06,2.0,1.0,0.0,1.0,0.0,0.0,3.0,1.0,1.0,0.0,0.0,0.0
0022501034,1641794,2026-03-22,WAS,3.27,0.0,0.0,0.0,0.0,0.0,0.0,1.0,0.0,1.0,0.0,0.0,0.0
0022500835,1641794,2026-02-24,CLE,2.42,0.0,1.0,1.0,0.0,0.0,0.0,0.0,0.0,0.0,0.0,0.0,0.0
0022500780,1641794,2026-02-11,PHI,6.47,4.0,2.0,2.0,1.0,0.0,0.0,2.0,0.0,1.0,0.0,4.0,4.0
0022500718,1641794,2026-02-03,WAS,9.29,0.0,3.0,1.0,1.0,0.0,0.0,1.0,0.0,1.0,0.0,0.0,0.0
0022500708,1641794,2026-02-01,LAL,0.47,0.0,0.0,0.0,0.0,0.0,0.0,1.0,0.0,0.0,0.0,0.0,0.0
0022500690,1641794,2026-01-30,POR,4.05,3.0,0.0,0.0,0.0,0.0,0.0,1.0,1.0,1.0,1.0,0.0,0.0
0022501172,1641796,2026-04-10,WAS,26.33,24.0,0.0,6.0,1.0,0.0,3.0,14.0,8.0,3.0,1.0,8.0,7.0
0022501165,1641796,2026-04-09,TOR,32.19,10.0,4.0,2.0,0.0,0.0,1.0,10.0,4.0,5.0,2.0,0.0,0.0
0022501151,1641796,2026-04-07,TOR,26.11,7.0,3.0,1.0,0.0,0.0,3.0,9.0,2.0,4.0,1.0,2.0,2.0
0022501129,1641796,2026-04-04,WAS,23.45,16.0,7.0,4.0,0.0,1.0,3.0,10.0,6.0,2.0,0.0,6.0,4.0
0022501106,1641796,2026-04-01,BOS,37.51,18.0,3.0,6.0,3.0,0.0,1.0,13.0,7.0,4.0,2.0,4.0,2.0
0022501091,1641796,2026-03-30,PHI,36.26,20.0,10.0,3.0,1.0,0.0,0.0,13.0,8.0,4.0,0.0,6.0,4.0
0022501083,1641796,2026-03-29,IND,35.45,15.0,5.0,3.0,0.0,0.0,1.0,11.0,7.0,1.0,0.0,3.0,1.0
0022501068,1641796,2026-03-27,CLE,25.44,10.0,3.0,5.0,1.0,0.0,3.0,4.0,2.0,2.0,0.0,6.0,6.0
0022501055,1641796,2026-03-25,CLE,34.04,14.0,5.0,2.0,1.0,1.0,5.0,5.0,3.0,2.0,1.0,7.0,7.0
0022501041,1641796,2026-03-23,SAS,22.38,7.0,1.0,3.0,2.0,0.0,2.0,6.0,2.0,1.0,0.0,3.0,3.0
0022500361,1641801,2025-12-07,GSW,4.21,0.0,1.0,0.0,0.0,0.0,0.0,2.0,0.0,1.0,0.0,0.0,0.0
0022500345,1641801,2025-12-05,IND,7.15,4.0,1.0,2.0,0.0,0.0,0.0,3.0,2.0,1.0,0.0,0.0,0.0
0022500329,1641801,2025-12-03,BKN,7.55,2.0,0.0,0.0,0.0,0.0,0.0,3.0,1.0,1.0,0.0,0.0,0.0
0022500314,1641801,2025-12-01,ORL,6.37,3.0,0.0,2.0,1.0,0.0,0.0,2.0,1.0,2.0,1.0,0.0,0.0
0022500295,1641801,2025-11-29,IND,6.55,6.0,1.0,0.0,1.0,0.0,0.0,3.0,2.0,1.0,1.0,2.0,1.0
0022501194,1641803,2026-04-12,MEM,12.0,12.0,3.0,0.0,1.0,0.0,0.0,9.0,4.0,5.0,2.0,3.0,2.0
0022501183,1641807,2026-04-10,POR,2.04,2.0,1.0,0.0,0.0,0.0,0.0,2.0,1.0,0.0,0.0,0.0,0.0
0022501156,1641807,2026-04-07,DAL,2.29,2.0,1.0,0.0,0.0,0.0,0.0,2.0,1.0,0.0,0.0,0.0,0.0
0022501141,1641807,2026-04-05,SAC,4.57,5.0,1.0,1.0,0.0,0.0,0.0,1.0,1.0,0.0,0.0,3.0,3.0
0022500952,1641807,2026-03-11,MIN,6.0,6.0,0.0,1.0,1.0,0.0,0.0,3.0,3.0,0.0,0.0,0.0,0.0
0022500898,1641807,2026-03-04,IND,5.19,2.0,3.0,0.0,0.0,0.0,0.0,2.0,1.0,1.0,0.0,0.0,0.0
0022500882,1641807,2026-03-02,GSW,2.51,0.0,1.0,0.0,0.0,0.0,0.0,0.0,0.0,0.0,0.0,0.0,0.0
0022501218,1641809,2025-12-14,CLE,4.53,0.0,2.0,0.0,0.0,0.0,0.0,1.0,0.0,1.0,0.0,0.0,0.0
0022501209,1641809,2025-12-12,CHI,6.1,0.0,0.0,0.0,0.0,0.0,0.0,1.0,0.0,0.0,0.0,0.0,0.0
0022500276,1641809,2025-11-23,ATL,9.32,0.0,2.0,1.0,1.0,0.0,0.0,3.0,0.0,3.0,0.0,0.0,0.0
0022500268,1641809,2025-11-22,LAC,9.0,0.0,1.0,0.0,1.0,0.0,0.0,2.0,0.0,2.0,0.0,0.0,0.0
0022500256,1641809,2025-11-19,IND,18.33,4.0,3.0,0.0,1.0,0.0,0.0,6.0,2.0,4.0,0.0,0.0,0.0
0022500245,1641809,2025-11-17,TOR,16.08,1.0,1.0,1.0,0.0,1.0,0.0,3.0,0.0,2.0,0.0,2.0,1.0
0022501100,1641810,2026-03-31,BKN,1.38,0.0,0.0,1.0,0.0,0.0,0.0,0.0,0.0,0.0,0.0,0.0,0.0
0022500894,1641810,2026-03-04,BOS,4.36,3.0,3.0,0.0,0.0,0.0,0.0,1.0,1.0,1.0,1.0,0.0,0.0
0022500802,1641810,2026-02-20,CLE,5.48,3.0,0.0,0.0,0.0,0.0,1.0,3.0,1.0,2.0,1.0,0.0,0.0
0022500627,1641810,2026-01-22,ORL,2.39,0.0,0.0,0.0,0.0,0.0,0.0,0.0,0.0,0.0,0.0,0.0,0.0
0022500359,1641810,2025-12-07,DEN,3.07,0.0,0.0,0.0,0.0,0.0,0.0,0.0,0.0,0.0,0.0,0.0,0.0
0022500344,1641810,2025-12-05,TOR,3.53,2.0,1.0,1.0,0.0,0.0,0.0,3.0,1.0,1.0,0.0,0.0,0.0
0022500328,1641810,2025-12-03,NYK,9.53,0.0,0.0,0.0,1.0,0.0,0.0,2.0,0.0,1.0,0.0,0.0,0.0
0022500312,1641810,2025-12-01,BKN,15.03,10.0,2.0,1.0,0.0,0.0,0.0,5.0,4.0,3.0,2.0,0.0,0.0
0022500229,1641810,2025-11-15,OKC,17.13,9.0,2.0,0.0,0.0,0.0,0.0,6.0,3.0,5.0,3.0,0.0,0.0
0022500043,1641810,2025-11-14,MIL,3.51,0.0,0.0,0.0,0.0,0.0,0.0,0.0,0.0,0.0,0.0,0.0,0.0
0022500288,1641813,2025-11-24,POR,3.18,3.0,0.0,0.0,0.0,0.0,0.0,3.0,1.0,2.0,1.0,0.0,0.0
0022500272,1641813,2025-11-22,DET,1.37,0.0,1.0,1.0,0.0,0.0,0.0,1.0,0.0,1.0,0.0,0.0,0.0
0022500231,1641813,2025-11-15,LAL,3.05,4.0,1.0,0.0,0.0,0.0,2.0,2.0,2.0,0.0,0.0,0.0,0.0
0022500043,1641813,2025-11-14,CHA,0.09,0.0,0.0,0.0,0.0,0.0,0.0,0.0,0.0,0.0,0.0,0.0,0.0
0022500213,1641813,2025-11-12,CHA,5.52,7.0,0.0,1.0,0.0,0.0,1.0,3.0,2.0,3.0,2.0,2.0,1.0
0022500165,1641813,2025-11-04,TOR,4.41,8.0,0.0,0.0,0.0,0.0,0.0,3.0,1.0,2.0,1.0,6.0,5.0
0022500107,1641813,2025-10-26,CLE,7.23,0.0,0.0,0.0,0.0,0.0,1.0,1.0,0.0,0.0,0.0,0.0,0.0
0022500786,1641815,2026-02-11,UTA,20.17,6.0,1.0,4.0,2.0,0.0,2.0,5.0,3.0,1.0,0.0,0.0,0.0
0022500707,1641815,2026-02-01,WAS,18.59,2.0,2.0,5.0,2.0,0.0,0.0,2.0,0.0,0.0,0.0,2.0,2.0
0022500689,1641815,2026-01-30,BOS,3.31,2.0,0.0,1.0,1.0,0.0,0.0,0.0,0.0,0.0,0.0,2.0,2.0
0022500711,1641816,2026-02-01,OKC,3.11,5.0,1.0,0.0,0.0,0.0,0.0,1.0,1.0,1.0,1.0,2.0,2.0
0022500695,1641816,2026-01-30,LAC,2.0,0.0,1.0,1.0,0.0,0.0,0.0,0.0,0.0,0.0,0.0,0.0,0.0
0022500684,1641816,2026-01-29,BKN,12.42,0.0,3.0,1.0,0.0,0.0,1.0,1.0,0.0,1.0,0.0,0.0,0.0
0022500640,1641816,2026-01-23,MIL,11.43,0.0,4.0,3.0,0.0,0.0,0.0,1.0,0.0,1.0,0.0,0.0,0.0
0022500605,1641816,2026-01-18,CHA,20.54,1.0,2.0,2.0,0.0,0.0,0.0,9.0,0.0,8.0,0.0,2.0,1.0
0022500567,1641816,2026-01-13,NOP,2.44,0.0,0.0,0.0,0.0,0.0,0.0,2.0,0.0,2.0,0.0,0.0,0.0
0022500554,1641816,2026-01-11,MIL,12.3,2.0,3.0,2.0,0.0,0.0,1.0,1.0,0.0,1.0,0.0,3.0,2.0
0022500537,1641816,2026-01-09,ATL,27.2,10.0,4.0,4.0,1.0,0.0,2.0,9.0,4.0,4.0,2.0,0.0,0.0
0022500507,1641816,2026-01-05,PHI,19.22,14.0,3.0,1.0,0.0,1.0,1.0,7.0,4.0,4.0,2.0,4.0,4.0
0022500450,1641816,2025-12-29,MIA,6.25,2.0,1.0,0.0,0.0,0.0,0.0,3.0,1.0,2.0,0.0,0.0,0.0
0022501177,1641824,2026-04-10,ORL,26.43,14.0,8.0,3.0,1.0,3.0,2.0,17.0,6.0,9.0,0.0,3.0,2.0
0022501123,1641824,2026-04-03,NYK,23.13,11.0,6.0,0.0,0.0,0.0,3.0,9.0,4.0,5.0,1.0,4.0,2.0
0022501109,1641824,2026-04-01,IND,28.51,17.0,9.0,6.0,2.0,0.0,4.0,11.0,5.0,7.0,3.0,4.0,4.0
0022501094,1641824,2026-03-30,SAS,27.58,12.0,6.0,2.0,1.0,3.0,2.0,12.0,5.0,6.0,1.0,1.0,1.0
0022501079,1641824,2026-03-28,MEM,38.32,29.0,10.0,3.0,1.0,3.0,4.0,21.0,10.0,10.0,3.0,7.0,6.0
0022501070,1641824,2026-03-27,OKC,34.22,15.0,9.0,0.0,0.0,1.0,1.0,13.0,6.0,7.0,1.0,2.0,2.0
0022501053,1641824,2026-03-25,PHI,29.55,18.0,8.0,2.0,0.0,1.0,3.0,15.0,6.0,10.0,4.0,2.0,2.0
0022501042,1641824,2026-03-23,HOU,34.47,23.0,4.0,1.0,0.0,0.0,3.0,16.0,8.0,9.0,5.0,2.0,2.0
0022501011,1641824,2026-03-19,CLE,32.59,13.0,5.0,0.0,3.0,3.0,2.0,13.0,5.0,9.0,2.0,2.0,1.0
0022501002,1641824,2026-03-18,TOR,30.57,19.0,7.0,1.0,2.0,1.0,2.0,15.0,6.0,8.0,3.0,6.0,4.0
0022501188,1641842,2026-04-12,IND,20.27,3.0,5.0,2.0,0.0,1.0,1.0,5.0,1.0,4.0,1.0,0.0,0.0
0022501171,1641842,2026-04-10,CHA,21.0,13.0,5.0,1.0,1.0,0.0,1.0,10.0,5.0,5.0,3.0,0.0,0.0
0022501160,1641842,2026-04-08,MIL,21.41,18.0,3.0,2.0,2.0,1.0,1.0,10.0,6.0,4.0,3.0,3.0,3.0
0022501144,1641842,2026-04-06,ORL,19.05,5.0,0.0,0.0,1.0,1.0,1.0,6.0,2.0,3.0,1.0,0.0,0.0
0022501131,1641842,2026-04-04,PHI,19.51,11.0,6.0,0.0,1.0,1.0,0.0,10.0,4.0,3.0,2.0,2.0,1.0
0022501115,1641842,2026-04-02,MIN,15.39,8.0,0.0,0.0,1.0,0.0,0.0,7.0,4.0,2.0,0.0,0.0,0.0
0022501101,1641842,2026-03-31,TOR,13.04,1.0,2.0,0.0,1.0,0.0,0.0,4.0,0.0,0.0,0.0,2.0,1.0
0022501097,1641842,2026-03-30,OKC,24.08,4.0,2.0,1.0,3.0,0.0,1.0,7.0,2.0,2.0,0.0,0.0,0.0
0022501080,1641842,2026-03-28,MIN,19.59,13.0,2.0,0.0,2.0,2.0,4.0,7.0,4.0,4.0,2.0,5.0,3.0
0022501064,1641842,2026-03-26,NOP,19.07,2.0,7.0,4.0,0.0,0.0,2.0,6.0,1.0,0.0,0.0,0.0,0.0
0022501187,1641854,2026-04-12,WAS,27.51,7.0,7.0,4.0,0.0,1.0,2.0,5.0,3.0,1.0,1.0,0.0,0.0
0022501173,1641854,2026-04-10,ATL,16.37,6.0,5.0,3.0,0.0,0.0,1.0,3.0,2.0,0.0,0.0,2.0,2.0
0022501145,1641854,2026-04-06,MEM,26.11,11.0,8.0,6.0,2.0,2.0,0.0,7.0,4.0,3.0,1.0,2.0,2.0
0022501136,1641854,2026-04-05,IND,22.34,5.0,4.0,1.0,0.0,2.0,0.0,4.0,2.0,2.0,1.0,0.0,0.0
0022501103,1641854,2026-03-31,LAL,15.32,0.0,1.0,1.0,0.0,0.0,2.0,3.0,0.0,3.0,0.0,0.0,0.0
0022501096,1641854,2026-03-30,UTA,15.15,2.0,2.0,3.0,0.0,1.0,0.0,2.0,1.0,1.0,0.0,0.0,0.0
0022500965,1641854,2026-03-13,DAL,14.45,5.0,4.0,1.0,1.0,0.0,0.0,2.0,2.0,1.0,1.0,0.0,0.0
0022500931,1641854,2026-03-09,PHI,14.58,0.0,2.0,3.0,0.0,0.0,2.0,1.0,0.0,0.0,0.0,0.0,0.0
0022500921,1641854,2026-03-08,BOS,4.02,0.0,1.0,0.0,0.0,0.0,1.0,0.0,0.0,0.0,0.0,0.0,0.0
0022500884,1641854,2026-03-03,DET,22.18,7.0,8.0,3.0,0.0,0.0,1.0,8.0,3.0,4.0,1.0,0.0,0.0
0022501192,1641869,2026-04-12,TOR,35.31,8.0,5.0,6.0,0.0,0.0,2.0,9.0,3.0,6.0,2.0,0.0,0.0
0022501179,1641869,2026-04-10,MIL,42.41,19.0,8.0,10.0,0.0,0.0,0.0,11.0,7.0,7.0,5.0,0.0,0.0
0022501167,1641869,2026-04-09,IND,40.13,11.0,8.0,6.0,0.0,0.0,0.0,13.0,4.0,6.0,0.0,3.0,3.0
0022501150,1641869,2026-04-07,MIL,37.25,11.0,5.0,4.0,1.0,0.0,1.0,5.0,4.0,1.0,1.0,2.0,2.0
0022501133,1641869,2026-04-05,WAS,21.1,2.0,4.0,3.0,1.0,0.0,1.0,6.0,1.0,4.0,0.0,0.0,0.0
0022501122,1641869,2026-04-03,ATL,16.46,15.0,2.0,0.0,1.0,0.0,0.0,8.0,5.0,5.0,4.0,1.0,1.0
0022501100,1641869,2026-03-31,CHA,13.42,2.0,0.0,2.0,2.0,1.0,0.0,4.0,1.0,2.0,0.0,0.0,0.0
0022501084,1641869,2026-03-29,SAC,15.55,7.0,3.0,1.0,1.0,0.0,1.0,5.0,3.0,1.0,1.0,0.0,0.0
0022501060,1641869,2026-03-25,GSW,18.02,12.0,3.0,1.0,0.0,0.0,0.0,8.0,5.0,4.0,2.0,0.0,0.0
0022501045,1641869,2026-03-23,POR,24.17,5.0,2.0,3.0,1.0,1.0,3.0,4.0,2.0,2.0,1.0,0.0,0.0
0022500606,1641871,2026-01-18,SAC,11.54,0.0,1.0,1.0,0.0,0.0,0.0,2.0,0.0,2.0,0.0,0.0,0.0
0022500601,1641871,2026-01-17,LAL,12.55,5.0,5.0,0.0,0.0,1.0,0.0,1.0,1.0,0.0,0.0,3.0,3.0
0022500585,1641871,2026-01-15,ATL,13.2,8.0,3.0,0.0,0.0,1.0,0.0,7.0,3.0,6.0,2.0,0.0,0.0
0022500570,1641871,2026-01-13,GSW,11.2,3.0,2.0,0.0,0.0,0.0,0.0,3.0,1.0,3.0,1.0,0.0,0.0
0022500540,1641871,2026-01-09,HOU,10.47,3.0,5.0,1.0,0.0,2.0,0.0,1.0,1.0,1.0,1.0,0.0,0.0
0022500509,1641871,2026-01-05,UTA,2.14,0.0,1.0,0.0,0.0,0.0,0.0,0.0,0.0,0.0,0.0,0.0,0.0
0022500470,1641871,2025-12-31,OKC,6.31,0.0,1.0,0.0,1.0,0.0,1.0,3.0,0.0,1.0,0.0,0.0,0.0
0022500431,1641871,2025-12-26,LAC,0.43,0.0,0.0,0.0,0.0,0.0,0.0,0.0,0.0,0.0,0.0,0.0,0.0
0022500420,1641871,2025-12-23,ORL,5.29,0.0,0.0,1.0,1.0,0.0,0.0,1.0,0.0,1.0,0.0,0.0,0.0
0022500408,1641871,2025-12-22,DET,5.39,0.0,1.0,1.0,0.0,1.0,0.0,2.0,0.0,2.0,0.0,0.0,0.0
0022501193,1641890,2026-04-12,CHI,37.01,20.0,7.0,0.0,2.0,0.0,3.0,12.0,7.0,9.0,4.0,2.0,2.0
0022501180,1641890,2026-04-10,SAS,18.48,6.0,2.0,1.0,1.0,0.0,0.0,7.0,3.0,4.0,0.0,0.0,0.0
0022501164,1641890,2026-04-08,PHX,15.2,3.0,0.0,1.0,0.0,0.0,0.0,2.0,1.0,2.0,1.0,0.0,0.0
0022501156,1641890,2026-04-07,LAC,17.34,6.0,2.0,1.0,1.0,0.0,0.0,4.0,2.0,4.0,2.0,0.0,0.0
0022501127,1641890,2026-04-03,ORL,5.53,1.0,2.0,0.0,0.0,0.0,0.0,2.0,0.0,2.0,0.0,2.0,1.0
0022500652,1641890,2026-03-31,MIL,19.35,5.0,6.0,2.0,0.0,0.0,0.0,5.0,2.0,2.0,1.0,0.0,0.0
0022501095,1641890,2026-03-30,MIN,17.44,4.0,8.0,0.0,1.0,0.0,0.0,7.0,2.0,3.0,0.0,0.0,0.0
0022501074,1641890,2026-03-27,POR,8.52,0.0,3.0,0.0,0.0,0.0,1.0,0.0,0.0,0.0,0.0,0.0,0.0
0022501059,1641890,2026-03-25,DEN,7.44,8.0,1.0,0.0,0.0,0.0,0.0,5.0,3.0,4.0,2.0,0.0,0.0
0022501044,1641890,2026-03-23,GSW,6.23,0.0,0.0,0.0,0.0,0.0,0.0,0.0,0.0,0.0,0.0,0.0,0.0
0022501081,1641989,2026-03-28,PHX,26.52,4.0,5.0,5.0,0.0,0.0,0.0,6.0,1.0,3.0,0.0,2.0,2.0
0022501072,1641989,2026-03-27,DEN,41.12,11.0,4.0,2.0,2.0,2.0,1.0,16.0,4.0,9.0,2.0,1.0,1.0
0022501057,1641989,2026-03-25,WAS,29.3,10.0,3.0,6.0,2.0,0.0,2.0,12.0,4.0,4.0,1.0,2.0,1.0
0022501043,1641989,2026-03-23,TOR,32.09,9.0,2.0,4.0,2.0,0.0,1.0,7.0,2.0,4.0,0.0,8.0,5.0
0022501030,1641989,2026-03-21,PHI,35.35,15.0,4.0,5.0,5.0,1.0,2.0,13.0,6.0,5.0,1.0,2.0,2.0
0022501014,1641989,2026-03-19,MIL,34.28,23.0,2.0,10.0,0.0,0.0,1.0,14.0,7.0,10.0,4.0,6.0,5.0
0022501004,1641989,2026-03-18,MIN,20.0,8.0,6.0,3.0,2.0,0.0,2.0,9.0,3.0,4.0,1.0,3.0,1.0
0022500982,1641989,2026-03-15,SAC,40.25,13.0,1.0,4.0,1.0,1.0,2.0,10.0,4.0,7.0,2.0,3.0,3.0
0022500967,1641989,2026-03-13,POR,30.03,10.0,4.0,2.0,2.0,0.0,3.0,8.0,2.0,7.0,2.0,6.0,4.0
0022500949,1641989,2026-03-11,NYK,19.45,5.0,0.0,0.0,1.0,1.0,2.0,6.0,1.0,4.0,1.0,2.0,2.0
0022501190,1641998,2026-04-12,CHA,17.59,4.0,2.0,2.0,0.0,0.0,3.0,3.0,2.0,0.0,0.0,0.0,0.0
0022501176,1641998,2026-04-10,TOR,2.37,0.0,0.0,0.0,0.0,0.0,1.0,0.0,0.0,0.0,0.0,0.0,0.0
0022500860,1641998,2026-02-27,MIL,4.09,0.0,1.0,1.0,0.0,0.0,1.0,0.0,0.0,0.0,0.0,0.0,0.0
0022500757,1641998,2026-02-08,BOS,2.49,0.0,1.0,0.0,0.0,0.0,0.0,0.0,0.0,0.0,0.0,0.0,0.0
0022500742,1641998,2026-02-06,DET,5.51,2.0,0.0,0.0,1.0,0.0,1.0,2.0,1.0,0.0,0.0,0.0,0.0
0022500718,1641998,2026-02-03,WAS,9.29,0.0,2.0,1.0,0.0,0.0,1.0,2.0,0.0,0.0,0.0,0.0,0.0
0022500708,1641998,2026-02-01,LAL,0.47,0.0,2.0,0.0,0.0,0.0,0.0,0.0,0.0,0.0,0.0,0.0,0.0
0022500479,1641998,2026-01-02,ATL,4.37,0.0,1.0,0.0,0.0,1.0,0.0,0.0,0.0,0.0,0.0,0.0,0.0
0022500454,1641998,2025-12-29,NOP,4.24,2.0,1.0,0.0,0.0,0.0,0.0,1.0,1.0,0.0,0.0,0.0,0.0
0022500372,1641998,2025-12-18,IND,18.26,5.0,5.0,1.0,0.0,1.0,2.0,2.0,2.0,0.0,0.0,1.0,1.0
0022501189,1642066,2026-04-12,ATL,6.05,2.0,2.0,3.0,0.0,0.0,0.0,2.0,1.0,0.0,0.0,0.0,0.0
0022501172,1642066,2026-04-10,WAS,3.05,0.0,1.0,0.0,0.0,0.0,1.0,0.0,0.0,0.0,0.0,0.0,0.0
0022501165,1642066,2026-04-09,TOR,3.09,2.0,1.0,0.0,0.0,0.0,0.0,1.0,1.0,0.0,0.0,0.0,0.0
0022501151,1642066,2026-04-07,TOR,2.47,0.0,1.0,1.0,0.0,0.0,1.0,1.0,0.0,0.0,0.0,0.0,0.0
0022501083,1642066,2026-03-29,IND,1.28,2.0,1.0,0.0,0.0,1.0,1.0,1.0,1.0,0.0,0.0,0.0,0.0
0022501068,1642066,2026-03-27,CLE,6.48,3.0,0.0,1.0,1.0,0.0,0.0,3.0,1.0,2.0,0.0,2.0,1.0
0022501041,1642066,2026-03-23,SAS,18.2,9.0,2.0,0.0,1.0,2.0,0.0,7.0,3.0,6.0,2.0,1.0,1.0
0022501027,1642066,2026-03-21,HOU,20.1,8.0,2.0,3.0,0.0,0.0,2.0,4.0,3.0,3.0,2.0,0.0,0.0
0022500991,1642066,2026-03-17,CHA,3.52,0.0,3.0,0.0,0.0,0.0,1.0,2.0,0.0,0.0,0.0,0.0,0.0
0022500972,1642066,2026-03-14,ORL,2.56,0.0,1.0,0.0,1.0,0.0,0.0,1.0,0.0,1.0,0.0,0.0,0.0
0022501189,1642258,2026-04-12,MIA,23.56,11.0,9.0,3.0,1.0,0.0,3.0,8.0,5.0,3.0,1.0,0.0,0.0
0022501173,1642258,2026-04-10,CLE,18.41,4.0,4.0,1.0,1.0,1.0,0.0,7.0,1.0,3.0,0.0,2.0,2.0
0022501143,1642258,2026-04-06,NYK,7.25,3.0,2.0,0.0,1.0,0.0,0.0,4.0,1.0,2.0,0.0,2.0,1.0
0022501122,1642258,2026-04-03,BKN,12.32,2.0,1.0,0.0,0.0,0.0,1.0,3.0,1.0,2.0,0.0,0.0,0.0
0022501107,1642258,2026-04-01,ORL,13.17,4.0,3.0,1.0,1.0,1.0,0.0,2.0,2.0,0.0,0.0,0.0,0.0
0022501092,1642258,2026-03-30,BOS,15.33,9.0,2.0,0.0,1.0,1.0,0.0,4.0,3.0,3.0,3.0,0.0,0.0
0022501078,1642258,2026-03-28,SAC,19.08,13.0,2.0,0.0,0.0,0.0,0.0,7.0,4.0,4.0,2.0,4.0,3.0
0022501067,1642258,2026-03-27,BOS,13.46,6.0,2.0,0.0,0.0,0.0,0.0,4.0,2.0,3.0,1.0,1.0,1.0
0022501051,1642258,2026-03-25,DET,9.21,2.0,3.0,0.0,0.0,0.0,0.0,3.0,1.0,2.0,0.0,0.0,0.0
0022501037,1642258,2026-03-23,MEM,26.03,11.0,8.0,0.0,2.0,2.0,0.0,8.0,4.0,3.0,1.0,2.0,2.0
0022501073,1642259,2026-03-27,GSW,22.32,8.0,9.0,3.0,0.0,1.0,1.0,10.0,3.0,4.0,1.0,2.0,1.0
0022501022,1642259,2026-03-21,OKC,22.01,14.0,5.0,8.0,1.0,1.0,3.0,12.0,5.0,5.0,2.0,2.0,2.0
0022501009,1642259,2026-03-19,DET,21.26,2.0,3.0,2.0,0.0,2.0,2.0,12.0,1.0,3.0,0.0,0.0,0.0
0022500971,1642259,2026-03-14,BOS,22.04,4.0,5.0,0.0,2.0,1.0,3.0,9.0,1.0,5.0,1.0,2.0,1.0
0022500955,1642259,2026-03-12,ORL,23.05,16.0,4.0,0.0,2.0,5.0,1.0,12.0,6.0,4.0,1.0,4.0,3.0
0022500938,1642259,2026-03-10,MIA,19.4,28.0,6.0,1.0,0.0,2.0,1.0,19.0,12.0,7.0,4.0,0.0,0.0
0022500925,1642259,2026-03-08,NOP,17.35,7.0,4.0,1.0,0.0,1.0,1.0,7.0,3.0,3.0,1.0,0.0,0.0
0022500758,1642259,2026-02-08,MIA,25.49,12.0,12.0,5.0,1.0,0.0,1.0,13.0,6.0,1.0,0.0,2.0,0.0
0022500733,1642259,2026-02-05,DET,18.01,12.0,6.0,1.0,0.0,1.0,1.0,10.0,5.0,4.0,2.0,1.0,0.0
0022500718,1642259,2026-02-03,NYK,24.31,11.0,9.0,3.0,1.0,0.0,2.0,11.0,4.0,3.0,1.0,4.0,2.0
0022501196,1642260,2026-04-12,PHX,39.21,18.0,4.0,14.0,0.0,0.0,5.0,16.0,8.0,5.0,2.0,3.0,0.0
0022501182,1642260,2026-04-10,DEN,38.32,14.0,2.0,11.0,4.0,0.0,8.0,12.0,6.0,3.0,2.0,0.0,0.0
0022501155,1642260,2026-04-07,LAL,9.31,0.0,1.0,3.0,1.0,0.0,0.0,4.0,0.0,1.0,0.0,0.0,0.0
0022501139,1642260,2026-04-05,UTA,8.06,2.0,2.0,4.0,0.0,0.0,1.0,1.0,0.0,0.0,0.0,2.0,2.0
0022501116,1642260,2026-04-02,LAL,12.0,2.0,2.0,2.0,0.0,0.0,0.0,2.0,1.0,1.0,0.0,0.0,0.0
0022500842,1642260,2026-02-25,DET,15.3,0.0,2.0,4.0,0.0,0.0,1.0,3.0,0.0,0.0,0.0,0.0,0.0
0022500834,1642260,2026-02-24,TOR,5.3,3.0,0.0,0.0,0.0,0.0,1.0,2.0,1.0,1.0,1.0,0.0,0.0
0022500817,1642260,2026-02-22,CLE,7.48,2.0,2.0,3.0,0.0,0.0,3.0,2.0,1.0,0.0,0.0,0.0,0.0
0022500808,1642260,2026-02-20,BKN,11.25,9.0,3.0,2.0,0.0,0.0,3.0,6.0,4.0,2.0,1.0,0.0,0.0
0022500789,1642260,2026-02-12,MIL,12.22,2.0,1.0,1.0,0.0,0.0,3.0,3.0,1.0,2.0,0.0,0.0,0.0
0022501198,1642261,2026-04-12,UTA,12.0,17.0,2.0,4.0,1.0,0.0,0.0,9.0,6.0,6.0,5.0,0.0,0.0
0022501185,1642261,2026-04-10,PHX,4.1,5.0,1.0,0.0,0.0,1.0,0.0,1.0,1.0,1.0,1.0,2.0,2.0
0022501170,1642261,2026-04-09,GSW,3.41,0.0,0.0,0.0,0.0,0.0,0.0,0.0,0.0,0.0,0.0,0.0,0.0
0022501155,1642261,2026-04-07,OKC,18.31,5.0,4.0,0.0,0.0,0.0,3.0,6.0,2.0,2.0,1.0,0.0,0.0
0022501103,1642261,2026-03-31,CLE,1.21,0.0,0.0,0.0,0.0,0.0,0.0,0.0,0.0,0.0,0.0,0.0,0.0
0022501098,1642261,2026-03-30,WAS,3.51,0.0,0.0,1.0,0.0,0.0,0.0,1.0,0.0,1.0,0.0,0.0,0.0
0022500946,1642261,2026-03-10,MIN,1.58,0.0,0.0,0.0,0.0,0.0,0.0,0.0,0.0,0.0,0.0,0.0,0.0
0022500914,1642261,2026-03-06,IND,3.42,3.0,1.0,1.0,0.0,0.0,1.0,1.0,1.0,1.0,1.0,0.0,0.0
0022500878,1642261,2026-03-01,SAC,3.55,2.0,1.0,0.0,1.0,0.0,0.0,1.0,1.0,0.0,0.0,0.0,0.0
0022500866,1642261,2026-02-28,GSW,5.57,0.0,0.0,0.0,0.0,1.0,0.0,1.0,0.0,1.0,0.0,0.0,0.0
0022501198,1642262,2026-04-12,LAL,39.14,14.0,3.0,6.0,2.0,0.0,1.0,15.0,5.0,2.0,0.0,4.0,4.0
0022501181,1642262,2026-04-10,MEM,33.32,14.0,3.0,5.0,0.0,0.0,2.0,16.0,6.0,6.0,2.0,2.0,0.0
0022501153,1642262,2026-04-07,NOP,34.04,19.0,4.0,5.0,0.0,0.0,3.0,17.0,8.0,5.0,0.0,4.0,3.0
0022501139,1642262,2026-04-05,OKC,36.23,8.0,4.0,5.0,3.0,0.0,1.0,11.0,3.0,2.0,0.0,2.0,2.0
0022501124,1642262,2026-04-03,HOU,38.17,27.0,11.0,4.0,0.0,0.0,2.0,16.0,10.0,2.0,0.0,10.0,7.0
0022501112,1642262,2026-04-01,DEN,37.37,9.0,2.0,9.0,1.0,0.0,3.0,10.0,3.0,3.0,1.0,2.0,2.0
0022501096,1642262,2026-03-30,CLE,36.35,26.0,6.0,4.0,2.0,0.0,2.0,22.0,11.0,2.0,0.0,6.0,4.0
0022501081,1642262,2026-03-28,PHX,28.47,0.0,2.0,2.0,1.0,1.0,3.0,9.0,0.0,2.0,0.0,0.0,0.0
0022501072,1642262,2026-03-27,DEN,30.2,24.0,0.0,7.0,2.0,0.0,1.0,14.0,9.0,0.0,0.0,7.0,6.0
0022501057,1642262,2026-03-25,WAS,37.19,24.0,4.0,1.0,2.0,1.0,4.0,20.0,11.0,3.0,0.0,4.0,2.0
0022501194,1642263,2026-04-12,MEM,25.52,19.0,4.0,3.0,1.0,1.0,0.0,18.0,7.0,12.0,4.0,2.0,1.0
0022501178,1642263,2026-04-10,MIN,18.1,12.0,3.0,3.0,0.0,0.0,1.0,12.0,5.0,6.0,2.0,0.0,0.0
0022501169,1642263,2026-04-09,PHI,18.36,6.0,0.0,1.0,2.0,0.0,0.0,7.0,2.0,5.0,2.0,0.0,0.0
0022501157,1642263,2026-04-07,PHX,21.12,12.0,5.0,1.0,1.0,0.0,1.0,9.0,5.0,6.0,2.0,0.0,0.0
0022501142,1642263,2026-04-05,GSW,26.04,11.0,0.0,2.0,2.0,1.0,1.0,8.0,4.0,4.0,2.0,1.0,1.0
0022501124,1642263,2026-04-03,UTA,28.35,12.0,2.0,7.0,1.0,1.0,0.0,10.0,4.0,8.0,4.0,0.0,0.0
0022501110,1642263,2026-04-01,MIL,37.09,27.0,4.0,6.0,2.0,0.0,0.0,15.0,9.0,14.0,9.0,0.0,0.0
0022501102,1642263,2026-03-31,NYK,27.32,20.0,5.0,2.0,2.0,1.0,2.0,12.0,8.0,7.0,4.0,0.0,0.0
0022501088,1642263,2026-03-29,NOP,21.19,6.0,2.0,2.0,0.0,1.0,1.0,6.0,2.0,5.0,2.0,0.0,0.0
0022501069,1642263,2026-03-27,MEM,28.02,15.0,5.0,5.0,4.0,1.0,1.0,15.0,6.0,7.0,3.0,0.0,0.0
0022501197,1642264,2026-04-12,DEN,29.26,10.0,11.0,9.0,1.0,0.0,2.0,10.0,3.0,3.0,2.0,4.0,2.0
0022501146,1642264,2026-04-06,PHI,30.38,19.0,10.0,13.0,2.0,0.0,2.0,13.0,6.0,2.0,1.0,6.0,6.0
0022501130,1642264,2026-04-04,DEN,40.19,20.0,5.0,9.0,0.0,0.0,4.0,17.0,9.0,4.0,0.0,2.0,2.0
0022501119,1642264,2026-04-02,LAC,33.26,20.0,4.0,5.0,0.0,0.0,5.0,15.0,8.0,5.0,3.0,1.0,1.0
0022501113,1642264,2026-04-01,GSW,32.4,15.0,7.0,11.0,1.0,0.0,4.0,9.0,4.0,4.0,2.0,7.0,5.0
0022501094,1642264,2026-03-30,CHI,34.36,21.0,8.0,10.0,1.0,0.0,4.0,12.0,6.0,6.0,3.0,10.0,6.0
0022501076,1642264,2026-03-28,MIL,29.2,22.0,10.0,10.0,0.0,0.0,3.0,13.0,9.0,4.0,2.0,3.0,2.0
0022501056,1642264,2026-03-25,MEM,25.52,15.0,3.0,9.0,0.0,0.0,5.0,7.0,5.0,2.0,0.0,9.0,5.0
0022501041,1642264,2026-03-23,MIA,22.53,19.0,7.0,6.0,2.0,0.0,4.0,9.0,4.0,4.0,2.0,10.0,9.0
0022500998,1642264,2026-03-17,SAC,21.3,3.0,1.0,12.0,0.0,1.0,0.0,7.0,1.0,1.0,1.0,0.0,0.0
0022501193,1642265,2026-04-12,DAL,29.56,25.0,5.0,5.0,2.0,0.0,5.0,18.0,11.0,5.0,1.0,4.0,2.0
0022501177,1642265,2026-04-10,ORL,27.16,13.0,4.0,0.0,1.0,0.0,2.0,11.0,4.0,5.0,1.0,4.0,4.0
0022501166,1642265,2026-04-09,WAS,27.19,5.0,5.0,4.0,1.0,1.0,6.0,10.0,2.0,4.0,1.0,0.0,0.0
0022501148,1642265,2026-04-07,WAS,27.08,26.0,7.0,2.0,2.0,0.0,4.0,15.0,9.0,8.0,5.0,4.0,3.0
0022501134,1642265,2026-04-05,PHX,20.08,10.0,4.0,2.0,0.0,0.0,2.0,8.0,4.0,4.0,1.0,2.0,1.0
0022501123,1642265,2026-04-03,NYK,17.01,3.0,4.0,2.0,0.0,0.0,2.0,4.0,1.0,1.0,0.0,2.0,1.0
0022501109,1642265,2026-04-01,IND,28.59,15.0,2.0,3.0,0.0,0.0,2.0,14.0,6.0,4.0,2.0,1.0,1.0
0022501094,1642265,2026-03-30,SAS,20.2,6.0,1.0,1.0,1.0,1.0,2.0,12.0,3.0,5.0,0.0,0.0,0.0
0022501079,1642265,2026-03-28,MEM,15.27,8.0,2.0,2.0,0.0,0.0,5.0,5.0,3.0,3.0,2.0,0.0,0.0
0022501070,1642265,2026-03-27,OKC,16.19,2.0,0.0,0.0,1.0,0.0,1.0,3.0,1.0,1.0,0.0,0.0,0.0
0022501192,1642266,2026-04-12,BKN,24.07,11.0,0.0,1.0,1.0,1.0,1.0,5.0,3.0,5.0,3.0,2.0,2.0
0022501176,1642266,2026-04-10,NYK,29.27,15.0,2.0,1.0,1.0,0.0,1.0,9.0,5.0,7.0,4.0,2.0,1.0
0022501165,1642266,2026-04-09,MIA,24.46,7.0,3.0,2.0,1.0,0.0,0.0,5.0,2.0,5.0,2.0,2.0,1.0
0022501151,1642266,2026-04-07,MIA,26.35,9.0,7.0,3.0,0.0,0.0,0.0,8.0,3.0,8.0,3.0,0.0,0.0
0022501132,1642266,2026-04-05,BOS,32.03,16.0,2.0,1.0,2.0,1.0,0.0,9.0,6.0,5.0,4.0,3.0,0.0
0022501125,1642266,2026-04-03,MEM,27.47,7.0,8.0,1.0,2.0,0.0,0.0,9.0,2.0,3.0,0.0,3.0,3.0
0022501108,1642266,2026-04-01,SAC,32.18,8.0,4.0,3.0,3.0,0.0,1.0,4.0,3.0,3.0,2.0,0.0,0.0
0022501101,1642266,2026-03-31,DET,26.4,3.0,4.0,4.0,3.0,0.0,1.0,6.0,1.0,5.0,1.0,0.0,0.0
0022501086,1642266,2026-03-29,ORL,28.07,11.0,6.0,0.0,1.0,0.0,1.0,8.0,4.0,5.0,3.0,0.0,0.0
0022501071,1642266,2026-03-27,NOP,33.52,18.0,1.0,4.0,0.0,0.0,1.0,14.0,6.0,10.0,4.0,4.0,2.0
0022501187,1642267,2026-04-12,CLE,37.41,20.0,2.0,9.0,2.0,1.0,3.0,18.0,7.0,6.0,4.0,3.0,2.0
0022501172,1642267,2026-04-10,MIA,33.56,30.0,2.0,4.0,1.0,0.0,3.0,15.0,11.0,7.0,6.0,2.0,2.0
0022501166,1642267,2026-04-09,CHI,23.46,12.0,0.0,4.0,0.0,0.0,3.0,10.0,4.0,7.0,4.0,0.0,0.0
0022501148,1642267,2026-04-07,CHI,31.39,14.0,4.0,7.0,0.0,0.0,5.0,12.0,5.0,8.0,2.0,2.0,2.0
0022501133,1642267,2026-04-05,BKN,17.13,13.0,3.0,3.0,0.0,0.0,4.0,8.0,6.0,2.0,1.0,0.0,0.0
0022501129,1642267,2026-04-04,MIA,26.55,11.0,2.0,5.0,2.0,0.0,2.0,13.0,4.0,8.0,3.0,1.0,0.0
0022501105,1642267,2026-04-01,PHI,31.22,13.0,1.0,7.0,0.0,1.0,0.0,14.0,5.0,8.0,3.0,0.0,0.0
0022501098,1642267,2026-03-30,LAL,28.17,5.0,1.0,7.0,0.0,0.0,4.0,6.0,2.0,3.0,1.0,0.0,0.0
0022501087,1642267,2026-03-29,POR,22.26,11.0,2.0,4.0,1.0,0.0,4.0,13.0,4.0,5.0,1.0,2.0,2.0
0022501073,1642267,2026-03-27,GSW,25.48,16.0,2.0,5.0,0.0,0.0,3.0,10.0,6.0,5.0,4.0,0.0,0.0
0022501004,1642268,2026-03-18,MIN,28.0,14.0,3.0,6.0,3.0,1.0,5.0,9.0,4.0,2.0,0.0,7.0,6.0
0022500982,1642268,2026-03-15,SAC,24.37,21.0,5.0,3.0,1.0,1.0,2.0,21.0,9.0,3.0,1.0,4.0,2.0
0022500967,1642268,2026-03-13,POR,29.47,17.0,3.0,9.0,2.0,0.0,2.0,15.0,6.0,2.0,0.0,6.0,5.0
0022500949,1642268,2026-03-11,NYK,19.23,9.0,2.0,5.0,0.0,0.0,1.0,11.0,4.0,3.0,1.0,0.0,0.0
0022500900,1642268,2026-03-05,WAS,29.07,27.0,3.0,11.0,0.0,0.0,3.0,18.0,11.0,2.0,1.0,6.0,4.0
0022500895,1642268,2026-03-04,PHI,25.51,18.0,0.0,5.0,3.0,1.0,3.0,10.0,5.0,0.0,0.0,8.0,8.0
0022500881,1642268,2026-03-02,DEN,20.17,10.0,2.0,6.0,0.0,0.0,2.0,8.0,5.0,0.0,0.0,0.0,0.0
0022500867,1642268,2026-02-28,NOP,32.31,21.0,3.0,7.0,2.0,1.0,2.0,15.0,7.0,2.0,0.0,8.0,7.0
0022500856,1642268,2026-02-26,NOP,27.26,11.0,1.0,7.0,1.0,0.0,4.0,11.0,5.0,1.0,0.0,2.0,1.0
0022500830,1642268,2026-02-23,HOU,29.51,17.0,1.0,3.0,2.0,0.0,0.0,16.0,4.0,5.0,0.0,10.0,9.0
0022501200,1642269,2026-04-12,POR,34.21,8.0,6.0,8.0,2.0,1.0,2.0,14.0,3.0,3.0,0.0,5.0,2.0
0022501184,1642269,2026-04-10,GSW,34.37,29.0,9.0,4.0,2.0,1.0,4.0,18.0,11.0,11.0,6.0,4.0,1.0
0022501154,1642269,2026-04-07,GSW,20.38,6.0,3.0,5.0,1.0,0.0,1.0,5.0,3.0,0.0,0.0,2.0,0.0
0022501141,1642269,2026-04-05,LAC,36.26,21.0,5.0,5.0,1.0,1.0,3.0,14.0,8.0,5.0,0.0,9.0,5.0
0022501128,1642269,2026-04-03,NOP,31.41,9.0,6.0,3.0,1.0,1.0,2.0,10.0,3.0,6.0,2.0,3.0,1.0
0022501108,1642269,2026-04-01,TOR,22.5,13.0,5.0,3.0,1.0,0.0,0.0,12.0,4.0,4.0,1.0,4.0,4.0
0022501084,1642269,2026-03-29,BKN,28.58,20.0,8.0,5.0,1.0,0.0,2.0,12.0,6.0,5.0,3.0,5.0,5.0
0022501078,1642269,2026-03-28,ATL,17.43,2.0,2.0,1.0,0.0,0.0,2.0,4.0,1.0,2.0,0.0,0.0,0.0
0022501065,1642269,2026-03-26,ORL,24.53,14.0,3.0,4.0,1.0,0.0,5.0,12.0,5.0,7.0,3.0,2.0,1.0
0022501047,1642269,2026-03-24,CHA,34.09,18.0,3.0,3.0,1.0,0.0,1.0,15.0,7.0,5.0,3.0,1.0,1.0
0022501200,1642270,2026-04-12,SAC,23.5,13.0,10.0,1.0,0.0,1.0,1.0,10.0,6.0,2.0,1.0,0.0,0.0
0022501183,1642270,2026-04-10,LAC,28.07,18.0,13.0,2.0,0.0,2.0,0.0,12.0,6.0,7.0,3.0,3.0,3.0
0022501161,1642270,2026-04-08,SAS,28.16,11.0,11.0,5.0,1.0,3.0,0.0,7.0,4.0,5.0,3.0,0.0,0.0
0022501147,1642270,2026-04-06,DEN,30.02,18.0,12.0,0.0,0.0,2.0,1.0,13.0,6.0,6.0,3.0,4.0,3.0
0022501118,1642270,2026-04-02,NOP,22.11,4.0,9.0,2.0,1.0,0.0,1.0,4.0,2.0,2.0,0.0,0.0,0.0
0022501104,1642270,2026-03-31,LAC,28.54,4.0,4.0,1.0,1.0,1.0,2.0,5.0,2.0,2.0,0.0,0.0,0.0
0022501087,1642270,2026-03-29,WAS,20.36,6.0,5.0,1.0,0.0,5.0,0.0,6.0,3.0,2.0,0.0,0.0,0.0
0022501074,1642270,2026-03-27,DAL,31.33,6.0,17.0,0.0,0.0,1.0,5.0,9.0,2.0,1.0,0.0,4.0,2.0
0022501061,1642270,2026-03-25,MIL,25.13,14.0,15.0,3.0,4.0,2.0,2.0,8.0,6.0,2.0,1.0,2.0,1.0
0022501045,1642270,2026-03-23,BKN,24.09,7.0,15.0,0.0,0.0,7.0,2.0,10.0,3.0,2.0,0.0,2.0,1.0
0022501153,1642271,2026-04-07,NOP,18.16,9.0,6.0,5.0,0.0,0.0,1.0,9.0,3.0,4.0,1.0,2.0,2.0
0022501139,1642271,2026-04-05,OKC,37.34,20.0,14.0,6.0,0.0,1.0,2.0,25.0,10.0,5.0,0.0,1.0,0.0
0022501124,1642271,2026-04-03,HOU,30.17,17.0,7.0,2.0,1.0,0.0,0.0,16.0,8.0,4.0,0.0,1.0,1.0
0022501112,1642271,2026-04-01,DEN,30.38,25.0,12.0,3.0,0.0,1.0,1.0,15.0,9.0,8.0,3.0,5.0,4.0
0022501096,1642271,2026-03-30,CLE,24.01,20.0,10.0,5.0,3.0,1.0,2.0,12.0,7.0,7.0,4.0,2.0,2.0
0022501081,1642271,2026-03-28,PHX,29.21,26.0,9.0,3.0,2.0,0.0,1.0,14.0,10.0,2.0,2.0,4.0,4.0
0022501072,1642271,2026-03-27,DEN,24.49,25.0,8.0,5.0,0.0,0.0,1.0,17.0,11.0,6.0,1.0,4.0,2.0
0022501043,1642271,2026-03-23,TOR,29.3,6.0,8.0,4.0,1.0,1.0,4.0,10.0,2.0,6.0,1.0,2.0,1.0
0022501030,1642271,2026-03-21,PHI,18.19,12.0,6.0,4.0,1.0,1.0,1.0,14.0,3.0,8.0,1.0,5.0,5.0
0022501014,1642271,2026-03-19,MIL,25.01,16.0,8.0,1.0,0.0,0.0,4.0,10.0,6.0,4.0,1.0,4.0,3.0
0022501196,1642272,2026-04-12,PHX,24.47,9.0,4.0,2.0,1.0,0.0,1.0,13.0,4.0,4.0,0.0,2.0,1.0
0022501182,1642272,2026-04-10,DEN,25.25,15.0,1.0,2.0,0.0,0.0,1.0,11.0,6.0,8.0,3.0,0.0,0.0
0022501163,1642272,2026-04-08,LAC,3.5,4.0,0.0,0.0,0.0,0.0,2.0,3.0,2.0,1.0,0.0,0.0,0.0
0022501155,1642272,2026-04-07,LAL,15.51,15.0,2.0,1.0,0.0,0.0,1.0,8.0,5.0,4.0,3.0,2.0,2.0
0022501139,1642272,2026-04-05,UTA,15.05,3.0,1.0,2.0,1.0,0.0,1.0,4.0,1.0,4.0,1.0,0.0,0.0
0022501116,1642272,2026-04-02,LAL,11.3,8.0,2.0,2.0,1.0,0.0,1.0,6.0,4.0,2.0,0.0,0.0,0.0
0022501097,1642272,2026-03-30,DET,14.2,7.0,2.0,0.0,0.0,0.0,1.0,5.0,3.0,2.0,0.0,1.0,1.0
0022501089,1642272,2026-03-29,NYK,11.19,0.0,2.0,0.0,0.0,0.0,1.0,3.0,0.0,2.0,0.0,0.0,0.0
0022501070,1642272,2026-03-27,CHI,12.52,0.0,1.0,1.0,0.0,0.0,0.0,4.0,0.0,2.0,0.0,0.0,0.0
0022501054,1642272,2026-03-25,BOS,12.56,6.0,1.0,0.0,0.0,0.0,0.0,6.0,3.0,2.0,0.0,0.0,0.0
0022500879,1642273,2026-03-02,HOU,21.36,16.0,1.0,2.0,1.0,0.0,0.0,13.0,5.0,6.0,3.0,4.0,3.0
0022500865,1642273,2026-02-28,TOR,15.1,14.0,3.0,1.0,0.0,2.0,1.0,7.0,5.0,3.0,3.0,2.0,1.0
0022500832,1642273,2026-02-24,ATL,21.27,11.0,2.0,2.0,0.0,0.0,4.0,10.0,3.0,5.0,1.0,4.0,4.0
0022500822,1642273,2026-02-22,CHA,17.54,13.0,2.0,1.0,1.0,1.0,0.0,9.0,4.0,4.0,2.0,3.0,3.0
0022500795,1642273,2026-02-19,IND,18.51,6.0,3.0,1.0,0.0,2.0,1.0,10.0,3.0,3.0,0.0,0.0,0.0
0022500776,1642273,2026-02-11,CLE,24.24,17.0,5.0,3.0,1.0,0.0,2.0,12.0,4.0,4.0,1.0,8.0,8.0
0022500758,1642273,2026-02-08,MIA,19.06,13.0,2.0,3.0,0.0,1.0,2.0,12.0,4.0,6.0,3.0,2.0,2.0
0022500733,1642273,2026-02-05,DET,17.41,8.0,3.0,3.0,0.0,0.0,1.0,5.0,3.0,3.0,1.0,2.0,1.0
0022500718,1642273,2026-02-03,NYK,26.0,8.0,2.0,3.0,1.0,1.0,0.0,8.0,3.0,1.0,0.0,2.0,2.0
0022500707,1642273,2026-02-01,SAC,18.59,6.0,1.0,2.0,0.0,1.0,2.0,6.0,3.0,1.0,0.0,0.0,0.0
0022501138,1642274,2026-04-05,ORL,39.47,18.0,13.0,3.0,0.0,4.0,3.0,9.0,8.0,0.0,0.0,4.0,2.0
0022501128,1642274,2026-04-03,SAC,20.22,6.0,7.0,2.0,0.0,0.0,0.0,5.0,2.0,0.0,0.0,3.0,2.0
0022501118,1642274,2026-04-02,POR,19.41,6.0,7.0,0.0,0.0,1.0,1.0,6.0,3.0,0.0,0.0,0.0,0.0
0022501088,1642274,2026-03-29,HOU,31.1,8.0,5.0,1.0,0.0,4.0,0.0,4.0,2.0,0.0,0.0,8.0,4.0
0022501071,1642274,2026-03-27,TOR,18.48,7.0,2.0,1.0,0.0,1.0,1.0,5.0,3.0,0.0,0.0,2.0,1.0
0022501064,1642274,2026-03-26,DET,16.01,2.0,4.0,1.0,0.0,2.0,0.0,3.0,1.0,0.0,0.0,0.0,0.0
0022501048,1642274,2026-03-24,NYK,16.38,2.0,4.0,2.0,0.0,0.0,0.0,4.0,1.0,0.0,0.0,0.0,0.0
0022501025,1642274,2026-03-21,CLE,24.11,6.0,10.0,3.0,1.0,3.0,1.0,7.0,3.0,0.0,0.0,0.0,0.0
0022501012,1642274,2026-03-19,LAC,27.19,11.0,11.0,4.0,0.0,1.0,4.0,5.0,5.0,0.0,0.0,2.0,1.0
0022501005,1642274,2026-03-18,LAC,18.45,4.0,6.0,1.0,0.0,3.0,1.0,3.0,2.0,0.0,0.0,0.0,0.0
0022501190,1642275,2026-04-12,NYK,4.18,0.0,0.0,0.0,0.0,0.0,1.0,1.0,0.0,0.0,0.0,0.0,0.0
0022500883,1642275,2026-03-03,DAL,1.27,0.0,0.0,0.0,0.0,0.0,0.0,1.0,0.0,1.0,0.0,2.0,0.0
0022500822,1642275,2026-02-22,WAS,20.44,9.0,2.0,1.0,1.0,0.0,0.0,3.0,3.0,2.0,2.0,2.0,1.0
0022500802,1642275,2026-02-20,CLE,16.57,3.0,4.0,0.0,0.0,0.0,0.0,7.0,1.0,6.0,1.0,0.0,0.0
0022500792,1642275,2026-02-19,HOU,19.44,9.0,4.0,0.0,2.0,0.0,1.0,5.0,3.0,3.0,2.0,2.0,1.0
0022500775,1642275,2026-02-11,ATL,15.18,3.0,4.0,0.0,1.0,0.0,0.0,1.0,0.0,1.0,0.0,4.0,3.0
0022500683,1642275,2026-01-29,DAL,9.48,2.0,3.0,0.0,1.0,0.0,2.0,2.0,1.0,0.0,0.0,0.0,0.0
0022500657,1642275,2026-01-26,PHI,12.0,7.0,6.0,0.0,0.0,0.0,1.0,5.0,3.0,2.0,1.0,0.0,0.0
0022500627,1642275,2026-01-22,ORL,17.33,13.0,5.0,0.0,0.0,0.0,0.0,7.0,5.0,3.0,3.0,0.0,0.0
0022500605,1642275,2026-01-18,DEN,21.59,13.0,11.0,2.0,0.0,1.0,1.0,8.0,6.0,2.0,1.0,1.0,0.0
0022501189,1642276,2026-04-12,ATL,29.1,16.0,7.0,1.0,1.0,0.0,1.0,9.0,6.0,5.0,4.0,2.0,0.0
0022501172,1642276,2026-04-10,WAS,21.34,12.0,8.0,3.0,0.0,0.0,0.0,7.0,5.0,4.0,2.0,0.0,0.0
0022501165,1642276,2026-04-09,TOR,11.26,7.0,4.0,1.0,0.0,1.0,1.0,7.0,3.0,3.0,1.0,0.0,0.0
0022501151,1642276,2026-04-07,TOR,17.15,5.0,8.0,2.0,1.0,1.0,0.0,6.0,2.0,2.0,1.0,0.0,0.0
0022501129,1642276,2026-04-04,WAS,35.49,24.0,19.0,2.0,0.0,7.0,1.0,15.0,10.0,6.0,3.0,2.0,1.0
0022501106,1642276,2026-04-01,BOS,12.52,8.0,2.0,0.0,0.0,0.0,0.0,3.0,2.0,2.0,2.0,2.0,2.0
0022501091,1642276,2026-03-30,PHI,13.11,5.0,6.0,2.0,0.0,0.0,1.0,7.0,2.0,3.0,1.0,0.0,0.0
0022501083,1642276,2026-03-29,IND,15.03,5.0,3.0,2.0,1.0,0.0,0.0,5.0,2.0,3.0,1.0,0.0,0.0
0022501068,1642276,2026-03-27,CLE,20.43,14.0,8.0,1.0,1.0,0.0,0.0,10.0,5.0,4.0,2.0,2.0,2.0
0022501055,1642276,2026-03-25,CLE,20.03,13.0,11.0,4.0,0.0,1.0,0.0,5.0,5.0,3.0,3.0,1.0,0.0
0022500759,1642277,2026-02-08,TOR,15.26,4.0,2.0,3.0,0.0,0.0,1.0,3.0,2.0,0.0,0.0,0.0,0.0
0022500743,1642277,2026-02-06,MIL,31.23,2.0,8.0,3.0,1.0,0.0,0.0,4.0,1.0,2.0,0.0,0.0,0.0
0022500717,1642277,2026-02-03,UTA,28.53,14.0,7.0,6.0,0.0,0.0,2.0,11.0,6.0,7.0,2.0,2.0,0.0
0022500713,1642277,2026-02-02,HOU,13.51,2.0,4.0,1.0,0.0,0.0,0.0,1.0,1.0,0.0,0.0,1.0,0.0
0022500698,1642277,2026-01-31,ATL,12.55,0.0,2.0,1.0,0.0,0.0,3.0,3.0,0.0,2.0,0.0,0.0,0.0
0022500672,1642277,2026-01-28,CHI,21.51,2.0,7.0,2.0,1.0,1.0,0.0,4.0,0.0,1.0,0.0,2.0,2.0
0022500659,1642277,2026-01-26,ATL,18.27,6.0,5.0,1.0,2.0,0.0,0.0,5.0,2.0,2.0,0.0,2.0,2.0
0022500641,1642277,2026-01-23,OKC,33.15,4.0,10.0,3.0,1.0,1.0,0.0,9.0,2.0,3.0,0.0,0.0,0.0
0022500621,1642277,2026-01-21,BOS,23.11,10.0,8.0,2.0,0.0,0.0,2.0,7.0,4.0,4.0,2.0,0.0,0.0
0022500609,1642277,2026-01-19,PHI,13.34,3.0,3.0,1.0,0.0,0.0,1.0,1.0,1.0,1.0,1.0,0.0,0.0
0022501123,1642278,2026-04-03,CHI,12.0,8.0,0.0,2.0,1.0,0.0,2.0,6.0,3.0,3.0,2.0,0.0,0.0
0022501003,1642278,2026-04-01,MEM,19.1,9.0,3.0,7.0,0.0,0.0,0.0,6.0,3.0,2.0,1.0,2.0,2.0
0022501102,1642278,2026-03-31,HOU,1.47,0.0,1.0,1.0,0.0,0.0,0.0,0.0,0.0,0.0,0.0,0.0,0.0
0022501063,1642278,2026-03-26,CHA,5.45,0.0,1.0,0.0,0.0,0.0,0.0,0.0,0.0,0.0,0.0,0.0,0.0
0022501034,1642278,2026-03-22,WAS,5.24,11.0,1.0,1.0,0.0,0.0,0.0,4.0,4.0,3.0,3.0,0.0,0.0
0022501016,1642278,2026-03-20,BKN,0.02,0.0,0.0,0.0,0.0,0.0,0.0,0.0,0.0,0.0,0.0,0.0,0.0
0022500994,1642278,2026-03-17,IND,21.21,3.0,0.0,5.0,2.0,1.0,0.0,3.0,1.0,2.0,1.0,0.0,0.0
0022500949,1642278,2026-03-11,UTA,2.51,0.0,1.0,1.0,0.0,0.0,0.0,1.0,0.0,1.0,0.0,0.0,0.0
0022500935,1642278,2026-03-09,LAC,1.54,0.0,0.0,1.0,0.0,0.0,0.0,0.0,0.0,0.0,0.0,0.0,0.0
0022500911,1642278,2026-03-06,DEN,9.03,2.0,2.0,8.0,0.0,0.0,0.0,2.0,1.0,0.0,0.0,0.0,0.0
0022500361,1642280,2025-12-07,GSW,4.21,4.0,1.0,0.0,0.0,0.0,1.0,3.0,2.0,1.0,0.0,0.0,0.0
0022500329,1642280,2025-12-03,BKN,1.12,0.0,0.0,1.0,0.0,0.0,0.0,0.0,0.0,0.0,0.0,0.0,0.0
0022501187,1642281,2026-04-12,WAS,25.58,18.0,6.0,3.0,1.0,0.0,4.0,16.0,6.0,7.0,3.0,4.0,3.0
0022501173,1642281,2026-04-10,ATL,24.15,15.0,4.0,3.0,3.0,2.0,1.0,15.0,7.0,5.0,0.0,2.0,1.0
0022501011,1642281,2026-03-19,CHI,23.1,18.0,11.0,3.0,1.0,1.0,2.0,14.0,8.0,4.0,2.0,2.0,0.0
0022500995,1642281,2026-03-17,MIL,13.12,2.0,0.0,2.0,0.0,0.0,1.0,5.0,1.0,2.0,0.0,0.0,0.0
0022500965,1642281,2026-03-13,DAL,19.58,8.0,3.0,2.0,0.0,0.0,2.0,6.0,3.0,3.0,2.0,0.0,0.0
0022500947,1642281,2026-03-11,ORL,17.41,4.0,1.0,2.0,0.0,0.0,1.0,4.0,1.0,1.0,0.0,2.0,2.0
0022500931,1642281,2026-03-09,PHI,20.37,11.0,1.0,2.0,0.0,1.0,0.0,11.0,4.0,6.0,3.0,0.0,0.0
0022500921,1642281,2026-03-08,BOS,25.2,8.0,6.0,1.0,0.0,0.0,1.0,8.0,3.0,6.0,2.0,0.0,0.0
0022500884,1642281,2026-03-03,DET,31.57,22.0,3.0,4.0,0.0,2.0,1.0,15.0,8.0,12.0,5.0,3.0,1.0
0022500869,1642281,2026-03-01,BKN,27.49,9.0,1.0,2.0,0.0,0.0,3.0,7.0,3.0,6.0,3.0,0.0,0.0
0022500410,1642282,2025-12-23,BKN,0.36,0.0,0.0,0.0,0.0,0.0,0.0,0.0,0.0,0.0,0.0,0.0,0.0
0022500318,1642282,2025-12-02,WAS,7.51,2.0,0.0,1.0,0.0,0.0,1.0,2.0,1.0,0.0,0.0,0.0,0.0
0022500058,1642282,2025-11-25,ORL,9.26,2.0,0.0,2.0,0.0,1.0,2.0,2.0,1.0,0.0,0.0,0.0,0.0
0022500275,1642282,2025-11-23,MIA,1.11,1.0,0.0,0.0,0.0,0.0,0.0,0.0,0.0,0.0,0.0,2.0,1.0
0022500171,1642282,2025-11-05,CLE,1.06,0.0,0.0,0.0,0.0,0.0,1.0,0.0,0.0,0.0,0.0,0.0,0.0
0022500149,1642282,2025-11-02,BKN,4.06,2.0,1.0,1.0,0.0,0.0,1.0,1.0,1.0,0.0,0.0,0.0,0.0
0022500114,1642282,2025-10-27,ORL,1.24,0.0,0.0,0.0,0.0,0.0,0.0,0.0,0.0,0.0,0.0,0.0,0.0
0022501145,1642285,2026-04-06,CLE,20.56,9.0,1.0,9.0,0.0,0.0,1.0,5.0,3.0,3.0,2.0,1.0,1.0
0022501003,1642285,2026-04-01,NYK,21.29,10.0,1.0,8.0,1.0,0.0,2.0,4.0,2.0,2.0,1.0,5.0,5.0
0022501093,1642285,2026-03-30,PHX,18.27,16.0,3.0,5.0,0.0,0.0,2.0,9.0,6.0,5.0,4.0,0.0,0.0
0022501069,1642285,2026-03-27,HOU,28.52,11.0,3.0,10.0,3.0,1.0,1.0,7.0,4.0,4.0,3.0,0.0,0.0
0022501056,1642285,2026-03-25,SAS,29.31,1.0,2.0,7.0,0.0,0.0,1.0,6.0,0.0,2.0,0.0,1.0,1.0
0022501023,1642285,2026-03-21,CHA,26.04,0.0,1.0,4.0,2.0,0.0,1.0,7.0,0.0,4.0,0.0,0.0,0.0
0022501019,1642285,2026-03-20,BOS,22.42,11.0,3.0,5.0,1.0,0.0,0.0,8.0,4.0,5.0,3.0,0.0,0.0
0022500651,1642285,2026-03-18,DEN,20.09,8.0,1.0,0.0,0.0,0.0,1.0,5.0,2.0,5.0,2.0,2.0,2.0
0022500987,1642285,2026-03-16,CHI,16.07,12.0,1.0,7.0,1.0,0.0,1.0,7.0,3.0,4.0,2.0,4.0,4.0
0022500961,1642285,2026-03-13,DET,30.0,19.0,2.0,5.0,1.0,0.0,0.0,13.0,7.0,5.0,2.0,3.0,3.0
0022501196,1642345,2026-04-12,OKC,13.32,2.0,6.0,5.0,0.0,2.0,1.0,3.0,1.0,0.0,0.0,0.0,0.0
0022501185,1642345,2026-04-10,LAL,20.56,8.0,10.0,2.0,0.0,0.0,1.0,4.0,3.0,0.0,0.0,4.0,2.0
0022501164,1642345,2026-04-08,DAL,17.34,4.0,1.0,0.0,0.0,2.0,1.0,3.0,2.0,0.0,0.0,0.0,0.0
0022501157,1642345,2026-04-07,HOU,18.57,8.0,5.0,1.0,1.0,1.0,2.0,6.0,4.0,0.0,0.0,0.0,0.0
0022501134,1642345,2026-04-05,CHI,22.16,6.0,4.0,2.0,2.0,3.0,0.0,3.0,3.0,0.0,0.0,2.0,0.0
0022501114,1642345,2026-04-02,CHA,25.04,6.0,9.0,1.0,0.0,0.0,0.0,6.0,3.0,0.0,0.0,0.0,0.0
0022501099,1642345,2026-03-31,ORL,24.3,5.0,10.0,5.0,0.0,1.0,2.0,2.0,2.0,0.0,0.0,2.0,1.0
0022501093,1642345,2026-03-30,MEM,34.41,11.0,5.0,8.0,0.0,1.0,0.0,9.0,5.0,0.0,0.0,2.0,1.0
0022501081,1642345,2026-03-28,UTA,28.22,13.0,8.0,2.0,0.0,1.0,4.0,6.0,6.0,0.0,0.0,4.0,1.0
0022501050,1642345,2026-03-24,DEN,33.42,15.0,6.0,1.0,1.0,0.0,0.0,7.0,6.0,0.0,0.0,7.0,3.0
0022501196,1642346,2026-04-12,OKC,24.33,20.0,11.0,5.0,0.0,1.0,1.0,11.0,8.0,3.0,2.0,3.0,2.0
0022501185,1642346,2026-04-10,LAL,28.43,1.0,2.0,1.0,1.0,0.0,2.0,3.0,0.0,2.0,0.0,2.0,1.0
0022501164,1642346,2026-04-08,DAL,24.26,0.0,6.0,2.0,1.0,1.0,1.0,3.0,0.0,3.0,0.0,0.0,0.0
0022501157,1642346,2026-04-07,HOU,1.04,0.0,0.0,0.0,0.0,0.0,0.0,0.0,0.0,0.0,0.0,0.0,0.0
0022501114,1642346,2026-04-02,CHA,2.52,0.0,0.0,0.0,0.0,0.0,0.0,0.0,0.0,0.0,0.0,0.0,0.0
0022501093,1642346,2026-03-30,MEM,21.4,6.0,8.0,2.0,2.0,0.0,1.0,5.0,3.0,1.0,0.0,0.0,0.0
0022501081,1642346,2026-03-28,UTA,20.07,9.0,8.0,2.0,2.0,0.0,2.0,7.0,4.0,3.0,1.0,2.0,0.0
0022501036,1642346,2026-03-22,TOR,27.07,12.0,3.0,2.0,3.0,1.0,1.0,8.0,5.0,4.0,2.0,0.0,0.0
0022501031,1642346,2026-03-21,MIL,23.23,12.0,8.0,3.0,1.0,1.0,1.0,9.0,5.0,5.0,2.0,0.0,0.0
0022501013,1642346,2026-03-19,SAS,19.31,5.0,8.0,1.0,1.0,0.0,0.0,5.0,2.0,3.0,1.0,0.0,0.0
0022501192,1642347,2026-04-12,BKN,20.11,6.0,1.0,4.0,1.0,1.0,2.0,6.0,3.0,2.0,0.0,0.0,0.0
0022501176,1642347,2026-04-10,NYK,27.15,5.0,0.0,2.0,0.0,0.0,2.0,7.0,2.0,3.0,1.0,0.0,0.0
0022501165,1642347,2026-04-09,MIA,21.4,8.0,1.0,3.0,0.0,0.0,0.0,6.0,3.0,3.0,2.0,0.0,0.0
0022501151,1642347,2026-04-07,MIA,23.34,3.0,1.0,11.0,0.0,0.0,3.0,4.0,1.0,3.0,1.0,0.0,0.0
0022501132,1642347,2026-04-05,BOS,25.4,7.0,1.0,5.0,0.0,0.0,2.0,8.0,2.0,3.0,1.0,2.0,2.0
0022501125,1642347,2026-04-03,MEM,23.13,11.0,1.0,6.0,2.0,0.0,2.0,3.0,2.0,2.0,1.0,7.0,6.0
0022501108,1642347,2026-04-01,SAC,37.05,16.0,1.0,7.0,2.0,1.0,2.0,9.0,5.0,3.0,3.0,3.0,3.0
0022501101,1642347,2026-03-31,DET,29.16,6.0,0.0,12.0,1.0,0.0,1.0,7.0,2.0,4.0,1.0,2.0,1.0
0022501086,1642347,2026-03-29,ORL,23.22,12.0,2.0,10.0,3.0,0.0,0.0,5.0,4.0,0.0,0.0,4.0,4.0
0022501071,1642347,2026-03-27,NOP,24.52,0.0,0.0,8.0,2.0,0.0,1.0,4.0,0.0,3.0,0.0,0.0,0.0
0022501191,1642348,2026-04-12,MIL,22.3,17.0,1.0,2.0,4.0,0.0,1.0,13.0,6.0,8.0,5.0,0.0,0.0
0022501175,1642348,2026-04-10,IND,16.1,2.0,1.0,1.0,0.0,0.0,1.0,4.0,1.0,1.0,0.0,0.0,0.0
0022501169,1642348,2026-04-09,HOU,13.12,4.0,2.0,0.0,0.0,0.0,0.0,5.0,2.0,1.0,0.0,0.0,0.0
0022501146,1642348,2026-04-06,SAS,5.28,2.0,0.0,0.0,1.0,0.0,0.0,2.0,1.0,1.0,0.0,0.0,0.0
0022501131,1642348,2026-04-04,DET,9.47,0.0,0.0,0.0,1.0,0.0,0.0,2.0,0.0,1.0,0.0,0.0,0.0
0022501105,1642348,2026-04-01,WAS,9.21,5.0,1.0,1.0,0.0,0.0,0.0,4.0,1.0,3.0,1.0,2.0,2.0
0022501091,1642348,2026-03-30,MIA,0.36,0.0,0.0,0.0,0.0,0.0,0.0,0.0,0.0,0.0,0.0,0.0,0.0
0022501077,1642348,2026-03-28,CHA,7.58,2.0,0.0,0.0,0.0,0.0,0.0,2.0,1.0,1.0,0.0,0.0,0.0
0022501053,1642348,2026-03-25,CHI,14.29,12.0,0.0,1.0,0.0,0.0,0.0,7.0,5.0,3.0,1.0,2.0,1.0
0022501040,1642348,2026-03-23,OKC,24.49,8.0,1.0,2.0,1.0,0.0,3.0,7.0,3.0,4.0,2.0,0.0,0.0
0022501163,1642349,2026-04-08,LAC,24.14,7.0,1.0,3.0,1.0,0.0,0.0,6.0,3.0,1.0,0.0,2.0,1.0
0022501155,1642349,2026-04-07,LAL,21.27,9.0,3.0,3.0,1.0,0.0,0.0,9.0,3.0,3.0,1.0,2.0,2.0
0022501139,1642349,2026-04-05,UTA,18.47,7.0,1.0,7.0,1.0,0.0,2.0,9.0,3.0,4.0,1.0,0.0,0.0
0022501116,1642349,2026-04-02,LAL,16.07,10.0,3.0,1.0,0.0,0.0,0.0,7.0,4.0,4.0,2.0,0.0,0.0
0022501097,1642349,2026-03-30,DET,35.52,14.0,2.0,3.0,2.0,1.0,1.0,10.0,4.0,1.0,0.0,6.0,6.0
0022501089,1642349,2026-03-29,NYK,24.11,8.0,4.0,5.0,0.0,0.0,0.0,4.0,2.0,2.0,2.0,4.0,2.0
0022501070,1642349,2026-03-27,CHI,25.14,15.0,3.0,5.0,0.0,2.0,2.0,10.0,6.0,3.0,1.0,2.0,2.0
0022501054,1642349,2026-03-25,BOS,25.26,8.0,3.0,2.0,0.0,1.0,1.0,9.0,4.0,3.0,0.0,0.0,0.0
0022501022,1642349,2026-03-21,WAS,15.11,14.0,1.0,3.0,1.0,0.0,1.0,10.0,6.0,2.0,2.0,0.0,0.0
0022501000,1642349,2026-03-18,BKN,22.54,10.0,7.0,2.0,1.0,0.0,1.0,9.0,5.0,2.0,0.0,0.0,0.0
0022501189,1642352,2026-04-12,ATL,25.21,12.0,4.0,3.0,2.0,0.0,0.0,8.0,6.0,2.0,0.0,0.0,0.0
0022501172,1642352,2026-04-10,WAS,29.36,10.0,4.0,0.0,2.0,0.0,1.0,9.0,4.0,3.0,0.0,2.0,2.0
0022501165,1642352,2026-04-09,TOR,10.45,6.0,2.0,1.0,0.0,0.0,0.0,3.0,3.0,0.0,0.0,0.0,0.0
0022501151,1642352,2026-04-07,TOR,2.47,7.0,1.0,0.0,1.0,1.0,0.0,2.0,2.0,1.0,1.0,2.0,2.0
0022501129,1642352,2026-04-04,WAS,0.36,0.0,1.0,0.0,0.0,0.0,0.0,0.0,0.0,0.0,0.0,0.0,0.0
0022501068,1642352,2026-03-27,CLE,4.39,1.0,0.0,0.0,0.0,0.0,0.0,0.0,0.0,0.0,0.0,2.0,1.0
0022501041,1642352,2026-03-23,SAS,2.52,4.0,1.0,1.0,0.0,0.0,0.0,1.0,1.0,0.0,0.0,2.0,2.0
0022500991,1642352,2026-03-17,CHA,20.09,15.0,5.0,1.0,3.0,1.0,2.0,12.0,6.0,9.0,3.0,0.0,0.0
0022500938,1642352,2026-03-10,WAS,18.54,8.0,1.0,0.0,2.0,1.0,0.0,6.0,3.0,4.0,1.0,4.0,1.0
0022500813,1642352,2026-02-21,MEM,2.29,2.0,3.0,0.0,0.0,1.0,1.0,3.0,1.0,1.0,0.0,0.0,0.0
0022501183,1642353,2026-04-10,POR,2.04,0.0,0.0,0.0,0.0,0.0,0.0,1.0,0.0,0.0,0.0,0.0,0.0
0022501163,1642353,2026-04-08,OKC,6.32,2.0,0.0,0.0,0.0,0.0,0.0,1.0,1.0,0.0,0.0,0.0,0.0
0022501156,1642353,2026-04-07,DAL,2.29,0.0,0.0,0.0,0.0,0.0,0.0,1.0,0.0,0.0,0.0,0.0,0.0
0022501141,1642353,2026-04-05,SAC,7.16,2.0,2.0,1.0,0.0,0.0,1.0,4.0,1.0,0.0,0.0,0.0,0.0
0022501119,1642353,2026-04-02,SAS,6.25,0.0,2.0,0.0,0.0,0.0,1.0,2.0,0.0,0.0,0.0,0.0,0.0
0022501104,1642353,2026-03-31,POR,1.22,0.0,0.0,0.0,0.0,0.0,0.0,0.0,0.0,0.0,0.0,0.0,0.0
0022501062,1642353,2026-03-25,TOR,3.45,2.0,4.0,1.0,0.0,0.0,0.0,0.0,0.0,0.0,0.0,2.0,2.0
0022501046,1642353,2026-03-23,MIL,15.46,8.0,1.0,1.0,2.0,0.0,0.0,4.0,3.0,1.0,0.0,2.0,2.0
0022501012,1642353,2026-03-19,NOP,12.27,0.0,2.0,2.0,1.0,0.0,2.0,2.0,0.0,1.0,0.0,0.0,0.0
0022501005,1642353,2026-03-18,NOP,4.43,4.0,0.0,0.0,1.0,0.0,1.0,2.0,2.0,0.0,0.0,0.0,0.0
0022501182,1642354,2026-04-10,OKC,6.39,2.0,2.0,0.0,0.0,0.0,0.0,1.0,1.0,0.0,0.0,0.0,0.0
0022501162,1642354,2026-04-08,MEM,3.14,0.0,1.0,0.0,0.0,0.0,1.0,1.0,0.0,0.0,0.0,0.0,0.0
0022501112,1642354,2026-04-01,UTA,1.4,0.0,0.0,0.0,0.0,0.0,0.0,1.0,0.0,1.0,0.0,0.0,0.0
0022500871,1642354,2026-03-01,MIN,1.17,0.0,0.0,0.0,0.0,0.0,0.0,0.0,0.0,0.0,0.0,0.0,0.0
0022500847,1642354,2026-02-25,BOS,14.17,2.0,4.0,4.0,1.0,0.0,0.0,5.0,1.0,0.0,0.0,0.0,0.0
0022500810,1642354,2026-02-20,POR,7.22,3.0,1.0,4.0,0.0,0.0,0.0,2.0,1.0,0.0,0.0,2.0,1.0
0022500371,1642354,2025-12-18,ATL,12.6,4.0,0.0,2.0,1.0,0.0,2.0,7.0,2.0,3.0,0.0,0.0,0.0
0022501218,1642354,2025-12-14,CLE,19.04,6.0,0.0,4.0,2.0,0.0,3.0,9.0,2.0,6.0,1.0,2.0,1.0
0022501209,1642354,2025-12-12,CHI,25.18,10.0,5.0,3.0,1.0,0.0,1.0,9.0,4.0,3.0,2.0,0.0,0.0
0022500359,1642354,2025-12-07,DEN,29.18,16.0,5.0,1.0,1.0,0.0,0.0,14.0,6.0,8.0,2.0,4.0,2.0
0022501198,1642355,2026-04-12,UTA,18.51,11.0,1.0,4.0,1.0,0.0,0.0,7.0,4.0,4.0,3.0,0.0,0.0
0022501185,1642355,2026-04-10,PHX,12.43,3.0,2.0,0.0,1.0,0.0,2.0,2.0,1.0,2.0,1.0,0.0,0.0
0022501170,1642355,2026-04-09,GSW,20.33,10.0,1.0,3.0,2.0,0.0,3.0,7.0,4.0,4.0,2.0,0.0,0.0
0022501155,1642355,2026-04-07,OKC,22.43,4.0,2.0,2.0,1.0,0.0,1.0,9.0,2.0,5.0,0.0,0.0,0.0
0022501140,1642355,2026-04-05,DAL,8.45,5.0,0.0,1.0,0.0,0.0,0.0,3.0,2.0,2.0,1.0,0.0,0.0
0022501116,1642355,2026-04-02,OKC,17.39,10.0,0.0,1.0,0.0,1.0,3.0,8.0,4.0,4.0,2.0,0.0,0.0
0022501103,1642355,2026-03-31,CLE,6.53,0.0,0.0,0.0,0.0,0.0,0.0,0.0,0.0,0.0,0.0,0.0,0.0
0022501098,1642355,2026-03-30,WAS,25.39,6.0,1.0,1.0,1.0,0.0,2.0,10.0,2.0,5.0,0.0,2.0,2.0
0022501075,1642355,2026-03-27,BKN,4.26,3.0,0.0,0.0,0.0,0.0,0.0,2.0,1.0,1.0,1.0,0.0,0.0
0022501052,1642355,2026-03-25,IND,13.22,4.0,1.0,1.0,2.0,1.0,0.0,4.0,2.0,1.0,0.0,0.0,0.0
0022500523,1642357,2026-01-07,LAL,0.51,0.0,1.0,0.0,0.0,0.0,0.0,0.0,0.0,0.0,0.0,0.0,0.0
0022500341,1642357,2025-12-05,CLE,9.55,9.0,0.0,4.0,1.0,0.0,0.0,5.0,3.0,3.0,2.0,1.0,1.0
0022500326,1642357,2025-12-03,ORL,4.41,0.0,1.0,1.0,1.0,0.0,2.0,1.0,0.0,0.0,0.0,0.0,0.0
0022500322,1642357,2025-12-02,MEM,1.39,0.0,0.0,0.0,0.0,0.0,0.0,0.0,0.0,0.0,0.0,0.0,0.0
0022500306,1642357,2025-11-30,MIN,1.4,0.0,0.0,0.0,0.0,0.0,0.0,0.0,0.0,0.0,0.0,0.0,0.0
0022500281,1642357,2025-11-23,PHX,12.58,0.0,2.0,1.0,1.0,0.0,2.0,4.0,0.0,1.0,0.0,0.0,0.0
0022500267,1642357,2025-11-20,ATL,18.33,12.0,5.0,6.0,3.0,1.0,1.0,7.0,5.0,1.0,1.0,2.0,1.0
0022500252,1642357,2025-11-18,MEM,6.55,2.0,1.0,2.0,0.0,0.0,0.0,1.0,1.0,0.0,0.0,0.0,0.0
0022500154,1642357,2025-11-02,PHX,4.32,2.0,2.0,2.0,0.0,0.0,0.0,3.0,1.0,0.0,0.0,2.0,0.0
0022500118,1642357,2025-10-27,TOR,2.1,2.0,0.0,0.0,0.0,0.0,0.0,2.0,1.0,0.0,0.0,0.0,0.0
0022501193,1642358,2026-04-12,CHI,25.09,20.0,1.0,1.0,0.0,0.0,5.0,12.0,6.0,3.0,0.0,9.0,8.0
0022501180,1642358,2026-04-10,SAS,19.4,13.0,1.0,2.0,0.0,1.0,1.0,9.0,4.0,2.0,1.0,4.0,4.0
0022501164,1642358,2026-04-08,PHX,17.07,4.0,1.0,3.0,1.0,0.0,0.0,11.0,1.0,3.0,0.0,2.0,2.0
0022501156,1642358,2026-04-07,LAC,5.15,1.0,2.0,0.0,0.0,0.0,0.0,2.0,0.0,1.0,0.0,2.0,1.0
0022501127,1642358,2026-04-03,ORL,2.05,2.0,1.0,0.0,0.0,0.0,0.0,1.0,1.0,0.0,0.0,0.0,0.0
0022500652,1642358,2026-03-31,MIL,16.15,8.0,2.0,3.0,1.0,0.0,0.0,8.0,3.0,3.0,2.0,0.0,0.0
0022501095,1642358,2026-03-30,MIN,4.57,0.0,1.0,1.0,0.0,0.0,0.0,2.0,0.0,1.0,0.0,0.0,0.0
0022501074,1642358,2026-03-27,POR,9.59,0.0,0.0,1.0,0.0,0.0,0.0,2.0,0.0,0.0,0.0,0.0,0.0
0022501006,1642358,2026-03-18,ATL,9.31,3.0,0.0,2.0,1.0,1.0,0.0,3.0,1.0,1.0,0.0,1.0,1.0
0022500988,1642358,2026-03-16,NOP,12.11,4.0,2.0,1.0,0.0,1.0,1.0,5.0,2.0,1.0,0.0,0.0,0.0
0022501190,1642359,2026-04-12,CHA,27.24,12.0,4.0,2.0,0.0,0.0,1.0,11.0,5.0,5.0,1.0,3.0,1.0
0022501176,1642359,2026-04-10,TOR,3.35,2.0,1.0,0.0,0.0,0.0,0.0,2.0,0.0,2.0,0.0,2.0,2.0
0022501123,1642359,2026-04-03,CHI,9.39,5.0,1.0,0.0,0.0,0.0,0.0,5.0,2.0,4.0,1.0,0.0,0.0
0022501102,1642359,2026-03-31,HOU,1.47,0.0,1.0,0.0,0.0,0.0,0.0,1.0,0.0,1.0,0.0,0.0,0.0
0022501034,1642359,2026-03-22,WAS,3.27,0.0,0.0,0.0,0.0,0.0,0.0,2.0,0.0,2.0,0.0,0.0,0.0
0022500994,1642359,2026-03-17,IND,4.06,2.0,2.0,1.0,0.0,0.0,1.0,4.0,1.0,3.0,0.0,0.0,0.0
0022500962,1642359,2026-03-13,IND,6.27,3.0,1.0,0.0,0.0,1.0,0.0,3.0,1.0,2.0,1.0,0.0,0.0
0022500949,1642359,2026-03-11,UTA,2.0,0.0,1.0,0.0,0.0,0.0,0.0,2.0,0.0,2.0,0.0,0.0,0.0
0022500911,1642359,2026-03-06,DEN,9.03,11.0,2.0,0.0,0.0,0.0,1.0,5.0,4.0,3.0,3.0,0.0,0.0
0022500757,1642359,2026-02-08,BOS,3.31,0.0,2.0,1.0,0.0,0.0,0.0,0.0,0.0,0.0,0.0,0.0,0.0
0022501196,1642362,2026-04-12,PHX,28.07,23.0,4.0,0.0,1.0,0.0,0.0,13.0,9.0,9.0,5.0,0.0,0.0
0022501182,1642362,2026-04-10,DEN,28.17,8.0,4.0,0.0,0.0,0.0,0.0,8.0,3.0,4.0,1.0,2.0,1.0
0022501070,1642362,2026-03-27,CHI,2.12,1.0,1.0,0.0,0.0,0.0,0.0,2.0,0.0,2.0,0.0,2.0,1.0
0022501000,1642362,2026-03-18,BKN,4.44,3.0,1.0,0.0,0.0,0.0,1.0,3.0,1.0,2.0,1.0,0.0,0.0
0022501200,1642363,2026-04-12,POR,38.46,24.0,7.0,5.0,0.0,1.0,4.0,13.0,10.0,1.0,0.0,4.0,4.0
0022501184,1642363,2026-04-10,GSW,37.51,20.0,6.0,6.0,0.0,0.0,4.0,14.0,5.0,6.0,2.0,9.0,8.0
0022501154,1642363,2026-04-07,GSW,35.32,12.0,6.0,2.0,2.0,0.0,2.0,14.0,4.0,4.0,1.0,4.0,3.0
0022501141,1642363,2026-04-05,LAC,38.06,18.0,5.0,5.0,1.0,1.0,3.0,16.0,8.0,7.0,2.0,0.0,0.0
0022501128,1642363,2026-04-03,NOP,38.39,23.0,5.0,6.0,1.0,0.0,4.0,16.0,9.0,6.0,4.0,2.0,1.0
0022501108,1642363,2026-04-01,TOR,32.16,9.0,2.0,3.0,1.0,0.0,3.0,9.0,4.0,3.0,1.0,0.0,0.0
0022501084,1642363,2026-03-29,BKN,37.03,17.0,7.0,2.0,0.0,0.0,4.0,14.0,8.0,4.0,1.0,0.0,0.0
0022501078,1642363,2026-03-28,ATL,23.24,3.0,4.0,5.0,0.0,1.0,2.0,11.0,1.0,6.0,1.0,0.0,0.0
0022501033,1642363,2026-03-22,BKN,26.34,7.0,4.0,4.0,1.0,0.0,1.0,4.0,2.0,2.0,2.0,2.0,1.0
0022500998,1642363,2026-03-17,SAS,36.44,15.0,8.0,7.0,0.0,0.0,1.0,13.0,6.0,4.0,3.0,0.0,0.0
0022501187,1642364,2026-04-12,CLE,34.2,24.0,4.0,3.0,0.0,1.0,1.0,13.0,7.0,9.0,5.0,6.0,5.0
0022501172,1642364,2026-04-10,MIA,30.58,7.0,5.0,1.0,2.0,0.0,1.0,9.0,2.0,4.0,1.0,4.0,2.0
0022501166,1642364,2026-04-09,CHI,28.13,9.0,6.0,3.0,3.0,0.0,2.0,12.0,3.0,7.0,1.0,3.0,2.0
0022501148,1642364,2026-04-07,CHI,21.54,13.0,7.0,1.0,0.0,0.0,2.0,10.0,4.0,7.0,1.0,4.0,4.0
0022501133,1642364,2026-04-05,BKN,43.44,20.0,8.0,2.0,0.0,2.0,4.0,11.0,7.0,5.0,2.0,6.0,4.0
0022501129,1642364,2026-04-04,MIA,18.51,14.0,3.0,1.0,1.0,1.0,0.0,8.0,5.0,4.0,2.0,2.0,2.0
0022501105,1642364,2026-04-01,PHI,18.47,7.0,5.0,2.0,0.0,0.0,0.0,4.0,2.0,3.0,1.0,2.0,2.0
0022501098,1642364,2026-03-30,LAL,27.29,8.0,5.0,5.0,2.0,0.0,1.0,11.0,4.0,4.0,0.0,0.0,0.0
0022501087,1642364,2026-03-29,POR,16.46,8.0,2.0,0.0,1.0,0.0,1.0,5.0,2.0,2.0,0.0,4.0,4.0
0022501073,1642364,2026-03-27,GSW,6.08,3.0,3.0,0.0,0.0,0.0,0.0,1.0,1.0,1.0,1.0,0.0,0.0
0022501090,1642366,2026-03-29,DEN,4.38,0.0,2.0,0.0,0.0,1.0,0.0,1.0,0.0,0.0,0.0,0.0,0.0
0022501026,1642366,2026-03-21,ATL,14.24,8.0,3.0,1.0,0.0,1.0,1.0,6.0,3.0,5.0,2.0,0.0,0.0
0022500999,1642366,2026-03-18,BOS,20.32,6.0,5.0,3.0,0.0,0.0,0.0,4.0,2.0,2.0,1.0,2.0,1.0
0022500981,1642366,2026-03-15,NYK,35.26,22.0,3.0,3.0,0.0,3.0,4.0,16.0,9.0,10.0,4.0,0.0,0.0
0022500966,1642366,2026-03-13,MIN,11.29,7.0,3.0,1.0,0.0,0.0,1.0,4.0,2.0,2.0,1.0,2.0,2.0
0022500934,1642366,2026-03-09,UTA,25.26,10.0,4.0,2.0,1.0,0.0,1.0,13.0,5.0,6.0,0.0,0.0,0.0
0022500902,1642366,2026-03-05,HOU,20.03,3.0,6.0,3.0,0.0,0.0,4.0,2.0,0.0,1.0,0.0,4.0,3.0
0022500882,1642366,2026-03-02,LAC,12.27,9.0,3.0,1.0,0.0,1.0,0.0,8.0,4.0,3.0,1.0,0.0,0.0
0022500866,1642366,2026-02-28,LAL,13.19,8.0,7.0,0.0,1.0,0.0,0.0,8.0,4.0,2.0,0.0,0.0,0.0
0022500844,1642366,2026-02-25,MEM,21.16,12.0,8.0,0.0,1.0,2.0,2.0,9.0,4.0,6.0,2.0,3.0,2.0
0022501192,1642367,2026-04-12,BKN,5.18,2.0,1.0,2.0,1.0,0.0,0.0,1.0,1.0,0.0,0.0,0.0,0.0
0022501176,1642367,2026-04-10,NYK,17.01,6.0,5.0,1.0,0.0,0.0,2.0,2.0,2.0,0.0,0.0,2.0,2.0
0022501165,1642367,2026-04-09,MIA,3.09,0.0,0.0,0.0,0.0,0.0,1.0,0.0,0.0,0.0,0.0,0.0,0.0
0022501151,1642367,2026-04-07,MIA,2.47,0.0,1.0,0.0,0.0,0.0,0.0,0.0,0.0,0.0,0.0,0.0,0.0
0022501132,1642367,2026-04-05,BOS,1.08,0.0,0.0,0.0,0.0,0.0,0.0,0.0,0.0,0.0,0.0,0.0,0.0
0022501125,1642367,2026-04-03,MEM,5.4,0.0,1.0,1.0,0.0,2.0,1.0,0.0,0.0,0.0,0.0,0.0,0.0
0022501086,1642367,2026-03-29,ORL,10.38,2.0,6.0,3.0,1.0,0.0,0.0,2.0,1.0,1.0,0.0,0.0,0.0
0022501071,1642367,2026-03-27,NOP,3.53,0.0,1.0,1.0,0.0,0.0,0.0,1.0,0.0,0.0,0.0,0.0,0.0
0022501062,1642367,2026-03-25,LAC,3.45,4.0,1.0,1.0,0.0,0.0,0.0,1.0,1.0,0.0,0.0,2.0,2.0
0022501043,1642367,2026-03-23,UTA,8.53,4.0,4.0,1.0,1.0,0.0,0.0,2.0,2.0,0.0,0.0,0.0,0.0
0022500185,1642368,2025-11-08,LAL,1.42,0.0,0.0,0.0,0.0,0.0,0.0,0.0,0.0,0.0,0.0,0.0,0.0
0022500020,1642368,2025-10-31,IND,1.21,2.0,0.0,0.0,1.0,0.0,0.0,1.0,1.0,0.0,0.0,0.0,0.0
0022500101,1642368,2025-10-25,OKC,8.4,1.0,4.0,0.0,1.0,0.0,0.0,3.0,0.0,0.0,0.0,1.0,1.0
0022500090,1642368,2025-10-24,ORL,3.42,0.0,3.0,0.0,0.0,0.0,1.0,0.0,0.0,0.0,0.0,0.0,0.0
0022501037,1642377,2026-03-23,ATL,20.2,4.0,2.0,2.0,0.0,0.0,0.0,4.0,2.0,1.0,0.0,0.0,0.0
0022501023,1642377,2026-03-21,CHA,24.37,9.0,0.0,1.0,1.0,0.0,2.0,12.0,3.0,10.0,3.0,1.0,0.0
0022501019,1642377,2026-03-20,BOS,20.12,6.0,0.0,0.0,2.0,0.0,0.0,6.0,3.0,2.0,0.0,0.0,0.0
0022500651,1642377,2026-03-18,DEN,24.39,11.0,5.0,0.0,0.0,0.0,0.0,6.0,3.0,4.0,2.0,4.0,3.0
0022500987,1642377,2026-03-16,CHI,22.41,16.0,3.0,1.0,1.0,0.0,2.0,9.0,5.0,5.0,2.0,4.0,4.0
0022501111,1642377,2026-03-12,DAL,32.23,23.0,2.0,2.0,2.0,1.0,0.0,15.0,7.0,7.0,3.0,6.0,6.0
0022500936,1642377,2026-03-10,PHI,21.55,11.0,3.0,0.0,0.0,0.0,0.0,11.0,4.0,9.0,3.0,0.0,0.0
0022500932,1642377,2026-03-09,BKN,26.29,17.0,5.0,2.0,2.0,0.0,1.0,12.0,6.0,6.0,3.0,2.0,2.0
0022500918,1642377,2026-03-07,LAC,26.17,8.0,1.0,1.0,0.0,0.0,1.0,8.0,2.0,8.0,2.0,2.0,2.0
0022500896,1642377,2026-03-04,POR,31.13,24.0,3.0,2.0,2.0,0.0,1.0,15.0,8.0,8.0,4.0,5.0,4.0
0022501181,1642380,2026-04-10,UTA,38.29,18.0,2.0,4.0,1.0,1.0,1.0,12.0,6.0,8.0,3.0,3.0,3.0
0022501162,1642380,2026-04-08,DEN,38.49,12.0,6.0,5.0,2.0,0.0,1.0,10.0,3.0,6.0,2.0,4.0,4.0
0022501145,1642380,2026-04-06,CLE,36.39,20.0,6.0,0.0,1.0,0.0,0.0,14.0,7.0,11.0,6.0,0.0,0.0
0022501135,1642380,2026-04-05,MIL,25.12,8.0,2.0,2.0,2.0,0.0,1.0,7.0,3.0,4.0,2.0,0.0,0.0
0022501125,1642380,2026-04-03,TOR,20.08,2.0,2.0,1.0,0.0,0.0,3.0,4.0,1.0,2.0,0.0,0.0,0.0
0022501003,1642380,2026-04-01,NYK,23.29,11.0,2.0,2.0,0.0,0.0,0.0,7.0,4.0,5.0,3.0,0.0,0.0
0022501093,1642380,2026-03-30,PHX,30.59,9.0,3.0,2.0,1.0,0.0,0.0,6.0,3.0,3.0,1.0,3.0,2.0
0022501079,1642380,2026-03-28,CHI,27.34,3.0,2.0,3.0,2.0,0.0,0.0,8.0,1.0,5.0,1.0,0.0,0.0
0022501196,1642382,2026-04-12,PHX,42.14,26.0,10.0,1.0,2.0,5.0,1.0,20.0,10.0,10.0,5.0,2.0,1.0
0022501182,1642382,2026-04-10,DEN,37.23,23.0,12.0,5.0,0.0,1.0,0.0,18.0,8.0,10.0,3.0,4.0,4.0
0022501155,1642382,2026-04-07,LAL,7.28,8.0,2.0,1.0,0.0,0.0,0.0,4.0,3.0,2.0,1.0,2.0,1.0
0022501139,1642382,2026-04-05,UTA,8.06,11.0,2.0,0.0,0.0,1.0,0.0,6.0,5.0,2.0,1.0,0.0,0.0
0022501116,1642382,2026-04-02,LAL,12.0,4.0,4.0,1.0,0.0,2.0,2.0,3.0,2.0,0.0,0.0,1.0,0.0
0022501070,1642382,2026-03-27,CHI,2.46,0.0,1.0,0.0,0.0,0.0,0.0,0.0,0.0,0.0,0.0,0.0,0.0
0022501040,1642382,2026-03-23,PHI,1.5,0.0,1.0,0.0,0.0,0.0,0.0,1.0,0.0,1.0,0.0,0.0,0.0
0022500842,1642382,2026-02-25,DET,3.42,4.0,4.0,2.0,0.0,0.0,1.0,4.0,2.0,2.0,0.0,0.0,0.0
0022500730,1642382,2026-02-04,SAS,15.56,3.0,7.0,0.0,0.0,2.0,0.0,2.0,1.0,1.0,1.0,0.0,0.0
0022500667,1642382,2026-01-27,NOP,6.18,2.0,0.0,0.0,0.0,0.0,0.0,2.0,1.0,1.0,0.0,0.0,0.0
0022501162,1642383,2026-04-08,DEN,21.54,15.0,2.0,3.0,0.0,0.0,1.0,10.0,5.0,5.0,2.0,3.0,3.0
0022501145,1642383,2026-04-06,CLE,24.54,10.0,1.0,11.0,0.0,0.0,3.0,10.0,4.0,5.0,2.0,0.0,0.0
0022501135,1642383,2026-04-05,MIL,25.26,20.0,3.0,4.0,0.0,0.0,3.0,11.0,6.0,6.0,4.0,4.0,4.0
0022501003,1642383,2026-04-01,NYK,22.39,10.0,1.0,5.0,0.0,0.0,2.0,7.0,3.0,4.0,2.0,2.0,2.0
0022501093,1642383,2026-03-30,PHX,29.33,11.0,3.0,7.0,1.0,1.0,4.0,6.0,4.0,1.0,1.0,2.0,2.0
0022501079,1642383,2026-03-28,CHI,29.53,7.0,3.0,6.0,2.0,0.0,5.0,9.0,3.0,6.0,1.0,0.0,0.0
0022501069,1642383,2026-03-27,HOU,22.48,7.0,2.0,1.0,0.0,1.0,1.0,8.0,1.0,2.0,0.0,6.0,5.0
0022501056,1642383,2026-03-25,SAS,21.41,10.0,2.0,6.0,0.0,1.0,2.0,8.0,3.0,4.0,2.0,4.0,2.0
0022501037,1642383,2026-03-23,ATL,28.15,16.0,1.0,6.0,1.0,1.0,4.0,13.0,4.0,12.0,4.0,5.0,4.0
0022501023,1642383,2026-03-21,CHA,21.56,11.0,4.0,2.0,2.0,0.0,1.0,9.0,4.0,6.0,3.0,0.0,0.0
0022501194,1642384,2026-04-12,MEM,15.51,11.0,6.0,1.0,0.0,0.0,1.0,6.0,4.0,3.0,1.0,2.0,2.0
0022501088,1642384,2026-03-29,NOP,3.43,0.0,0.0,0.0,0.0,0.0,1.0,2.0,0.0,1.0,0.0,0.0,0.0
0022501018,1642384,2026-03-20,ATL,5.54,2.0,0.0,0.0,0.0,0.0,0.0,3.0,1.0,1.0,0.0,0.0,0.0
0022500950,1642384,2026-03-11,DEN,12.0,5.0,3.0,1.0,0.0,0.0,0.0,5.0,1.0,2.0,0.0,4.0,3.0
0022500940,1642384,2026-03-10,TOR,2.37,0.0,1.0,0.0,0.0,0.0,0.0,0.0,0.0,0.0,0.0,0.0,0.0
0022500927,1642384,2026-03-08,SAS,4.13,0.0,0.0,0.0,0.0,0.0,0.0,0.0,0.0,0.0,0.0,0.0,0.0
0022500864,1642384,2026-02-28,MIA,0.37,0.0,0.0,0.0,0.0,0.0,0.0,0.0,0.0,0.0,0.0,0.0,0.0
0022500845,1642384,2026-02-25,SAC,17.15,3.0,4.0,1.0,0.0,1.0,2.0,2.0,1.0,2.0,1.0,0.0,0.0
0022500830,1642384,2026-02-23,UTA,1.57,0.0,0.0,0.0,0.0,0.0,0.0,0.0,0.0,0.0,0.0,0.0,0.0
0022500737,1642384,2026-02-05,CHA,15.34,5.0,1.0,2.0,2.0,0.0,0.0,3.0,2.0,2.0,1.0,0.0,0.0
0022501195,1642389,2026-04-12,NOP,30.57,19.0,3.0,5.0,0.0,0.0,0.0,12.0,8.0,3.0,1.0,2.0,2.0
0022501152,1642389,2026-04-07,IND,3.07,0.0,0.0,0.0,0.0,0.0,0.0,0.0,0.0,0.0,0.0,0.0,0.0
0022501137,1642389,2026-04-05,CHA,2.17,0.0,0.0,1.0,0.0,0.0,1.0,0.0,0.0,0.0,0.0,0.0,0.0
0022501035,1642389,2026-03-22,BOS,1.22,0.0,0.0,0.0,0.0,0.0,0.0,0.0,0.0,0.0,0.0,0.0,0.0
0022501004,1642389,2026-03-18,UTA,4.52,4.0,0.0,3.0,1.0,0.0,2.0,1.0,1.0,0.0,0.0,2.0,2.0
0022501198,1642396,2026-04-12,LAL,25.36,10.0,6.0,2.0,1.0,0.0,0.0,12.0,4.0,8.0,2.0,0.0,0.0
0022501181,1642396,2026-04-10,MEM,34.55,30.0,2.0,2.0,2.0,0.0,2.0,19.0,12.0,9.0,4.0,2.0,2.0
0022501153,1642396,2026-04-07,NOP,11.22,10.0,1.0,3.0,1.0,0.0,1.0,7.0,3.0,5.0,2.0,2.0,2.0
0022501057,1642396,2026-03-25,WAS,11.04,21.0,0.0,1.0,0.0,1.0,0.0,8.0,6.0,5.0,4.0,6.0,5.0
0022501014,1642396,2026-03-19,MIL,20.24,14.0,3.0,1.0,0.0,0.0,0.0,9.0,5.0,7.0,4.0,0.0,0.0
0022500982,1642396,2026-03-15,SAC,15.3,7.0,2.0,1.0,1.0,0.0,0.0,4.0,2.0,3.0,2.0,2.0,1.0
0022500934,1642396,2026-03-09,GSW,27.5,12.0,2.0,1.0,0.0,0.0,1.0,9.0,4.0,9.0,4.0,0.0,0.0
0022500919,1642396,2026-03-07,MIL,22.55,8.0,2.0,3.0,0.0,0.0,0.0,9.0,3.0,7.0,2.0,0.0,0.0
0022500900,1642396,2026-03-05,WAS,21.54,10.0,4.0,0.0,0.0,0.0,0.0,8.0,3.0,5.0,2.0,3.0,2.0
0022500895,1642396,2026-03-04,PHI,19.0,11.0,1.0,0.0,0.0,0.0,0.0,6.0,4.0,5.0,3.0,0.0,0.0
0022501187,1642400,2026-04-12,WAS,27.37,15.0,3.0,3.0,3.0,0.0,1.0,6.0,4.0,3.0,2.0,6.0,5.0
0022501173,1642400,2026-04-10,ATL,12.0,7.0,1.0,1.0,1.0,0.0,0.0,4.0,3.0,1.0,0.0,1.0,1.0
0022501145,1642400,2026-04-06,MEM,11.21,2.0,1.0,0.0,0.0,0.0,0.0,2.0,1.0,1.0,0.0,0.0,0.0
0022500965,1642400,2026-03-13,DAL,6.53,2.0,1.0,0.0,1.0,0.0,1.0,5.0,1.0,1.0,0.0,0.0,0.0
0022500931,1642400,2026-03-09,PHI,3.5,3.0,1.0,1.0,0.0,0.0,0.0,2.0,1.0,2.0,1.0,0.0,0.0
0022500793,1642400,2026-02-19,BKN,8.5,2.0,1.0,0.0,0.0,0.0,1.0,3.0,1.0,1.0,0.0,1.0,0.0
0022500776,1642400,2026-02-11,WAS,5.05,2.0,1.0,0.0,0.0,0.0,0.0,3.0,1.0,1.0,0.0,0.0,0.0
0022500732,1642400,2026-02-04,LAC,6.58,2.0,3.0,1.0,0.0,0.0,0.0,2.0,1.0,0.0,0.0,0.0,0.0
0022500710,1642400,2026-02-01,POR,2.34,2.0,2.0,1.0,0.0,0.0,0.0,1.0,1.0,0.0,0.0,0.0,0.0
0022501195,1642402,2026-04-12,NOP,26.07,13.0,7.0,2.0,2.0,2.0,2.0,8.0,4.0,4.0,2.0,4.0,3.0
0022501152,1642402,2026-04-07,IND,3.07,0.0,0.0,0.0,0.0,0.0,0.0,0.0,0.0,0.0,0.0,0.0,0.0
0022500783,1642402,2026-02-11,POR,3.46,0.0,1.0,0.0,0.0,1.0,0.0,0.0,0.0,0.0,0.0,0.0,0.0
0022500760,1642402,2026-02-08,LAC,4.13,0.0,2.0,0.0,0.0,0.0,0.0,0.0,0.0,0.0,0.0,0.0,0.0
0022501188,1642403,2026-04-12,IND,9.33,2.0,0.0,0.0,0.0,0.0,1.0,1.0,0.0,0.0,0.0,2.0,2.0
0022501064,1642403,2026-03-26,NOP,2.32,0.0,1.0,0.0,0.0,1.0,0.0,1.0,0.0,0.0,0.0,0.0,0.0
0022500961,1642403,2026-03-13,MEM,5.22,2.0,2.0,0.0,0.0,0.0,0.0,1.0,1.0,0.0,0.0,0.0,0.0
0022500242,1642403,2025-11-17,IND,1.19,2.0,0.0,0.0,0.0,0.0,0.0,2.0,1.0,1.0,0.0,0.0,0.0
0022500132,1642403,2025-10-29,CHI,1.39,1.0,0.0,0.0,0.0,0.0,0.0,0.0,0.0,0.0,0.0,2.0,1.0
0022500113,1642403,2025-10-26,LAL,1.16,0.0,0.0,0.0,0.0,0.0,0.0,0.0,0.0,0.0,0.0,0.0,0.0
0022500098,1642403,2025-10-24,UTA,14.0,2.0,2.0,1.0,0.0,0.0,0.0,2.0,1.0,1.0,0.0,0.0,0.0
0022501188,1642404,2026-04-12,IND,5.52,2.0,0.0,0.0,0.0,0.0,1.0,1.0,1.0,0.0,0.0,0.0,0.0
0022501171,1642404,2026-04-10,CHA,1.48,0.0,0.0,0.0,0.0,0.0,0.0,0.0,0.0,0.0,0.0,0.0,0.0
0022501160,1642404,2026-04-08,MIL,6.04,3.0,2.0,1.0,0.0,0.0,0.0,3.0,1.0,3.0,1.0,0.0,0.0
0022501144,1642404,2026-04-06,ORL,15.59,2.0,1.0,1.0,0.0,0.0,0.0,7.0,1.0,4.0,0.0,0.0,0.0
0022501131,1642404,2026-04-04,PHI,2.06,0.0,0.0,0.0,0.0,0.0,0.0,1.0,0.0,1.0,0.0,0.0,0.0
0022501097,1642404,2026-03-30,OKC,12.5,0.0,0.0,0.0,0.0,0.0,0.0,4.0,0.0,3.0,0.0,0.0,0.0
0022501080,1642404,2026-03-28,MIN,2.01,2.0,0.0,0.0,0.0,0.0,0.0,1.0,1.0,0.0,0.0,0.0,0.0
0022501064,1642404,2026-03-26,NOP,10.13,6.0,1.0,1.0,0.0,0.0,0.0,4.0,2.0,4.0,2.0,1.0,0.0
0022501017,1642404,2026-03-20,GSW,12.02,0.0,0.0,0.0,0.0,0.0,0.0,2.0,0.0,1.0,0.0,0.0,0.0
0022501009,1642404,2026-03-19,WAS,2.3,0.0,0.0,0.0,2.0,0.0,0.0,1.0,0.0,1.0,0.0,0.0,0.0
0022501192,1642419,2026-04-12,BKN,5.18,2.0,0.0,0.0,0.0,0.0,0.0,2.0,1.0,1.0,0.0,0.0,0.0
0022501176,1642419,2026-04-10,NYK,6.12,2.0,0.0,1.0,0.0,0.0,0.0,1.0,1.0,0.0,0.0,0.0,0.0
0022501165,1642419,2026-04-09,MIA,3.09,1.0,1.0,0.0,0.0,0.0,0.0,1.0,0.0,0.0,0.0,2.0,1.0
0022501151,1642419,2026-04-07,MIA,2.47,4.0,0.0,1.0,0.0,0.0,0.0,3.0,2.0,1.0,0.0,0.0,0.0
0022501132,1642419,2026-04-05,BOS,1.08,2.0,0.0,0.0,0.0,0.0,0.0,1.0,1.0,0.0,0.0,0.0,0.0
0022501125,1642419,2026-04-03,MEM,4.31,2.0,1.0,0.0,0.0,0.0,0.0,1.0,1.0,0.0,0.0,0.0,0.0
0022501071,1642419,2026-03-27,NOP,4.03,0.0,1.0,0.0,1.0,1.0,0.0,0.0,0.0,0.0,0.0,0.0,0.0
0022501062,1642419,2026-03-25,LAC,10.58,3.0,5.0,0.0,0.0,0.0,0.0,4.0,1.0,3.0,1.0,0.0,0.0
0022501043,1642419,2026-03-23,UTA,22.43,17.0,4.0,2.0,0.0,0.0,2.0,9.0,6.0,7.0,4.0,2.0,1.0
0022501036,1642419,2026-03-22,PHX,10.34,7.0,2.0,0.0,0.0,0.0,1.0,5.0,3.0,2.0,1.0,0.0,0.0
0022501187,1642434,2026-04-12,WAS,25.13,12.0,1.0,1.0,1.0,1.0,1.0,9.0,5.0,5.0,1.0,1.0,1.0
0022501173,1642434,2026-04-10,ATL,7.58,4.0,0.0,0.0,0.0,0.0,0.0,2.0,1.0,1.0,0.0,2.0,2.0
0022501145,1642434,2026-04-06,MEM,1.16,0.0,0.0,0.0,0.0,0.0,0.0,0.0,0.0,0.0,0.0,0.0,0.0
0022501068,1642434,2026-03-27,MIA,4.39,6.0,0.0,1.0,0.0,0.0,1.0,3.0,2.0,2.0,2.0,0.0,0.0
0022500965,1642434,2026-03-13,DAL,6.53,4.0,3.0,2.0,0.0,0.0,0.0,3.0,2.0,1.0,0.0,0.0,0.0
0022500931,1642434,2026-03-09,PHI,3.5,0.0,0.0,0.0,0.0,0.0,1.0,0.0,0.0,0.0,0.0,0.0,0.0
0022500154,1642434,2025-11-02,PHX,4.32,9.0,1.0,0.0,1.0,0.0,0.0,6.0,4.0,3.0,1.0,0.0,0.0
0022500118,1642434,2025-10-27,TOR,2.1,0.0,0.0,1.0,0.0,0.0,0.0,0.0,0.0,0.0,0.0,0.0,0.0
0022500004,1642434,2025-10-22,DAL,1.34,0.0,1.0,0.0,0.0,0.0,0.0,0.0,0.0,0.0,0.0,0.0,0.0
0022501189,1642443,2026-04-12,ATL,2.48,3.0,0.0,1.0,0.0,0.0,0.0,1.0,1.0,1.0,1.0,0.0,0.0
0022501172,1642443,2026-04-10,WAS,1.21,0.0,0.0,1.0,0.0,0.0,0.0,1.0,0.0,0.0,0.0,0.0,0.0
0022501165,1642443,2026-04-09,TOR,3.09,2.0,0.0,1.0,0.0,0.0,0.0,1.0,1.0,0.0,0.0,0.0,0.0
0022500991,1642443,2026-03-17,CHA,3.52,3.0,0.0,0.0,0.0,0.0,1.0,2.0,1.0,1.0,0.0,1.0,1.0
0022500901,1642443,2026-03-05,BKN,0.26,0.0,0.0,0.0,0.0,0.0,0.0,0.0,0.0,0.0,0.0,0.0,0.0
0022500886,1642443,2026-03-03,BKN,2.49,0.0,0.0,0.0,0.0,0.0,0.0,1.0,0.0,0.0,0.0,0.0,0.0
0022500758,1642443,2026-02-08,WAS,8.0,2.0,1.0,0.0,0.0,0.0,0.0,4.0,1.0,1.0,0.0,0.0,0.0
0022500720,1642443,2026-02-03,ATL,1.23,3.0,0.0,0.0,0.0,0.0,0.0,1.0,1.0,0.0,0.0,1.0,1.0
0022500705,1642443,2026-02-01,CHI,10.02,2.0,1.0,2.0,0.0,0.0,0.0,3.0,1.0,1.0,0.0,0.0,0.0
0022500354,1642443,2025-12-06,SAC,7.39,0.0,1.0,1.0,1.0,0.0,1.0,1.0,0.0,1.0,0.0,0.0,0.0
0022501188,1642449,2026-04-12,IND,5.52,5.0,3.0,1.0,0.0,0.0,0.0,2.0,1.0,0.0,0.0,4.0,3.0
0022501160,1642449,2026-04-08,MIL,0.57,0.0,0.0,0.0,0.0,0.0,0.0,1.0,0.0,0.0,0.0,0.0,0.0
0022501144,1642449,2026-04-06,ORL,13.02,8.0,3.0,1.0,0.0,0.0,0.0,5.0,3.0,0.0,0.0,4.0,2.0
0022501097,1642449,2026-03-30,OKC,18.51,4.0,7.0,3.0,0.0,1.0,1.0,3.0,1.0,0.0,0.0,4.0,2.0
0022501080,1642449,2026-03-28,MIN,2.01,0.0,0.0,0.0,0.0,0.0,0.0,0.0,0.0,0.0,0.0,0.0,0.0
0022501064,1642449,2026-03-26,NOP,2.14,2.0,1.0,1.0,0.0,0.0,1.0,1.0,1.0,0.0,0.0,0.0,0.0
0022501017,1642449,2026-03-20,GSW,3.36,2.0,0.0,1.0,0.0,0.0,0.0,1.0,1.0,0.0,0.0,0.0,0.0
0022501009,1642449,2026-03-19,WAS,2.3,2.0,2.0,0.0,0.0,0.0,0.0,2.0,1.0,0.0,0.0,0.0,0.0
0022500796,1642449,2026-02-19,NYK,18.29,4.0,2.0,0.0,0.0,0.0,0.0,3.0,2.0,0.0,0.0,0.0,0.0
0022500781,1642449,2026-02-11,TOR,15.19,3.0,3.0,2.0,0.0,0.0,1.0,3.0,1.0,0.0,0.0,3.0,1.0
0022501188,1642450,2026-04-12,IND,19.09,2.0,5.0,4.0,1.0,0.0,4.0,7.0,1.0,1.0,0.0,0.0,0.0
0022501171,1642450,2026-04-10,CHA,17.48,6.0,1.0,3.0,2.0,1.0,1.0,9.0,2.0,3.0,0.0,2.0,2.0
0022501160,1642450,2026-04-08,MIL,20.21,9.0,5.0,6.0,0.0,0.0,1.0,6.0,1.0,3.0,1.0,6.0,6.0
0022501144,1642450,2026-04-06,ORL,33.34,18.0,2.0,7.0,1.0,0.0,5.0,11.0,6.0,3.0,1.0,5.0,5.0
0022501131,1642450,2026-04-04,PHI,31.3,16.0,4.0,14.0,1.0,1.0,1.0,11.0,4.0,5.0,2.0,7.0,6.0
0022501115,1642450,2026-04-02,MIN,36.5,26.0,5.0,8.0,0.0,0.0,1.0,19.0,9.0,2.0,2.0,7.0,6.0
0022501101,1642450,2026-03-31,TOR,36.35,21.0,5.0,5.0,0.0,1.0,3.0,9.0,5.0,4.0,2.0,9.0,9.0
0022501097,1642450,2026-03-30,OKC,36.16,15.0,4.0,6.0,2.0,0.0,5.0,17.0,7.0,5.0,1.0,0.0,0.0
0022501080,1642450,2026-03-28,MIN,27.35,13.0,8.0,4.0,0.0,0.0,3.0,16.0,6.0,4.0,1.0,0.0,0.0
0022501064,1642450,2026-03-26,NOP,33.16,19.0,2.0,9.0,1.0,0.0,3.0,12.0,6.0,7.0,5.0,2.0,2.0
0022501090,1642461,2026-03-29,GSW,5.59,0.0,0.0,1.0,1.0,1.0,1.0,0.0,0.0,0.0,0.0,0.0,0.0
0022501072,1642461,2026-03-27,UTA,13.39,0.0,6.0,0.0,1.0,0.0,0.0,1.0,0.0,1.0,0.0,0.0,0.0
0022501059,1642461,2026-03-25,DAL,20.2,4.0,2.0,0.0,0.0,0.0,0.0,2.0,1.0,1.0,0.0,4.0,2.0
0022501050,1642461,2026-03-24,PHX,21.47,4.0,7.0,0.0,0.0,0.0,1.0,4.0,2.0,0.0,0.0,0.0,0.0
0022501032,1642461,2026-03-22,POR,11.23,5.0,0.0,0.0,1.0,1.0,0.0,3.0,2.0,2.0,1.0,0.0,0.0
0022501021,1642461,2026-03-20,TOR,17.59,0.0,3.0,4.0,0.0,0.0,0.0,1.0,0.0,0.0,0.0,0.0,0.0
0022500651,1642461,2026-03-18,MEM,26.5,6.0,5.0,0.0,0.0,1.0,1.0,5.0,3.0,2.0,0.0,0.0,0.0
0022500997,1642461,2026-03-17,PHI,23.59,7.0,5.0,0.0,1.0,1.0,1.0,4.0,3.0,2.0,1.0,0.0,0.0
0022500974,1642461,2026-03-14,LAL,23.26,5.0,3.0,0.0,1.0,0.0,0.0,4.0,2.0,1.0,1.0,0.0,0.0
0022500958,1642461,2026-03-12,SAS,32.47,19.0,4.0,2.0,2.0,2.0,0.0,13.0,8.0,6.0,3.0,0.0,0.0
0022500835,1642468,2026-02-24,NYK,2.4,0.0,1.0,0.0,0.0,0.0,0.0,1.0,0.0,0.0,0.0,0.0,0.0
0022501189,1642484,2026-04-12,MIA,26.37,10.0,3.0,3.0,0.0,0.0,2.0,10.0,4.0,6.0,2.0,0.0,0.0
0022500970,1642484,2026-03-14,MIL,2.55,0.0,0.0,0.0,0.0,0.0,0.0,0.0,0.0,0.0,0.0,0.0,0.0
0022500594,1642484,2026-01-17,BOS,4.55,0.0,0.0,4.0,1.0,0.0,0.0,1.0,0.0,1.0,0.0,0.0,0.0
0022500369,1642484,2025-12-18,OKC,3.32,0.0,2.0,0.0,0.0,0.0,1.0,0.0,0.0,0.0,0.0,0.0,0.0
0022500073,1642484,2025-11-28,WAS,5.48,0.0,2.0,1.0,0.0,0.0,0.0,2.0,0.0,1.0,0.0,0.0,0.0
0022500048,1642484,2025-11-21,CLE,1.12,0.0,0.0,0.0,0.0,0.0,0.0,0.0,0.0,0.0,0.0,0.0,0.0
0022500230,1642484,2025-11-15,TOR,5.2,7.0,0.0,0.0,0.0,0.0,2.0,3.0,2.0,2.0,1.0,2.0,2.0
0022500226,1642484,2025-11-13,PHX,3.21,3.0,1.0,1.0,0.0,0.0,0.0,2.0,1.0,1.0,1.0,0.0,0.0
0022500196,1642484,2025-11-09,GSW,6.26,5.0,1.0,0.0,0.0,0.0,3.0,4.0,2.0,2.0,1.0,0.0,0.0
0022500189,1642484,2025-11-08,DEN,5.08,0.0,2.0,1.0,0.0,0.0,0.0,3.0,0.0,2.0,0.0,0.0,0.0
0022501195,1642490,2026-04-12,MIN,31.21,4.0,6.0,2.0,0.0,0.0,1.0,2.0,2.0,0.0,0.0,1.0,0.0
0022501174,1642490,2026-04-10,BOS,23.57,12.0,12.0,1.0,0.0,0.0,0.0,8.0,5.0,2.0,0.0,3.0,2.0
0022501153,1642490,2026-04-07,UTA,26.28,9.0,5.0,1.0,0.0,0.0,1.0,7.0,4.0,0.0,0.0,2.0,1.0
0022501199,1642502,2026-04-12,LAC,16.49,8.0,2.0,2.0,0.0,0.0,0.0,4.0,3.0,0.0,0.0,2.0,2.0
0022501184,1642502,2026-04-10,SAC,11.46,7.0,2.0,0.0,2.0,0.0,0.0,3.0,2.0,1.0,1.0,2.0,2.0
0022501170,1642502,2026-04-09,LAL,24.08,12.0,4.0,3.0,2.0,0.0,2.0,8.0,4.0,2.0,0.0,4.0,4.0
0022501154,1642502,2026-04-07,SAC,20.6,2.0,5.0,3.0,0.0,2.0,3.0,5.0,1.0,0.0,0.0,0.0,0.0
0022501113,1642502,2026-04-01,SAS,29.25,5.0,4.0,5.0,2.0,0.0,2.0,6.0,2.0,0.0,0.0,3.0,1.0
0022501090,1642502,2026-03-29,DEN,3.55,2.0,0.0,0.0,0.0,0.0,0.0,1.0,1.0,0.0,0.0,0.0,0.0
0022501073,1642502,2026-03-27,WAS,2.56,0.0,0.0,0.0,0.0,0.0,0.0,1.0,0.0,0.0,0.0,0.0,0.0
0022501026,1642502,2026-03-21,ATL,9.17,2.0,1.0,0.0,2.0,1.0,0.0,2.0,1.0,0.0,0.0,0.0,0.0
0022501017,1642502,2026-03-20,DET,11.14,5.0,1.0,1.0,0.0,0.0,1.0,3.0,2.0,1.0,1.0,0.0,0.0
0022500999,1642502,2026-03-18,BOS,9.54,0.0,1.0,0.0,0.0,0.0,1.0,1.0,0.0,0.0,0.0,0.0,0.0
0022501191,1642504,2026-04-12,PHI,38.15,22.0,10.0,4.0,1.0,0.0,2.0,20.0,8.0,12.0,3.0,3.0,3.0
0022501179,1642504,2026-04-10,BKN,33.58,28.0,5.0,3.0,1.0,0.0,3.0,17.0,10.0,9.0,5.0,3.0,3.0
0022501160,1642504,2026-04-08,DET,24.31,16.0,0.0,0.0,0.0,1.0,2.0,9.0,6.0,6.0,3.0,1.0,1.0
0022501150,1642504,2026-04-07,BKN,33.43,14.0,5.0,2.0,0.0,0.0,2.0,12.0,5.0,6.0,3.0,2.0,1.0
0022501135,1642504,2026-04-05,MEM,29.26,21.0,4.0,3.0,5.0,0.0,2.0,8.0,7.0,4.0,3.0,4.0,4.0
0022501126,1642504,2026-04-03,BOS,32.47,11.0,1.0,2.0,0.0,1.0,2.0,7.0,2.0,4.0,2.0,5.0,5.0
0022501110,1642504,2026-04-01,HOU,38.15,25.0,2.0,4.0,1.0,0.0,2.0,14.0,9.0,7.0,4.0,3.0,3.0
0022501082,1642504,2026-03-29,LAC,20.22,13.0,0.0,0.0,1.0,0.0,1.0,6.0,4.0,5.0,3.0,2.0,2.0
0022501076,1642504,2026-03-28,SAS,7.12,0.0,1.0,0.0,1.0,0.0,1.0,2.0,0.0,1.0,0.0,0.0,0.0
0022501061,1642504,2026-03-25,POR,4.29,2.0,0.0,0.0,0.0,1.0,0.0,3.0,1.0,2.0,0.0,0.0,0.0
0022501193,1642530,2026-04-12,DAL,14.48,14.0,2.0,1.0,0.0,0.0,0.0,12.0,5.0,9.0,3.0,1.0,1.0
0022501177,1642530,2026-04-10,ORL,8.31,0.0,0.0,2.0,0.0,0.0,2.0,2.0,0.0,2.0,0.0,0.0,0.0
0022501166,1642530,2026-04-09,WAS,21.46,6.0,4.0,4.0,0.0,0.0,0.0,6.0,1.0,4.0,0.0,5.0,4.0
0022501148,1642530,2026-04-07,WAS,16.26,3.0,2.0,2.0,1.0,0.0,0.0,2.0,1.0,2.0,1.0,0.0,0.0
0022501134,1642530,2026-04-05,PHX,5.58,3.0,1.0,2.0,0.0,0.0,0.0,2.0,1.0,2.0,1.0,0.0,0.0
0022501123,1642530,2026-04-03,NYK,4.35,3.0,0.0,1.0,0.0,0.0,0.0,1.0,1.0,1.0,1.0,0.0,0.0
0022501109,1642530,2026-04-01,IND,15.32,0.0,3.0,3.0,2.0,0.0,1.0,3.0,0.0,1.0,0.0,0.0,0.0
0022501002,1642530,2026-03-18,TOR,7.42,5.0,1.0,2.0,0.0,0.0,2.0,2.0,1.0,0.0,0.0,4.0,3.0
0022500987,1642530,2026-03-16,MEM,11.49,5.0,1.0,2.0,0.0,0.0,3.0,2.0,1.0,0.0,0.0,3.0,3.0
0022500968,1642530,2026-03-13,LAC,3.34,0.0,0.0,0.0,0.0,0.0,0.0,0.0,0.0,0.0,0.0,0.0,0.0
0022501193,1642843,2026-04-12,CHI,9.59,10.0,4.0,1.0,1.0,0.0,0.0,8.0,4.0,1.0,0.0,2.0,2.0
0022501180,1642843,2026-04-10,SAS,32.09,33.0,6.0,5.0,0.0,0.0,2.0,25.0,13.0,7.0,3.0,4.0,4.0
0022501164,1642843,2026-04-08,PHX,31.53,11.0,11.0,6.0,1.0,1.0,2.0,18.0,4.0,4.0,0.0,3.0,3.0
0022501156,1642843,2026-04-07,LAC,33.53,25.0,9.0,2.0,0.0,1.0,1.0,25.0,9.0,3.0,1.0,6.0,6.0
0022501140,1642843,2026-04-05,LAL,38.31,45.0,8.0,9.0,2.0,1.0,2.0,27.0,14.0,4.0,2.0,17.0,15.0
0022501127,1642843,2026-04-03,ORL,33.33,51.0,6.0,3.0,3.0,1.0,1.0,30.0,19.0,9.0,6.0,7.0,7.0
0022500652,1642843,2026-03-31,MIL,31.45,19.0,10.0,3.0,3.0,1.0,3.0,19.0,6.0,3.0,0.0,8.0,7.0
0022501095,1642843,2026-03-30,MIN,30.43,12.0,4.0,1.0,0.0,2.0,2.0,19.0,5.0,3.0,0.0,4.0,2.0
0022501074,1642843,2026-03-27,POR,37.31,24.0,3.0,2.0,4.0,0.0,3.0,17.0,9.0,1.0,0.0,6.0,6.0
0022501059,1642843,2026-03-25,DEN,35.49,26.0,8.0,7.0,2.0,1.0,0.0,18.0,10.0,4.0,1.0,6.0,5.0
0022501197,1642844,2026-04-12,DEN,18.23,9.0,3.0,1.0,1.0,0.0,0.0,9.0,4.0,1.0,0.0,1.0,1.0
0022501180,1642844,2026-04-10,DAL,25.36,13.0,4.0,6.0,0.0,1.0,2.0,9.0,4.0,1.0,0.0,5.0,5.0
0022501161,1642844,2026-04-08,POR,32.38,13.0,6.0,4.0,2.0,2.0,4.0,14.0,6.0,2.0,1.0,0.0,0.0
0022501146,1642844,2026-04-06,PHI,27.52,17.0,3.0,4.0,0.0,0.0,0.0,11.0,7.0,3.0,3.0,0.0,0.0
0022501130,1642844,2026-04-04,DEN,20.12,12.0,3.0,3.0,0.0,0.0,2.0,7.0,5.0,3.0,2.0,1.0,0.0
0022501119,1642844,2026-04-02,LAC,25.01,19.0,2.0,5.0,1.0,0.0,2.0,12.0,8.0,3.0,2.0,1.0,1.0
0022501113,1642844,2026-04-01,GSW,23.35,13.0,2.0,5.0,2.0,0.0,3.0,11.0,6.0,2.0,0.0,1.0,1.0
0022501094,1642844,2026-03-30,CHI,23.31,13.0,6.0,3.0,1.0,1.0,1.0,11.0,6.0,2.0,1.0,0.0,0.0
0022501076,1642844,2026-03-28,MIL,21.08,14.0,1.0,2.0,1.0,0.0,2.0,8.0,6.0,3.0,2.0,0.0,0.0
0022501056,1642844,2026-03-25,MEM,22.55,10.0,5.0,6.0,0.0,1.0,1.0,8.0,4.0,5.0,2.0,0.0,0.0
0022501191,1642845,2026-04-12,MIL,31.12,9.0,7.0,11.0,1.0,0.0,1.0,11.0,4.0,5.0,1.0,0.0,0.0
0022501175,1642845,2026-04-10,IND,39.31,16.0,9.0,5.0,3.0,1.0,3.0,14.0,7.0,2.0,0.0,2.0,2.0
0022501169,1642845,2026-04-09,HOU,40.09,20.0,6.0,8.0,2.0,0.0,2.0,17.0,7.0,8.0,3.0,6.0,3.0
0022501146,1642845,2026-04-06,SAS,40.5,14.0,8.0,3.0,1.0,1.0,1.0,15.0,6.0,7.0,2.0,0.0,0.0
0022501131,1642845,2026-04-04,DET,35.17,19.0,6.0,1.0,2.0,1.0,3.0,18.0,7.0,8.0,2.0,4.0,3.0
0022501121,1642845,2026-04-03,MIN,36.46,8.0,2.0,3.0,2.0,0.0,3.0,9.0,4.0,2.0,0.0,0.0,0.0
0022501105,1642845,2026-04-01,WAS,32.54,23.0,3.0,10.0,0.0,0.0,2.0,15.0,10.0,3.0,2.0,1.0,1.0
0022501091,1642845,2026-03-30,MIA,29.55,13.0,1.0,5.0,2.0,0.0,1.0,8.0,5.0,3.0,1.0,2.0,2.0
0022501077,1642845,2026-03-28,CHA,30.44,13.0,5.0,3.0,0.0,0.0,1.0,11.0,5.0,4.0,3.0,0.0,0.0
0022501053,1642845,2026-03-25,CHI,29.36,22.0,6.0,6.0,1.0,0.0,1.0,9.0,7.0,5.0,4.0,5.0,4.0
0022501198,1642846,2026-04-12,LAL,29.24,15.0,3.0,1.0,0.0,1.0,3.0,21.0,7.0,9.0,1.0,2.0,0.0
0022501181,1642846,2026-04-10,MEM,28.46,23.0,10.0,2.0,3.0,1.0,3.0,19.0,10.0,7.0,3.0,0.0,0.0
0022501139,1642846,2026-04-05,OKC,33.27,14.0,4.0,2.0,1.0,2.0,3.0,14.0,6.0,6.0,2.0,0.0,0.0
0022501124,1642846,2026-04-03,HOU,32.36,22.0,6.0,1.0,0.0,1.0,2.0,17.0,9.0,8.0,2.0,3.0,2.0
0022501112,1642846,2026-04-01,DEN,33.27,12.0,1.0,2.0,0.0,0.0,2.0,17.0,5.0,9.0,1.0,2.0,1.0
0022501096,1642846,2026-03-30,CLE,35.0,19.0,2.0,5.0,0.0,0.0,1.0,15.0,8.0,6.0,3.0,0.0,0.0
0022501081,1642846,2026-03-28,PHX,34.03,13.0,6.0,2.0,0.0,3.0,4.0,15.0,5.0,3.0,1.0,3.0,2.0
0022501072,1642846,2026-03-27,DEN,27.29,15.0,7.0,1.0,0.0,0.0,2.0,14.0,7.0,7.0,1.0,0.0,0.0
0022501057,1642846,2026-03-25,WAS,28.55,15.0,5.0,3.0,2.0,2.0,1.0,19.0,7.0,6.0,1.0,0.0,0.0
0022501043,1642846,2026-03-23,TOR,35.11,37.0,6.0,3.0,0.0,2.0,0.0,21.0,11.0,10.0,7.0,8.0,8.0
0022501195,1642847,2026-04-12,MIN,41.23,36.0,10.0,5.0,2.0,1.0,2.0,28.0,12.0,5.0,0.0,14.0,12.0
0022501174,1642847,2026-04-10,BOS,44.03,36.0,3.0,6.0,3.0,0.0,1.0,29.0,13.0,10.0,3.0,11.0,7.0
0022501153,1642847,2026-04-07,UTA,37.45,40.0,5.0,6.0,3.0,0.0,2.0,29.0,17.0,7.0,1.0,5.0,5.0
0022501138,1642847,2026-04-05,ORL,36.44,19.0,3.0,7.0,2.0,1.0,3.0,14.0,4.0,7.0,2.0,11.0,9.0
0022501128,1642847,2026-04-03,SAC,36.59,28.0,8.0,6.0,0.0,0.0,1.0,19.0,10.0,11.0,5.0,3.0,3.0
0022501118,1642847,2026-04-02,POR,25.59,21.0,2.0,1.0,2.0,2.0,2.0,10.0,7.0,4.0,3.0,5.0,4.0
0022501088,1642847,2026-03-29,HOU,22.05,12.0,2.0,5.0,2.0,1.0,2.0,14.0,4.0,4.0,1.0,4.0,3.0
0022501071,1642847,2026-03-27,TOR,27.34,10.0,4.0,3.0,0.0,1.0,1.0,12.0,3.0,5.0,1.0,4.0,3.0
0022501064,1642847,2026-03-26,DET,27.28,13.0,2.0,6.0,1.0,0.0,2.0,10.0,5.0,3.0,0.0,6.0,3.0
0022501048,1642847,2026-03-24,NYK,19.58,21.0,1.0,3.0,2.0,0.0,2.0,12.0,9.0,5.0,3.0,0.0,0.0
0022501129,1642848,2026-04-04,MIA,25.13,11.0,3.0,4.0,0.0,0.0,2.0,13.0,5.0,5.0,1.0,0.0,0.0
0022501105,1642848,2026-04-01,PHI,24.21,8.0,4.0,4.0,0.0,0.0,3.0,11.0,3.0,5.0,2.0,0.0,0.0
0022501098,1642848,2026-03-30,LAL,22.55,11.0,6.0,2.0,2.0,0.0,1.0,12.0,5.0,6.0,1.0,0.0,0.0
0022501073,1642848,2026-03-27,GSW,22.09,11.0,1.0,0.0,0.0,0.0,1.0,11.0,5.0,5.0,1.0,0.0,0.0
0022501009,1642848,2026-03-19,DET,24.1,12.0,1.0,2.0,0.0,0.0,1.0,11.0,5.0,6.0,2.0,0.0,0.0
0022500993,1642848,2026-03-17,DET,24.14,11.0,4.0,1.0,0.0,0.0,2.0,12.0,3.0,4.0,1.0,4.0,4.0
0022500984,1642848,2026-03-16,GSW,23.29,13.0,1.0,2.0,0.0,0.0,2.0,12.0,5.0,7.0,2.0,2.0,1.0
0022500971,1642848,2026-03-14,BOS,24.28,7.0,1.0,2.0,0.0,0.0,1.0,13.0,3.0,7.0,1.0,0.0,0.0
0022500955,1642848,2026-03-12,ORL,22.35,3.0,5.0,1.0,0.0,1.0,3.0,11.0,1.0,6.0,1.0,0.0,0.0
0022500938,1642848,2026-03-10,MIA,22.38,17.0,2.0,2.0,1.0,0.0,2.0,12.0,7.0,7.0,3.0,1.0,0.0
0022501179,1642849,2026-04-10,MIL,16.19,14.0,4.0,0.0,3.0,1.0,1.0,14.0,5.0,9.0,1.0,3.0,3.0
0022501150,1642849,2026-04-07,MIL,9.19,5.0,1.0,2.0,1.0,1.0,2.0,2.0,2.0,1.0,1.0,0.0,0.0
0022501133,1642849,2026-04-05,WAS,28.13,23.0,2.0,7.0,0.0,0.0,3.0,18.0,7.0,11.0,5.0,4.0,4.0
0022501122,1642849,2026-04-03,ATL,29.29,13.0,2.0,4.0,3.0,1.0,2.0,11.0,5.0,6.0,2.0,2.0,1.0
0022501100,1642849,2026-03-31,CHA,22.39,10.0,5.0,4.0,0.0,0.0,4.0,8.0,4.0,2.0,0.0,2.0,2.0
0022501084,1642849,2026-03-29,SAC,29.52,17.0,3.0,6.0,1.0,0.0,4.0,13.0,6.0,9.0,2.0,5.0,3.0
0022501075,1642849,2026-03-27,LAL,25.38,9.0,1.0,7.0,4.0,0.0,6.0,14.0,4.0,4.0,1.0,0.0,0.0
0022501045,1642849,2026-03-23,POR,16.26,0.0,3.0,5.0,1.0,1.0,2.0,9.0,0.0,4.0,0.0,0.0,0.0
0022501033,1642849,2026-03-22,SAC,26.06,17.0,2.0,4.0,1.0,0.0,2.0,12.0,6.0,5.0,2.0,3.0,3.0
0022501016,1642849,2026-03-20,NYK,23.59,11.0,2.0,7.0,1.0,2.0,4.0,11.0,3.0,3.0,1.0,4.0,4.0
0022501190,1642851,2026-04-12,NYK,31.14,14.0,6.0,5.0,2.0,1.0,2.0,14.0,5.0,10.0,3.0,1.0,1.0
0022501171,1642851,2026-04-10,DET,29.0,10.0,4.0,1.0,0.0,0.0,3.0,12.0,4.0,8.0,2.0,0.0,0.0
0022501149,1642851,2026-04-07,BOS,35.24,13.0,5.0,5.0,0.0,0.0,3.0,16.0,5.0,8.0,3.0,0.0,0.0
0022501137,1642851,2026-04-05,MIN,31.23,11.0,4.0,3.0,1.0,0.0,3.0,14.0,4.0,4.0,1.0,3.0,2.0
0022501120,1642851,2026-04-03,IND,30.1,20.0,4.0,4.0,2.0,0.0,2.0,12.0,7.0,7.0,3.0,3.0,3.0
0022501114,1642851,2026-04-02,PHX,32.33,20.0,3.0,2.0,0.0,0.0,1.0,14.0,7.0,9.0,4.0,2.0,2.0
0022501100,1642851,2026-03-31,BKN,24.42,8.0,7.0,0.0,1.0,1.0,1.0,12.0,4.0,3.0,0.0,0.0,0.0
0022501085,1642851,2026-03-29,BOS,31.53,13.0,4.0,2.0,0.0,0.0,2.0,13.0,5.0,6.0,1.0,3.0,2.0
0022501077,1642851,2026-03-28,PHI,36.14,11.0,11.0,2.0,0.0,0.0,2.0,14.0,3.0,10.0,3.0,2.0,2.0
0022501063,1642851,2026-03-26,NYK,36.57,26.0,11.0,8.0,0.0,0.0,2.0,14.0,9.0,10.0,6.0,4.0,2.0
0022501195,1642852,2026-04-12,MIN,41.03,30.0,22.0,4.0,1.0,1.0,4.0,28.0,11.0,2.0,1.0,8.0,7.0
0022501174,1642852,2026-04-10,BOS,39.2,25.0,11.0,4.0,1.0,3.0,2.0,14.0,9.0,2.0,0.0,9.0,7.0
0022501153,1642852,2026-04-07,UTA,37.11,17.0,12.0,7.0,3.0,2.0,7.0,9.0,6.0,0.0,0.0,6.0,5.0
0022501138,1642852,2026-04-05,ORL,18.17,2.0,4.0,1.0,1.0,0.0,1.0,4.0,1.0,1.0,0.0,0.0,0.0
0022501128,1642852,2026-04-03,SAC,27.38,8.0,6.0,2.0,5.0,1.0,2.0,10.0,3.0,2.0,0.0,2.0,2.0
0022501118,1642852,2026-04-02,POR,27.41,12.0,6.0,7.0,2.0,1.0,3.0,10.0,4.0,1.0,0.0,4.0,4.0
0022501088,1642852,2026-03-29,HOU,23.58,13.0,3.0,1.0,0.0,1.0,2.0,12.0,5.0,3.0,1.0,4.0,2.0
0022501071,1642852,2026-03-27,TOR,22.32,13.0,8.0,0.0,1.0,1.0,2.0,11.0,5.0,0.0,0.0,5.0,3.0
0022501064,1642852,2026-03-26,DET,20.48,11.0,11.0,2.0,1.0,0.0,3.0,13.0,5.0,2.0,0.0,3.0,1.0
0022501048,1642852,2026-03-24,NYK,18.26,5.0,5.0,3.0,0.0,1.0,0.0,8.0,2.0,3.0,0.0,1.0,1.0
0022501196,1642853,2026-04-12,OKC,38.0,16.0,6.0,2.0,2.0,1.0,2.0,13.0,6.0,7.0,4.0,0.0,0.0
0022501185,1642853,2026-04-10,LAL,24.19,3.0,3.0,2.0,0.0,0.0,5.0,6.0,1.0,6.0,1.0,0.0,0.0
0022501164,1642853,2026-04-08,DAL,13.3,3.0,0.0,0.0,1.0,1.0,1.0,2.0,1.0,1.0,0.0,2.0,1.0
0022501157,1642853,2026-04-07,HOU,1.04,0.0,0.0,0.0,0.0,0.0,0.0,0.0,0.0,0.0,0.0,0.0,0.0
0022501114,1642853,2026-04-02,CHA,7.37,3.0,0.0,0.0,0.0,0.0,1.0,1.0,1.0,1.0,1.0,0.0,0.0
0022501099,1642853,2026-03-31,ORL,15.49,11.0,4.0,0.0,0.0,0.0,2.0,9.0,4.0,5.0,1.0,4.0,2.0
0022501093,1642853,2026-03-30,MEM,23.38,11.0,1.0,1.0,3.0,0.0,0.0,11.0,5.0,4.0,1.0,0.0,0.0
0022501081,1642853,2026-03-28,UTA,18.26,7.0,6.0,0.0,0.0,1.0,1.0,7.0,3.0,4.0,1.0,0.0,0.0
0022501050,1642853,2026-03-24,DEN,23.08,3.0,4.0,0.0,0.0,0.0,0.0,6.0,0.0,4.0,0.0,4.0,3.0
0022501036,1642853,2026-03-22,TOR,28.36,11.0,7.0,1.0,2.0,1.0,1.0,8.0,4.0,5.0,2.0,1.0,1.0
0022501189,1642854,2026-04-12,MIA,38.51,17.0,11.0,2.0,0.0,1.0,2.0,13.0,7.0,3.0,1.0,4.0,2.0
0022501173,1642854,2026-04-10,CLE,7.58,2.0,2.0,1.0,1.0,1.0,0.0,2.0,1.0,1.0,0.0,0.0,0.0
0022501122,1642854,2026-04-03,BKN,5.17,5.0,1.0,2.0,0.0,0.0,0.0,4.0,2.0,2.0,1.0,0.0,0.0
0022501107,1642854,2026-04-01,ORL,2.49,2.0,1.0,1.0,0.0,0.0,0.0,1.0,1.0,0.0,0.0,0.0,0.0
0022500850,1642854,2026-02-26,WAS,2.58,2.0,0.0,0.0,0.0,0.0,0.0,2.0,1.0,1.0,0.0,0.0,0.0
0022500775,1642854,2026-02-11,CHA,4.47,0.0,1.0,0.0,0.0,0.0,0.0,1.0,0.0,1.0,0.0,0.0,0.0
0022500765,1642854,2026-02-09,MIN,24.5,2.0,4.0,1.0,0.0,0.0,2.0,5.0,1.0,2.0,0.0,0.0,0.0
0022500751,1642854,2026-02-07,CHA,8.06,5.0,1.0,1.0,2.0,0.0,0.0,2.0,2.0,1.0,1.0,0.0,0.0
0022500735,1642854,2026-02-05,UTA,16.29,9.0,3.0,0.0,0.0,1.0,0.0,7.0,4.0,2.0,0.0,3.0,1.0
0022500720,1642854,2026-02-03,MIA,16.39,8.0,2.0,0.0,1.0,0.0,1.0,4.0,3.0,1.0,0.0,2.0,2.0
0022500289,1642855,2025-11-24,NOP,2.09,0.0,0.0,0.0,1.0,0.0,0.0,2.0,0.0,1.0,0.0,0.0,0.0
0022500271,1642855,2025-11-22,WAS,3.53,0.0,0.0,0.0,0.0,0.0,0.0,1.0,0.0,1.0,0.0,0.0,0.0
0022500859,1642856,2026-02-27,BOS,21.41,5.0,0.0,2.0,0.0,0.0,1.0,4.0,2.0,3.0,1.0,0.0,0.0
0022500851,1642856,2026-02-26,SAS,25.01,6.0,5.0,9.0,1.0,0.0,1.0,3.0,2.0,2.0,1.0,2.0,1.0
0022500833,1642856,2026-02-24,DAL,28.04,3.0,5.0,2.0,1.0,0.0,0.0,7.0,1.0,6.0,1.0,0.0,0.0
0022500818,1642856,2026-02-22,ATL,28.0,13.0,1.0,4.0,1.0,1.0,1.0,11.0,5.0,5.0,2.0,2.0,1.0
0022500808,1642856,2026-02-20,OKC,28.23,3.0,5.0,3.0,1.0,2.0,0.0,10.0,1.0,8.0,1.0,0.0,0.0
0022500793,1642856,2026-02-19,CLE,26.18,10.0,5.0,1.0,1.0,0.0,1.0,8.0,3.0,5.0,2.0,3.0,2.0
0022500779,1642856,2026-02-11,IND,32.24,13.0,5.0,5.0,1.0,1.0,1.0,8.0,3.0,7.0,3.0,4.0,4.0
0022500747,1642856,2026-02-07,WAS,25.32,4.0,2.0,2.0,1.0,1.0,1.0,8.0,2.0,5.0,0.0,0.0,0.0
0022500734,1642856,2026-02-05,ORL,31.57,26.0,4.0,2.0,0.0,0.0,2.0,12.0,8.0,10.0,6.0,5.0,4.0
0022500719,1642856,2026-02-03,LAL,26.56,11.0,2.0,2.0,1.0,0.0,6.0,11.0,4.0,8.0,3.0,0.0,0.0
0022501189,1642857,2026-04-12,ATL,19.3,8.0,3.0,5.0,0.0,0.0,1.0,3.0,3.0,2.0,2.0,0.0,0.0
0022501172,1642857,2026-04-10,WAS,30.55,16.0,5.0,4.0,2.0,0.0,2.0,7.0,4.0,5.0,3.0,6.0,5.0
0022501165,1642857,2026-04-09,TOR,7.32,0.0,0.0,0.0,0.0,0.0,0.0,1.0,0.0,1.0,0.0,0.0,0.0
0022501151,1642857,2026-04-07,TOR,12.46,0.0,1.0,3.0,0.0,0.0,0.0,3.0,0.0,2.0,0.0,0.0,0.0
0022501129,1642857,2026-04-04,WAS,27.48,14.0,3.0,9.0,0.0,2.0,3.0,9.0,4.0,5.0,2.0,6.0,4.0
0022501083,1642857,2026-03-29,IND,12.31,5.0,0.0,1.0,0.0,0.0,1.0,2.0,1.0,2.0,1.0,2.0,2.0
0022501068,1642857,2026-03-27,CLE,19.28,14.0,3.0,1.0,0.0,0.0,0.0,6.0,3.0,5.0,2.0,6.0,6.0
0022501055,1642857,2026-03-25,CLE,13.38,2.0,1.0,2.0,0.0,0.0,0.0,2.0,0.0,2.0,0.0,2.0,2.0
0022501041,1642857,2026-03-23,SAS,22.17,8.0,6.0,5.0,2.0,1.0,0.0,6.0,3.0,3.0,2.0,0.0,0.0
0022501027,1642857,2026-03-21,HOU,14.31,0.0,1.0,3.0,0.0,0.0,0.0,1.0,0.0,1.0,0.0,0.0,0.0
0022501177,1642859,2026-04-10,CHI,6.01,8.0,0.0,0.0,3.0,0.0,0.0,5.0,4.0,0.0,0.0,0.0,0.0
0022501159,1642859,2026-04-08,MIN,4.1,0.0,0.0,0.0,0.0,0.0,0.0,1.0,0.0,1.0,0.0,0.0,0.0
0022501144,1642859,2026-04-06,DET,5.4,3.0,1.0,0.0,0.0,0.0,0.0,1.0,1.0,0.0,0.0,2.0,1.0
0022501127,1642859,2026-04-03,DAL,2.05,0.0,0.0,0.0,0.0,0.0,0.0,1.0,0.0,0.0,0.0,0.0,0.0
0022501107,1642859,2026-04-01,ATL,7.3,4.0,2.0,1.0,0.0,0.0,1.0,3.0,1.0,0.0,0.0,4.0,2.0
0022501086,1642859,2026-03-29,TOR,18.04,0.0,4.0,3.0,0.0,0.0,0.0,3.0,0.0,2.0,0.0,0.0,0.0
0022501065,1642859,2026-03-26,SAC,5.14,5.0,1.0,0.0,0.0,0.0,0.0,1.0,1.0,1.0,1.0,2.0,2.0
0022501039,1642859,2026-03-23,IND,18.32,9.0,1.0,3.0,0.0,0.0,0.0,5.0,4.0,2.0,1.0,0.0,0.0
0022501008,1642859,2026-03-19,CHA,7.24,2.0,1.0,0.0,1.0,0.0,0.0,1.0,1.0,0.0,0.0,0.0,0.0
0022500983,1642859,2026-03-16,ATL,5.29,6.0,0.0,0.0,2.0,0.0,0.0,4.0,2.0,2.0,1.0,1.0,1.0
0022501187,1642860,2026-04-12,CLE,34.16,6.0,5.0,4.0,0.0,0.0,2.0,11.0,2.0,3.0,0.0,2.0,2.0
0022501172,1642860,2026-04-10,MIA,28.13,16.0,3.0,2.0,1.0,0.0,3.0,17.0,7.0,8.0,2.0,0.0,0.0
0022501166,1642860,2026-04-09,CHI,37.53,23.0,9.0,7.0,3.0,3.0,3.0,22.0,8.0,9.0,1.0,7.0,6.0
0022501148,1642860,2026-04-07,CHI,30.44,2.0,6.0,3.0,2.0,0.0,2.0,13.0,1.0,5.0,0.0,0.0,0.0
0022501133,1642860,2026-04-05,BKN,35.06,30.0,4.0,6.0,0.0,0.0,4.0,16.0,9.0,7.0,3.0,12.0,9.0
0022501129,1642860,2026-04-04,MIA,36.54,31.0,5.0,0.0,5.0,0.0,0.0,17.0,12.0,4.0,2.0,6.0,5.0
0022501105,1642860,2026-04-01,PHI,31.47,18.0,1.0,3.0,0.0,0.0,2.0,12.0,8.0,6.0,2.0,0.0,0.0
0022501098,1642860,2026-03-30,LAL,35.58,20.0,2.0,2.0,1.0,0.0,2.0,19.0,8.0,7.0,1.0,3.0,3.0
0022501087,1642860,2026-03-29,POR,25.34,14.0,1.0,1.0,2.0,0.0,0.0,9.0,4.0,3.0,1.0,5.0,5.0
0022501073,1642860,2026-03-27,GSW,29.11,22.0,5.0,5.0,2.0,0.0,1.0,12.0,8.0,5.0,3.0,3.0,3.0
0022501190,1642862,2026-04-12,NYK,4.18,0.0,1.0,1.0,0.0,0.0,0.0,1.0,0.0,0.0,0.0,0.0,0.0
0022501085,1642862,2026-03-29,BOS,10.54,10.0,6.0,0.0,0.0,0.0,0.0,3.0,2.0,1.0,1.0,6.0,5.0
0022501047,1642862,2026-03-24,SAC,10.18,7.0,6.0,0.0,0.0,0.0,1.0,3.0,2.0,1.0,1.0,2.0,2.0
0022500676,1642862,2026-01-28,MEM,6.06,0.0,1.0,0.0,0.0,0.0,0.0,2.0,0.0,0.0,0.0,0.0,0.0
0022500528,1642862,2026-01-08,IND,11.15,2.0,1.0,1.0,0.0,0.0,0.0,2.0,1.0,1.0,0.0,0.0,0.0
0022500516,1642862,2026-01-07,TOR,21.19,7.0,2.0,0.0,0.0,1.0,2.0,4.0,1.0,4.0,1.0,6.0,4.0
0022500506,1642862,2026-01-05,OKC,2.0,3.0,0.0,1.0,0.0,0.0,0.0,1.0,1.0,1.0,1.0,0.0,0.0
0022500489,1642862,2026-01-03,CHI,12.39,0.0,3.0,1.0,0.0,0.0,0.0,3.0,0.0,1.0,0.0,0.0,0.0
0022500481,1642862,2026-01-02,MIL,5.1,0.0,2.0,0.0,0.0,0.0,0.0,0.0,0.0,0.0,0.0,0.0,0.0
0022500462,1642862,2025-12-31,GSW,10.5,0.0,1.0,1.0,1.0,0.0,0.0,1.0,0.0,1.0,0.0,0.0,0.0
0022501196,1642863,2026-04-12,OKC,29.01,18.0,14.0,0.0,1.0,2.0,1.0,15.0,8.0,5.0,2.0,0.0,0.0
0022501185,1642863,2026-04-10,LAL,7.59,4.0,3.0,0.0,0.0,0.0,0.0,3.0,2.0,0.0,0.0,0.0,0.0
0022501164,1642863,2026-04-08,DAL,30.12,4.0,14.0,0.0,0.0,3.0,0.0,5.0,2.0,1.0,0.0,0.0,0.0
0022501157,1642863,2026-04-07,HOU,1.04,0.0,0.0,0.0,0.0,0.0,0.0,0.0,0.0,0.0,0.0,0.0,0.0
0022501114,1642863,2026-04-02,CHA,2.52,1.0,0.0,0.0,0.0,0.0,0.0,1.0,0.0,1.0,0.0,2.0,1.0
0022501099,1642863,2026-03-31,ORL,2.42,0.0,0.0,0.0,0.0,2.0,0.0,0.0,0.0,0.0,0.0,0.0,0.0
0022501093,1642863,2026-03-30,MEM,13.19,6.0,11.0,0.0,0.0,3.0,1.0,4.0,2.0,0.0,0.0,4.0,2.0
0022501081,1642863,2026-03-28,UTA,19.38,12.0,9.0,0.0,0.0,2.0,0.0,7.0,5.0,0.0,0.0,4.0,2.0
0022501050,1642863,2026-03-24,DEN,10.5,6.0,1.0,0.0,0.0,2.0,0.0,3.0,2.0,1.0,0.0,2.0,2.0
0022501036,1642863,2026-03-22,TOR,17.12,7.0,7.0,0.0,1.0,0.0,1.0,4.0,2.0,2.0,1.0,2.0,2.0
0022501174,1642864,2026-04-10,NOP,25.24,10.0,4.0,1.0,3.0,0.0,0.0,7.0,4.0,4.0,2.0,0.0,0.0
0022501132,1642864,2026-04-05,TOR,1.08,0.0,0.0,0.0,0.0,0.0,0.0,0.0,0.0,0.0,0.0,0.0,0.0
0022501126,1642864,2026-04-03,MIL,6.14,2.0,2.0,0.0,0.0,0.0,1.0,1.0,1.0,0.0,0.0,0.0,0.0
0022501106,1642864,2026-04-01,MIA,0.08,0.0,0.0,0.0,0.0,0.0,0.0,0.0,0.0,0.0,0.0,0.0,0.0
0022501092,1642864,2026-03-30,ATL,12.33,5.0,4.0,0.0,0.0,0.0,2.0,4.0,2.0,2.0,1.0,0.0,0.0
0022501085,1642864,2026-03-29,CHA,12.59,3.0,3.0,0.0,1.0,0.0,0.0,2.0,1.0,1.0,1.0,0.0,0.0
0022501067,1642864,2026-03-27,ATL,7.22,3.0,2.0,0.0,0.0,0.0,0.0,1.0,1.0,1.0,1.0,0.0,0.0
0022501054,1642864,2026-03-25,OKC,9.29,3.0,2.0,0.0,0.0,0.0,0.0,2.0,1.0,2.0,1.0,0.0,0.0
0022501035,1642864,2026-03-22,MIN,13.57,0.0,3.0,1.0,0.0,1.0,1.0,3.0,0.0,1.0,0.0,0.0,0.0
0022501019,1642864,2026-03-20,MEM,14.34,5.0,5.0,1.0,0.0,0.0,0.0,2.0,2.0,1.0,1.0,0.0,0.0
0022501195,1642866,2026-04-12,NOP,31.16,24.0,13.0,2.0,0.0,7.0,0.0,12.0,9.0,0.0,0.0,9.0,6.0
0022501178,1642866,2026-04-10,HOU,25.41,14.0,4.0,1.0,2.0,1.0,0.0,5.0,5.0,0.0,0.0,4.0,4.0
0022501159,1642866,2026-04-08,ORL,22.47,9.0,8.0,1.0,0.0,2.0,1.0,10.0,4.0,0.0,0.0,1.0,1.0
0022501152,1642866,2026-04-07,IND,3.07,2.0,1.0,0.0,0.0,1.0,2.0,1.0,1.0,0.0,0.0,0.0,0.0
0022501137,1642866,2026-04-05,CHA,3.15,4.0,0.0,0.0,0.0,0.0,0.0,1.0,1.0,0.0,0.0,2.0,2.0
0022501095,1642866,2026-03-30,DAL,4.57,6.0,2.0,0.0,0.0,1.0,0.0,3.0,3.0,0.0,0.0,0.0,0.0
0022501080,1642866,2026-03-28,DET,3.45,4.0,0.0,0.0,1.0,0.0,0.0,1.0,1.0,0.0,0.0,4.0,2.0
0022501035,1642866,2026-03-22,BOS,1.22,0.0,0.0,0.0,0.0,0.0,0.0,1.0,0.0,0.0,0.0,0.0,0.0
0022501004,1642866,2026-03-18,UTA,9.21,2.0,7.0,0.0,0.0,1.0,0.0,4.0,1.0,0.0,0.0,0.0,0.0
0022500946,1642866,2026-03-10,LAL,3.55,0.0,0.0,1.0,0.0,0.0,0.0,0.0,0.0,0.0,0.0,0.0,0.0
0022501192,1642867,2026-04-12,BKN,13.25,2.0,2.0,2.0,0.0,0.0,0.0,0.0,0.0,0.0,0.0,2.0,2.0
0022501165,1642867,2026-04-09,MIA,22.12,17.0,8.0,1.0,2.0,1.0,1.0,7.0,7.0,0.0,0.0,3.0,3.0
0022501151,1642867,2026-04-07,MIA,19.57,6.0,8.0,1.0,1.0,2.0,0.0,7.0,3.0,0.0,0.0,0.0,0.0
0022501132,1642867,2026-04-05,BOS,25.53,12.0,5.0,5.0,1.0,1.0,1.0,8.0,5.0,0.0,0.0,4.0,2.0
0022501125,1642867,2026-04-03,MEM,23.0,19.0,4.0,1.0,0.0,0.0,0.0,10.0,7.0,0.0,0.0,8.0,5.0
0022501108,1642867,2026-04-01,SAC,18.01,20.0,4.0,2.0,0.0,0.0,0.0,9.0,7.0,1.0,0.0,8.0,6.0
0022501101,1642867,2026-03-31,DET,23.5,14.0,10.0,0.0,2.0,1.0,2.0,13.0,7.0,1.0,0.0,2.0,0.0
0022501071,1642867,2026-03-27,NOP,12.11,9.0,2.0,0.0,0.0,1.0,0.0,5.0,3.0,0.0,0.0,4.0,3.0
0022501062,1642867,2026-03-25,LAC,23.44,10.0,5.0,0.0,1.0,1.0,2.0,7.0,5.0,0.0,0.0,0.0,0.0
0022501043,1642867,2026-03-23,UTA,17.05,9.0,4.0,1.0,1.0,5.0,2.0,5.0,3.0,0.0,0.0,5.0,3.0
0022501197,1642868,2026-04-12,DEN,30.18,13.0,5.0,5.0,0.0,3.0,1.0,13.0,6.0,7.0,1.0,1.0,0.0
0022501180,1642868,2026-04-10,DAL,25.25,12.0,4.0,2.0,0.0,1.0,2.0,5.0,4.0,3.0,3.0,1.0,1.0
0022501161,1642868,2026-04-08,POR,24.42,17.0,5.0,4.0,1.0,0.0,1.0,9.0,6.0,6.0,5.0,0.0,0.0
0022501146,1642868,2026-04-06,PHI,12.38,5.0,2.0,1.0,0.0,0.0,1.0,2.0,1.0,2.0,1.0,2.0,2.0
0022501130,1642868,2026-04-04,DEN,4.56,0.0,2.0,0.0,1.0,0.0,0.0,0.0,0.0,0.0,0.0,0.0,0.0
0022501119,1642868,2026-04-02,LAC,10.06,2.0,1.0,0.0,0.0,0.0,1.0,3.0,1.0,1.0,0.0,0.0,0.0
0022501113,1642868,2026-04-01,GSW,17.08,0.0,3.0,1.0,1.0,2.0,1.0,3.0,0.0,3.0,0.0,0.0,0.0
0022501094,1642868,2026-03-30,CHI,6.25,0.0,0.0,0.0,0.0,0.0,0.0,1.0,0.0,1.0,0.0,0.0,0.0
0022501076,1642868,2026-03-28,MIL,10.55,4.0,1.0,2.0,0.0,0.0,0.0,2.0,2.0,0.0,0.0,0.0,0.0
0022501056,1642868,2026-03-25,MEM,15.27,5.0,1.0,0.0,1.0,0.0,0.0,3.0,2.0,1.0,0.0,2.0,1.0
0022501177,1642869,2026-04-10,CHI,7.32,0.0,0.0,2.0,0.0,0.0,0.0,2.0,0.0,2.0,0.0,0.0,0.0
0022501159,1642869,2026-04-08,MIN,6.41,0.0,0.0,0.0,0.0,0.0,0.0,1.0,0.0,0.0,0.0,0.0,0.0
0022501144,1642869,2026-04-06,DET,1.5,0.0,0.0,0.0,0.0,0.0,0.0,1.0,0.0,1.0,0.0,0.0,0.0
0022501127,1642869,2026-04-03,DAL,2.05,0.0,1.0,1.0,0.0,0.0,0.0,0.0,0.0,0.0,0.0,0.0,0.0
0022501107,1642869,2026-04-01,ATL,5.39,0.0,2.0,2.0,0.0,0.0,0.0,1.0,0.0,1.0,0.0,0.0,0.0
0022501086,1642869,2026-03-29,TOR,14.23,3.0,3.0,2.0,1.0,0.0,2.0,3.0,1.0,3.0,1.0,0.0,0.0
0022501049,1642869,2026-03-24,CLE,4.37,0.0,0.0,2.0,0.0,0.0,1.0,1.0,0.0,1.0,0.0,0.0,0.0
0022501039,1642869,2026-03-23,IND,7.45,0.0,1.0,1.0,0.0,1.0,0.0,2.0,0.0,1.0,0.0,0.0,0.0
0022501024,1642869,2026-03-21,LAL,12.48,2.0,3.0,0.0,0.0,0.0,1.0,3.0,1.0,0.0,0.0,0.0,0.0
0022501008,1642869,2026-03-19,CHA,21.21,8.0,2.0,2.0,0.0,0.0,1.0,8.0,3.0,6.0,2.0,0.0,0.0
0022501186,1642873,2026-04-12,ORL,9.3,2.0,1.0,1.0,0.0,0.0,1.0,1.0,1.0,0.0,0.0,0.0,0.0
0022501092,1642873,2026-03-30,ATL,13.25,4.0,7.0,1.0,1.0,1.0,1.0,2.0,1.0,0.0,0.0,2.0,2.0
0022501085,1642873,2026-03-29,CHA,2.26,0.0,1.0,0.0,0.0,0.0,1.0,0.0,0.0,0.0,0.0,0.0,0.0
0022500971,1642873,2026-03-14,WAS,1.33,2.0,1.0,0.0,0.0,0.0,1.0,1.0,1.0,0.0,0.0,0.0,0.0
0022500942,1642873,2026-03-10,SAS,0.57,0.0,0.0,1.0,0.0,0.0,0.0,0.0,0.0,0.0,0.0,0.0,0.0
0022500908,1642873,2026-03-06,DAL,2.42,0.0,0.0,0.0,0.0,0.0,0.0,0.0,0.0,0.0,0.0,0.0,0.0
0022500880,1642873,2026-03-02,MIL,1.52,0.0,0.0,1.0,0.0,0.0,1.0,0.0,0.0,0.0,0.0,0.0,0.0
0022500823,1642873,2026-02-22,LAL,1.26,0.0,1.0,0.0,0.0,0.0,0.0,0.0,0.0,0.0,0.0,0.0,0.0
0022500757,1642873,2026-02-08,NYK,4.43,0.0,2.0,0.0,0.0,0.0,0.0,1.0,0.0,0.0,0.0,0.0,0.0
0022500702,1642873,2026-02-01,MIL,4.05,0.0,1.0,0.0,0.0,0.0,0.0,0.0,0.0,0.0,0.0,0.0,0.0
0022501033,1642874,2026-03-22,SAC,12.23,9.0,4.0,0.0,0.0,0.0,0.0,7.0,4.0,2.0,1.0,2.0,0.0
0022501016,1642874,2026-03-20,NYK,24.22,8.0,6.0,2.0,1.0,0.0,1.0,12.0,3.0,7.0,2.0,0.0,0.0
0022501000,1642874,2026-03-18,OKC,22.34,6.0,4.0,2.0,1.0,1.0,3.0,5.0,2.0,1.0,0.0,2.0,2.0
0022500985,1642874,2026-03-16,POR,23.58,8.0,5.0,4.0,0.0,2.0,4.0,9.0,3.0,4.0,2.0,0.0,0.0
0022500969,1642874,2026-03-14,PHI,26.21,15.0,10.0,2.0,0.0,0.0,1.0,9.0,4.0,4.0,1.0,6.0,6.0
0022500956,1642874,2026-03-12,ATL,28.1,8.0,8.0,2.0,0.0,0.0,3.0,7.0,2.0,5.0,1.0,4.0,3.0
0022500937,1642874,2026-03-10,DET,27.38,13.0,8.0,2.0,0.0,2.0,1.0,6.0,2.0,4.0,2.0,9.0,7.0
0022500932,1642874,2026-03-09,MEM,27.34,14.0,9.0,2.0,1.0,1.0,1.0,12.0,5.0,6.0,2.0,3.0,2.0
0022500916,1642874,2026-03-07,DET,18.51,8.0,3.0,4.0,0.0,1.0,1.0,3.0,2.0,0.0,0.0,4.0,4.0
0022500901,1642874,2026-03-05,MIA,14.02,0.0,3.0,2.0,0.0,0.0,3.0,2.0,0.0,2.0,0.0,0.0,0.0
0022501200,1642875,2026-04-12,POR,37.21,21.0,9.0,2.0,1.0,2.0,3.0,10.0,7.0,4.0,3.0,4.0,4.0
0022501184,1642875,2026-04-10,GSW,39.06,23.0,9.0,4.0,1.0,0.0,3.0,12.0,9.0,4.0,2.0,5.0,3.0
0022501154,1642875,2026-04-07,GSW,26.11,17.0,7.0,1.0,0.0,0.0,2.0,14.0,7.0,1.0,0.0,3.0,3.0
0022501141,1642875,2026-04-05,LAC,33.12,11.0,15.0,2.0,1.0,1.0,2.0,12.0,5.0,1.0,0.0,2.0,1.0
0022501128,1642875,2026-04-03,NOP,29.0,28.0,9.0,4.0,0.0,0.0,1.0,14.0,11.0,1.0,0.0,7.0,6.0
0022501108,1642875,2026-04-01,TOR,23.09,6.0,8.0,0.0,0.0,0.0,1.0,4.0,2.0,1.0,0.0,2.0,2.0
0022501084,1642875,2026-03-29,BKN,31.49,13.0,8.0,2.0,1.0,0.0,1.0,10.0,4.0,0.0,0.0,8.0,5.0
0022501078,1642875,2026-03-28,ATL,30.18,18.0,10.0,0.0,1.0,0.0,1.0,8.0,5.0,2.0,2.0,8.0,6.0
0022501065,1642875,2026-03-26,ORL,38.35,10.0,7.0,3.0,3.0,0.0,1.0,9.0,4.0,1.0,0.0,2.0,2.0
0022501047,1642875,2026-03-24,CHA,29.32,16.0,7.0,0.0,0.0,0.0,2.0,14.0,6.0,3.0,1.0,4.0,3.0
0022501198,1642876,2026-04-12,UTA,12.0,8.0,4.0,2.0,0.0,0.0,2.0,4.0,4.0,0.0,0.0,0.0,0.0
0022501185,1642876,2026-04-10,PHX,1.47,0.0,0.0,0.0,1.0,0.0,0.0,0.0,0.0,0.0,0.0,0.0,0.0
0022501170,1642876,2026-04-09,GSW,6.35,0.0,0.0,0.0,0.0,0.0,0.0,1.0,0.0,0.0,0.0,0.0,0.0
0022501155,1642876,2026-04-07,OKC,20.39,10.0,4.0,2.0,1.0,0.0,2.0,4.0,2.0,2.0,1.0,10.0,5.0
0022501103,1642876,2026-03-31,CLE,1.21,0.0,0.0,0.0,0.0,0.0,0.0,0.0,0.0,0.0,0.0,0.0,0.0
0022501038,1642876,2026-03-23,DET,2.24,1.0,0.0,0.0,0.0,0.0,0.0,1.0,0.0,0.0,0.0,2.0,1.0
0022500946,1642876,2026-03-10,MIN,1.58,0.0,1.0,0.0,0.0,0.0,1.0,0.0,0.0,0.0,0.0,0.0,0.0
0022500878,1642876,2026-03-01,SAC,3.55,3.0,1.0,1.0,0.0,0.0,0.0,1.0,1.0,0.0,0.0,1.0,1.0
0022500791,1642876,2026-02-12,DAL,1.45,2.0,0.0,0.0,0.0,0.0,0.0,1.0,1.0,0.0,0.0,0.0,0.0
0022500774,1642876,2026-02-10,SAS,9.48,3.0,0.0,0.0,0.0,1.0,0.0,1.0,1.0,0.0,0.0,1.0,1.0
0022501195,1642877,2026-04-12,MIN,40.45,21.0,4.0,3.0,1.0,2.0,1.0,12.0,6.0,4.0,2.0,8.0,7.0
0022501174,1642877,2026-04-10,BOS,36.32,2.0,2.0,1.0,0.0,0.0,0.0,7.0,1.0,3.0,0.0,0.0,0.0
0022501153,1642877,2026-04-07,UTA,36.02,20.0,4.0,2.0,2.0,0.0,3.0,13.0,9.0,3.0,2.0,0.0,0.0
0022501138,1642877,2026-04-05,ORL,27.51,3.0,5.0,1.0,1.0,1.0,1.0,6.0,1.0,4.0,1.0,0.0,0.0
0022501128,1642877,2026-04-03,SAC,31.45,8.0,3.0,3.0,4.0,0.0,0.0,5.0,2.0,3.0,2.0,2.0,2.0
0022501118,1642877,2026-04-02,POR,12.13,0.0,2.0,3.0,1.0,0.0,0.0,1.0,0.0,0.0,0.0,0.0,0.0
0022501088,1642877,2026-03-29,HOU,16.14,0.0,1.0,0.0,1.0,0.0,0.0,1.0,0.0,1.0,0.0,0.0,0.0
0022501071,1642877,2026-03-27,TOR,2.13,4.0,1.0,0.0,2.0,0.0,0.0,3.0,2.0,0.0,0.0,0.0,0.0
0022501064,1642877,2026-03-26,DET,3.3,0.0,0.0,0.0,0.0,0.0,0.0,1.0,0.0,0.0,0.0,0.0,0.0
0022500988,1642877,2026-03-16,DAL,1.45,0.0,2.0,1.0,0.0,0.0,1.0,1.0,0.0,0.0,0.0,2.0,0.0
0022501187,1642878,2026-04-12,WAS,34.43,22.0,11.0,8.0,1.0,0.0,7.0,16.0,9.0,8.0,4.0,0.0,0.0
0022501173,1642878,2026-04-10,ATL,12.0,15.0,1.0,4.0,1.0,0.0,3.0,8.0,5.0,4.0,2.0,3.0,3.0
0022501145,1642878,2026-04-06,MEM,21.58,10.0,2.0,1.0,3.0,0.0,1.0,8.0,2.0,4.0,1.0,6.0,5.0
0022501136,1642878,2026-04-05,IND,4.49,0.0,1.0,1.0,0.0,0.0,0.0,2.0,0.0,1.0,0.0,0.0,0.0
0022501103,1642878,2026-03-31,LAL,12.0,10.0,2.0,4.0,0.0,0.0,0.0,5.0,3.0,3.0,2.0,2.0,2.0
0022501096,1642878,2026-03-30,UTA,11.46,8.0,2.0,1.0,1.0,0.0,1.0,6.0,3.0,3.0,1.0,1.0,1.0
0022501068,1642878,2026-03-27,MIA,5.41,6.0,1.0,0.0,0.0,0.0,1.0,2.0,1.0,1.0,0.0,4.0,4.0
0022501055,1642878,2026-03-25,MIA,6.25,0.0,1.0,0.0,2.0,0.0,0.0,1.0,0.0,0.0,0.0,0.0,0.0
0022500858,1642878,2026-02-27,DET,18.54,4.0,0.0,1.0,1.0,0.0,0.0,2.0,1.0,1.0,0.0,2.0,2.0
0022500835,1642878,2026-02-24,NYK,2.42,0.0,0.0,1.0,0.0,0.0,0.0,0.0,0.0,0.0,0.0,0.0,0.0
0022501192,1642879,2026-04-12,TOR,26.22,15.0,3.0,4.0,2.0,0.0,4.0,10.0,6.0,1.0,0.0,4.0,3.0
0022501179,1642879,2026-04-10,MIL,41.2,15.0,3.0,3.0,1.0,1.0,1.0,15.0,6.0,9.0,3.0,0.0,0.0
0022501167,1642879,2026-04-09,IND,27.4,19.0,5.0,6.0,0.0,1.0,2.0,16.0,8.0,4.0,0.0,3.0,3.0
0022501150,1642879,2026-04-07,MIL,35.39,19.0,5.0,2.0,2.0,1.0,3.0,13.0,5.0,2.0,0.0,10.0,9.0
0022501122,1642879,2026-04-03,ATL,24.33,2.0,2.0,4.0,0.0,0.0,2.0,4.0,1.0,0.0,0.0,0.0,0.0
0022501100,1642879,2026-03-31,CHA,18.38,7.0,2.0,3.0,0.0,0.0,3.0,6.0,2.0,3.0,1.0,2.0,2.0
0022501084,1642879,2026-03-29,SAC,25.25,8.0,8.0,6.0,0.0,0.0,5.0,10.0,3.0,0.0,0.0,2.0,2.0
0022501075,1642879,2026-03-27,LAL,22.22,10.0,3.0,2.0,1.0,0.0,1.0,12.0,5.0,1.0,0.0,0.0,0.0
0022501060,1642879,2026-03-25,GSW,31.42,14.0,4.0,7.0,2.0,0.0,4.0,9.0,5.0,3.0,2.0,4.0,2.0
0022501045,1642879,2026-03-23,POR,18.47,10.0,3.0,2.0,2.0,0.0,3.0,8.0,2.0,2.0,0.0,6.0,6.0
0022501188,1642880,2026-04-12,DET,19.59,8.0,1.0,4.0,0.0,0.0,1.0,7.0,3.0,4.0,2.0,0.0,0.0
0022501175,1642880,2026-04-10,PHI,21.09,0.0,4.0,3.0,0.0,0.0,0.0,5.0,0.0,2.0,0.0,0.0,0.0
0022501167,1642880,2026-04-09,BKN,21.44,4.0,3.0,6.0,0.0,0.0,4.0,7.0,2.0,2.0,0.0,0.0,0.0
0022501152,1642880,2026-04-07,MIN,23.07,9.0,2.0,4.0,1.0,0.0,1.0,7.0,4.0,2.0,1.0,0.0,0.0
0022501136,1642880,2026-04-05,CLE,19.07,2.0,0.0,5.0,0.0,0.0,0.0,7.0,1.0,4.0,0.0,0.0,0.0
0022501120,1642880,2026-04-03,CHA,22.46,7.0,6.0,10.0,1.0,0.0,1.0,5.0,3.0,2.0,1.0,0.0,0.0
0022501109,1642880,2026-04-01,CHI,25.17,9.0,1.0,7.0,2.0,0.0,2.0,8.0,4.0,4.0,1.0,0.0,0.0
0022501001,1642880,2026-03-18,POR,7.15,0.0,1.0,2.0,0.0,0.0,0.0,2.0,0.0,1.0,0.0,0.0,0.0
0022500994,1642880,2026-03-17,NYK,9.59,3.0,1.0,1.0,0.0,0.0,1.0,3.0,1.0,2.0,1.0,0.0,0.0
0022500979,1642880,2026-03-15,MIL,10.21,2.0,2.0,3.0,1.0,0.0,1.0,2.0,1.0,0.0,0.0,0.0,0.0
0022501187,1642882,2026-04-12,CLE,18.11,14.0,3.0,0.0,3.0,0.0,0.0,7.0,5.0,0.0,0.0,4.0,4.0
0022501172,1642882,2026-04-10,MIA,36.48,10.0,6.0,3.0,2.0,1.0,0.0,11.0,5.0,0.0,0.0,0.0,0.0
0022501166,1642882,2026-04-09,CHI,39.04,16.0,15.0,1.0,0.0,2.0,5.0,14.0,5.0,0.0,0.0,7.0,6.0
0022501148,1642882,2026-04-07,CHI,36.06,17.0,11.0,4.0,3.0,2.0,4.0,14.0,8.0,0.0,0.0,4.0,1.0
0022501133,1642882,2026-04-05,BKN,43.49,17.0,16.0,1.0,3.0,0.0,4.0,16.0,8.0,0.0,0.0,5.0,1.0
0022501129,1642882,2026-04-04,MIA,10.29,0.0,9.0,2.0,0.0,0.0,0.0,2.0,0.0,0.0,0.0,0.0,0.0
0022501087,1642882,2026-03-29,POR,38.5,8.0,13.0,4.0,1.0,0.0,4.0,12.0,4.0,0.0,0.0,2.0,0.0
0022501057,1642882,2026-03-25,UTA,30.09,26.0,17.0,0.0,1.0,1.0,3.0,16.0,12.0,0.0,0.0,4.0,2.0
0022500984,1642882,2026-03-16,GSW,23.41,12.0,6.0,1.0,0.0,0.0,3.0,7.0,5.0,0.0,0.0,2.0,2.0
0022500925,1642882,2026-03-08,NOP,25.41,5.0,9.0,3.0,1.0,2.0,2.0,4.0,1.0,0.0,0.0,4.0,3.0
0022501190,1642883,2026-04-12,NYK,21.29,8.0,5.0,2.0,1.0,0.0,2.0,6.0,3.0,5.0,2.0,0.0,0.0
0022501171,1642883,2026-04-10,DET,16.47,2.0,3.0,0.0,0.0,0.0,1.0,6.0,1.0,3.0,0.0,0.0,0.0
0022501149,1642883,2026-04-07,BOS,18.55,2.0,5.0,2.0,3.0,0.0,1.0,7.0,1.0,4.0,0.0,1.0,0.0
0022501137,1642883,2026-04-05,MIN,22.26,5.0,5.0,4.0,1.0,0.0,1.0,7.0,2.0,5.0,1.0,0.0,0.0
0022501120,1642883,2026-04-03,IND,22.56,13.0,6.0,3.0,1.0,0.0,0.0,9.0,4.0,8.0,4.0,1.0,1.0
0022501114,1642883,2026-04-02,PHX,23.29,7.0,5.0,1.0,3.0,0.0,0.0,7.0,3.0,3.0,0.0,1.0,1.0
0022501100,1642883,2026-03-31,BKN,22.28,0.0,5.0,3.0,0.0,0.0,0.0,2.0,0.0,2.0,0.0,0.0,0.0
0022501085,1642883,2026-03-29,BOS,22.23,11.0,2.0,4.0,0.0,0.0,0.0,8.0,4.0,6.0,3.0,0.0,0.0
0022501077,1642883,2026-03-28,PHI,6.15,2.0,1.0,2.0,0.0,0.0,0.0,3.0,0.0,3.0,0.0,2.0,2.0
0022501063,1642883,2026-03-26,NYK,14.27,0.0,1.0,1.0,1.0,0.0,1.0,2.0,0.0,1.0,0.0,0.0,0.0
0022501189,1642884,2026-04-12,ATL,2.48,3.0,2.0,0.0,0.0,1.0,0.0,1.0,1.0,0.0,0.0,1.0,1.0
0022501172,1642884,2026-04-10,WAS,1.21,0.0,0.0,0.0,0.0,0.0,0.0,0.0,0.0,0.0,0.0,0.0,0.0
0022501165,1642884,2026-04-09,TOR,3.09,0.0,2.0,1.0,0.0,0.0,1.0,0.0,0.0,0.0,0.0,0.0,0.0
0022501151,1642884,2026-04-07,TOR,2.47,0.0,1.0,0.0,0.0,1.0,1.0,0.0,0.0,0.0,0.0,0.0,0.0
0022500991,1642884,2026-03-17,CHA,2.21,0.0,0.0,0.0,0.0,0.0,0.0,0.0,0.0,0.0,0.0,0.0,0.0
0022500938,1642884,2026-03-10,WAS,1.08,0.0,1.0,0.0,0.0,0.0,0.0,1.0,0.0,0.0,0.0,0.0,0.0
0022500923,1642884,2026-03-08,DET,2.08,0.0,2.0,0.0,0.0,0.0,1.0,0.0,0.0,0.0,0.0,0.0,0.0
0022500705,1642884,2026-02-01,CHI,7.21,4.0,1.0,1.0,0.0,1.0,0.0,2.0,2.0,0.0,0.0,0.0,0.0
0022500381,1642884,2025-12-19,BOS,0.55,0.0,0.0,1.0,0.0,0.0,0.0,0.0,0.0,0.0,0.0,0.0,0.0
0022501190,1642885,2026-04-12,CHA,33.55,5.0,4.0,6.0,1.0,0.0,2.0,9.0,2.0,5.0,0.0,1.0,1.0
0022501176,1642885,2026-04-10,TOR,10.41,3.0,1.0,1.0,1.0,0.0,0.0,2.0,0.0,2.0,0.0,4.0,3.0
0022501123,1642885,2026-04-03,CHI,12.18,6.0,1.0,2.0,0.0,0.0,0.0,4.0,2.0,2.0,0.0,2.0,2.0
0022501003,1642885,2026-04-01,MEM,5.13,4.0,0.0,0.0,1.0,0.0,0.0,3.0,2.0,1.0,0.0,0.0,0.0
0022501102,1642885,2026-03-31,HOU,1.52,0.0,0.0,0.0,0.0,0.0,0.0,0.0,0.0,0.0,0.0,0.0,0.0
0022501089,1642885,2026-03-29,OKC,2.12,0.0,0.0,0.0,0.0,0.0,0.0,0.0,0.0,0.0,0.0,0.0,0.0
0022501063,1642885,2026-03-26,CHA,12.4,5.0,1.0,1.0,0.0,0.0,0.0,6.0,2.0,4.0,1.0,1.0,0.0
0022501048,1642885,2026-03-24,NOP,11.05,2.0,0.0,1.0,0.0,0.0,1.0,2.0,1.0,0.0,0.0,0.0,0.0
0022501034,1642885,2026-03-22,WAS,19.49,12.0,1.0,0.0,0.0,0.0,1.0,6.0,4.0,4.0,3.0,2.0,1.0
0022501016,1642885,2026-03-20,BKN,19.29,8.0,7.0,5.0,0.0,0.0,1.0,4.0,2.0,4.0,2.0,2.0,2.0
0022501196,1642886,2026-04-12,OKC,28.4,20.0,5.0,3.0,0.0,0.0,1.0,11.0,7.0,9.0,6.0,0.0,0.0
0022501185,1642886,2026-04-10,LAL,14.26,3.0,1.0,1.0,1.0,0.0,2.0,8.0,1.0,7.0,1.0,0.0,0.0
0022501157,1642886,2026-04-07,HOU,1.04,0.0,0.0,0.0,0.0,0.0,0.0,0.0,0.0,0.0,0.0,0.0,0.0
0022501114,1642886,2026-04-02,CHA,2.52,0.0,0.0,0.0,0.0,0.0,1.0,1.0,0.0,1.0,0.0,0.0,0.0
0022501093,1642886,2026-03-30,MEM,3.54,3.0,0.0,2.0,0.0,0.0,0.0,2.0,1.0,2.0,1.0,0.0,0.0
0022501081,1642886,2026-03-28,UTA,5.09,3.0,0.0,1.0,0.0,0.0,0.0,2.0,1.0,2.0,1.0,0.0,0.0
0022501036,1642886,2026-03-22,TOR,4.44,0.0,0.0,0.0,0.0,0.0,0.0,3.0,0.0,2.0,0.0,0.0,0.0
0022500839,1642886,2026-02-24,BOS,5.48,3.0,0.0,1.0,0.0,0.0,0.0,2.0,1.0,1.0,1.0,0.0,0.0
0022500826,1642886,2026-02-22,POR,1.37,3.0,0.0,0.0,0.0,0.0,0.0,2.0,1.0,2.0,1.0,0.0,0.0
0022500785,1642886,2026-02-11,OKC,7.49,6.0,1.0,0.0,0.0,0.0,0.0,2.0,2.0,2.0,2.0,0.0,0.0
0022501200,1642905,2026-04-12,SAC,1.39,0.0,1.0,0.0,0.0,0.0,0.0,0.0,0.0,0.0,0.0,0.0,0.0
0022501183,1642905,2026-04-10,LAC,1.52,0.0,0.0,0.0,0.0,0.0,0.0,0.0,0.0,0.0,0.0,0.0,0.0
0022501087,1642905,2026-03-29,WAS,10.45,6.0,4.0,0.0,0.0,1.0,2.0,5.0,1.0,2.0,0.0,4.0,4.0
0022501045,1642905,2026-03-23,BKN,9.01,4.0,3.0,0.0,0.0,0.0,0.0,2.0,2.0,0.0,0.0,1.0,0.0
0022500967,1642905,2026-03-13,UTA,0.49,0.0,0.0,0.0,0.0,0.0,0.0,0.0,0.0,0.0,0.0,0.0,0.0
0022500929,1642905,2026-03-08,IND,4.1,5.0,1.0,0.0,0.0,0.0,0.0,2.0,1.0,0.0,0.0,3.0,3.0
0022500873,1642905,2026-03-01,ATL,5.47,0.0,1.0,1.0,0.0,0.0,0.0,1.0,0.0,1.0,0.0,0.0,0.0
0022500863,1642905,2026-02-28,CHA,2.15,2.0,1.0,0.0,0.0,0.0,0.0,2.0,1.0,1.0,0.0,0.0,0.0
0022500810,1642905,2026-02-20,DEN,8.2,4.0,1.0,0.0,0.0,1.0,1.0,4.0,1.0,1.0,0.0,6.0,2.0
0022500790,1642905,2026-02-12,UTA,3.07,2.0,0.0,0.0,0.0,0.0,0.0,1.0,0.0,0.0,0.0,2.0,2.0
0022501162,1642907,2026-04-08,DEN,21.54,27.0,6.0,2.0,1.0,0.0,0.0,17.0,10.0,7.0,3.0,5.0,4.0
0022501145,1642907,2026-04-06,CLE,17.31,12.0,5.0,3.0,1.0,2.0,0.0,6.0,5.0,3.0,2.0,0.0,0.0
0022501125,1642907,2026-04-03,TOR,27.11,15.0,2.0,1.0,1.0,1.0,3.0,11.0,5.0,7.0,2.0,4.0,3.0
0022501003,1642907,2026-04-01,NYK,28.2,15.0,0.0,0.0,1.0,0.0,1.0,11.0,5.0,3.0,1.0,5.0,4.0
0022501093,1642907,2026-03-30,PHX,23.53,7.0,3.0,3.0,0.0,1.0,1.0,7.0,1.0,3.0,0.0,5.0,5.0
0022501079,1642907,2026-03-28,CHI,24.13,24.0,9.0,4.0,4.0,0.0,3.0,19.0,10.0,6.0,2.0,3.0,2.0
0022501069,1642907,2026-03-27,HOU,25.2,10.0,4.0,2.0,1.0,0.0,0.0,7.0,4.0,2.0,1.0,1.0,1.0
0022501056,1642907,2026-03-25,SAS,26.45,12.0,1.0,4.0,0.0,0.0,0.0,10.0,5.0,6.0,2.0,0.0,0.0
0022500651,1642907,2026-03-18,DEN,24.33,15.0,7.0,1.0,1.0,0.0,1.0,12.0,4.0,4.0,0.0,7.0,7.0
0022500987,1642907,2026-03-16,CHI,23.46,17.0,0.0,5.0,0.0,1.0,2.0,13.0,7.0,7.0,2.0,2.0,1.0
0022501186,1642910,2026-04-12,ORL,29.36,13.0,4.0,1.0,1.0,0.0,0.0,12.0,4.0,8.0,3.0,2.0,2.0
0022501092,1642910,2026-03-30,ATL,0.17,0.0,0.0,0.0,0.0,0.0,0.0,0.0,0.0,0.0,0.0,0.0,0.0
0022501085,1642910,2026-03-29,CHA,1.03,0.0,0.0,0.0,1.0,0.0,0.0,0.0,0.0,0.0,0.0,0.0,0.0
0022500880,1642910,2026-03-02,MIL,1.52,0.0,0.0,0.0,0.0,0.0,0.0,0.0,0.0,0.0,0.0,0.0,0.0
0022500859,1642910,2026-02-27,BKN,5.1,2.0,2.0,1.0,0.0,0.0,0.0,1.0,0.0,1.0,0.0,2.0,2.0
0022500839,1642910,2026-02-24,PHX,3.56,0.0,0.0,0.0,0.0,0.0,0.0,1.0,0.0,1.0,0.0,0.0,0.0
0022501195,1642911,2026-04-12,NOP,20.14,8.0,9.0,2.0,0.0,2.0,1.0,3.0,2.0,0.0,0.0,4.0,4.0
0022500976,1642911,2026-03-15,OKC,1.46,2.0,1.0,0.0,0.0,1.0,0.0,3.0,1.0,0.0,0.0,0.0,0.0
0022500952,1642911,2026-03-11,LAC,6.0,2.0,3.0,0.0,0.0,1.0,0.0,1.0,1.0,0.0,0.0,0.0,0.0
0022500915,1642911,2026-03-07,ORL,4.36,2.0,0.0,0.0,0.0,1.0,0.0,1.0,1.0,0.0,0.0,0.0,0.0
0022500824,1642911,2026-02-22,PHI,3.53,0.0,1.0,0.0,0.0,0.0,0.0,0.0,0.0,0.0,0.0,0.0,0.0
0022501194,1642914,2026-04-12,HOU,25.49,18.0,3.0,1.0,2.0,0.0,2.0,19.0,7.0,10.0,2.0,2.0,2.0
0022501125,1642914,2026-04-03,TOR,26.47,14.0,6.0,4.0,0.0,0.0,4.0,11.0,5.0,8.0,2.0,3.0,2.0
0022501003,1642914,2026-04-01,NYK,24.31,13.0,0.0,4.0,1.0,0.0,0.0,5.0,4.0,3.0,2.0,4.0,3.0
0022501079,1642914,2026-03-28,CHI,15.28,6.0,2.0,4.0,3.0,0.0,0.0,5.0,2.0,3.0,2.0,0.0,0.0
0022501069,1642914,2026-03-27,HOU,25.12,14.0,3.0,5.0,1.0,0.0,2.0,9.0,6.0,3.0,2.0,0.0,0.0
0022501056,1642914,2026-03-25,SAS,30.2,8.0,3.0,5.0,1.0,0.0,3.0,4.0,2.0,3.0,1.0,4.0,3.0
0022501023,1642914,2026-03-21,CHA,28.5,17.0,7.0,3.0,1.0,0.0,5.0,12.0,7.0,6.0,3.0,0.0,0.0
0022501019,1642914,2026-03-20,BOS,26.29,13.0,5.0,2.0,0.0,0.0,1.0,8.0,5.0,4.0,2.0,1.0,1.0
0022500651,1642914,2026-03-18,DEN,19.43,8.0,4.0,2.0,0.0,1.0,1.0,6.0,3.0,3.0,2.0,0.0,0.0
0022500961,1642914,2026-03-13,DET,23.26,23.0,3.0,3.0,2.0,0.0,1.0,9.0,6.0,6.0,4.0,7.0,7.0
0022501186,1642917,2026-04-12,ORL,17.48,3.0,3.0,0.0,1.0,0.0,1.0,4.0,1.0,3.0,1.0,0.0,0.0
0022501174,1642917,2026-04-10,NOP,5.36,0.0,2.0,0.0,0.0,0.0,1.0,0.0,0.0,0.0,0.0,0.0,0.0
0022501106,1642917,2026-04-01,MIA,0.08,0.0,0.0,0.0,0.0,0.0,0.0,0.0,0.0,0.0,0.0,0.0,0.0
0022501092,1642917,2026-03-30,ATL,0.17,0.0,0.0,0.0,0.0,0.0,0.0,0.0,0.0,0.0,0.0,0.0,0.0
0022501085,1642917,2026-03-29,CHA,2.26,0.0,0.0,0.0,0.0,0.0,0.0,1.0,0.0,0.0,0.0,0.0,0.0
0022501035,1642917,2026-03-22,MIN,1.45,4.0,1.0,1.0,0.0,0.0,0.0,1.0,1.0,0.0,0.0,2.0,2.0
0022500999,1642917,2026-03-18,GSW,2.14,0.0,0.0,1.0,0.0,0.0,1.0,1.0,0.0,1.0,0.0,0.0,0.0
0022500971,1642917,2026-03-14,WAS,1.33,0.0,0.0,0.0,0.0,0.0,0.0,0.0,0.0,0.0,0.0,0.0,0.0
0022500942,1642917,2026-03-10,SAS,0.57,0.0,0.0,0.0,0.0,0.0,0.0,0.0,0.0,0.0,0.0,0.0,0.0
0022500880,1642917,2026-03-02,MIL,1.52,0.0,0.0,0.0,0.0,0.0,0.0,0.0,0.0,0.0,0.0,0.0,0.0
0022501176,1642918,2026-04-10,NYK,11.41,3.0,0.0,2.0,0.0,0.0,3.0,5.0,1.0,1.0,0.0,1.0,1.0
0022501165,1642918,2026-04-09,MIA,3.09,0.0,0.0,0.0,0.0,0.0,0.0,1.0,0.0,0.0,0.0,0.0,0.0
0022501132,1642918,2026-04-05,BOS,1.08,0.0,0.0,0.0,0.0,0.0,0.0,0.0,0.0,0.0,0.0,0.0,0.0
0022501125,1642918,2026-04-03,MEM,8.28,0.0,1.0,1.0,0.0,0.0,0.0,2.0,0.0,1.0,0.0,0.0,0.0
0022501108,1642918,2026-04-01,SAC,3.38,0.0,1.0,0.0,0.0,0.0,0.0,1.0,0.0,1.0,0.0,0.0,0.0
0022501086,1642918,2026-03-29,ORL,12.57,8.0,4.0,1.0,1.0,1.0,0.0,7.0,3.0,4.0,1.0,2.0,1.0
0022501071,1642918,2026-03-27,NOP,2.13,0.0,1.0,0.0,0.0,0.0,1.0,0.0,0.0,0.0,0.0,0.0,0.0
0022500948,1642918,2026-03-11,NOP,1.24,4.0,0.0,0.0,1.0,0.0,0.0,1.0,1.0,1.0,1.0,2.0,1.0
0022500940,1642918,2026-03-10,HOU,3.18,2.0,0.0,0.0,0.0,0.0,1.0,0.0,0.0,0.0,0.0,2.0,2.0
0022500887,1642918,2026-03-03,NYK,0.5,0.0,0.0,0.0,0.0,0.0,0.0,1.0,0.0,1.0,0.0,0.0,0.0
0022501199,1642920,2026-04-12,GSW,22.44,11.0,3.0,2.0,0.0,0.0,0.0,6.0,3.0,2.0,1.0,4.0,4.0
0022501183,1642920,2026-04-10,POR,11.25,4.0,0.0,1.0,0.0,0.0,1.0,6.0,2.0,4.0,0.0,0.0,0.0
0022501163,1642920,2026-04-08,OKC,23.32,17.0,2.0,1.0,2.0,1.0,1.0,8.0,5.0,4.0,3.0,4.0,4.0
0022501156,1642920,2026-04-07,DAL,24.26,11.0,5.0,2.0,1.0,1.0,0.0,8.0,4.0,7.0,3.0,0.0,0.0
0022501141,1642920,2026-04-05,SAC,20.18,17.0,0.0,1.0,4.0,0.0,0.0,8.0,5.0,5.0,3.0,4.0,4.0
0022501119,1642920,2026-04-02,SAS,13.14,6.0,1.0,1.0,0.0,0.0,1.0,6.0,2.0,3.0,0.0,4.0,2.0
0022501104,1642920,2026-03-31,POR,1.22,2.0,0.0,1.0,1.0,0.0,2.0,1.0,1.0,0.0,0.0,0.0,0.0
0022501082,1642920,2026-03-29,MIL,10.0,3.0,0.0,0.0,1.0,0.0,1.0,1.0,1.0,1.0,1.0,0.0,0.0
0022501062,1642920,2026-03-25,TOR,7.2,6.0,0.0,0.0,0.0,0.0,0.0,4.0,2.0,3.0,2.0,0.0,0.0
0022501046,1642920,2026-03-23,MIL,25.31,19.0,3.0,4.0,1.0,1.0,2.0,10.0,8.0,5.0,3.0,0.0,0.0
0022501200,1642928,2026-04-12,POR,20.52,6.0,8.0,0.0,1.0,1.0,1.0,7.0,3.0,1.0,0.0,0.0,0.0
0022501184,1642928,2026-04-10,GSW,23.36,7.0,7.0,1.0,2.0,2.0,0.0,6.0,3.0,1.0,1.0,2.0,0.0
0022501154,1642928,2026-04-07,GSW,25.55,8.0,9.0,2.0,0.0,3.0,0.0,4.0,4.0,0.0,0.0,0.0,0.0
0022501141,1642928,2026-04-05,LAC,27.11,15.0,8.0,2.0,2.0,4.0,3.0,8.0,7.0,1.0,1.0,0.0,0.0
0022501128,1642928,2026-04-03,NOP,23.38,6.0,8.0,1.0,0.0,5.0,2.0,3.0,3.0,0.0,0.0,0.0,0.0
0022501108,1642928,2026-04-01,TOR,14.22,2.0,6.0,3.0,0.0,1.0,2.0,3.0,1.0,0.0,0.0,0.0,0.0
0022501084,1642928,2026-03-29,BKN,14.03,4.0,3.0,1.0,0.0,2.0,0.0,4.0,2.0,0.0,0.0,0.0,0.0
0022501078,1642928,2026-03-28,ATL,18.59,3.0,7.0,4.0,1.0,0.0,1.0,4.0,1.0,0.0,0.0,1.0,1.0
0022501065,1642928,2026-03-26,ORL,15.5,2.0,5.0,2.0,0.0,0.0,1.0,1.0,1.0,0.0,0.0,0.0,0.0
0022501047,1642928,2026-03-24,CHA,23.54,6.0,11.0,1.0,0.0,1.0,3.0,8.0,3.0,0.0,0.0,0.0,0.0
0022501189,1642933,2026-04-12,MIA,25.32,11.0,0.0,9.0,1.0,0.0,2.0,8.0,4.0,1.0,0.0,3.0,3.0
0022500776,1642933,2026-02-11,CLE,6.06,2.0,1.0,0.0,2.0,0.0,2.0,1.0,1.0,0.0,0.0,0.0,0.0
0022500758,1642933,2026-02-08,MIA,13.25,0.0,1.0,1.0,0.0,1.0,0.0,1.0,0.0,1.0,0.0,0.0,0.0
0022500747,1642933,2026-02-07,BKN,28.44,4.0,3.0,2.0,0.0,3.0,4.0,2.0,0.0,1.0,0.0,4.0,4.0
0022501202,1642935,2025-12-09,NYK,8.23,0.0,0.0,2.0,0.0,0.0,1.0,3.0,0.0,3.0,0.0,0.0,0.0
0022500303,1642935,2025-11-30,NYK,4.51,0.0,1.0,0.0,1.0,0.0,0.0,3.0,0.0,2.0,0.0,0.0,0.0
0022501197,1642938,2026-04-12,SAS,31.48,13.0,5.0,3.0,1.0,0.0,1.0,5.0,4.0,4.0,4.0,2.0,1.0
0022501182,1642938,2026-04-10,OKC,19.56,7.0,1.0,3.0,2.0,0.0,0.0,7.0,3.0,5.0,1.0,0.0,0.0
0022501162,1642938,2026-04-08,MEM,3.14,0.0,0.0,0.0,0.0,0.0,0.0,1.0,0.0,0.0,0.0,0.0,0.0
0022501090,1642938,2026-03-29,GSW,1.56,0.0,0.0,1.0,1.0,0.0,0.0,0.0,0.0,0.0,0.0,0.0,0.0
0022500640,1642938,2026-01-23,MIL,8.53,5.0,1.0,2.0,0.0,0.0,0.0,4.0,2.0,3.0,1.0,0.0,0.0
0022500507,1642938,2026-01-05,PHI,8.22,0.0,1.0,0.0,0.0,0.0,0.0,2.0,0.0,2.0,0.0,0.0,0.0
0022500450,1642938,2025-12-29,MIA,6.25,2.0,1.0,1.0,0.0,0.0,0.0,5.0,1.0,3.0,0.0,0.0,0.0
0022500415,1642938,2025-12-23,DAL,3.59,0.0,0.0,0.0,0.0,0.0,1.0,0.0,0.0,0.0,0.0,0.0,0.0
0022500325,1642938,2025-12-03,IND,1.41,2.0,1.0,0.0,0.0,0.0,0.0,2.0,1.0,0.0,0.0,0.0,0.0
0022500299,1642938,2025-11-29,PHX,1.29,0.0,1.0,0.0,0.0,0.0,0.0,1.0,0.0,1.0,0.0,0.0,0.0
0022500861,1642939,2026-02-27,MEM,30.58,9.0,5.0,4.0,1.0,1.0,2.0,11.0,3.0,7.0,2.0,1.0,1.0
0022500833,1642939,2026-02-24,BKN,0.31,0.0,0.0,0.0,0.0,0.0,0.0,0.0,0.0,0.0,0.0,0.0,0.0
0022500738,1642939,2026-02-05,SAS,8.53,5.0,2.0,1.0,0.0,0.0,0.0,3.0,2.0,2.0,1.0,0.0,0.0
0022500721,1642939,2026-02-03,BOS,12.07,0.0,3.0,1.0,0.0,0.0,1.0,2.0,0.0,2.0,0.0,0.0,0.0
0022500677,1642939,2026-01-28,MIN,4.01,0.0,2.0,1.0,1.0,0.0,0.0,0.0,0.0,0.0,0.0,0.0,0.0
0022500630,1642939,2026-01-22,GSW,0.57,0.0,0.0,0.0,0.0,0.0,0.0,0.0,0.0,0.0,0.0,0.0,0.0
0022500016,1642939,2026-01-19,NYK,2.04,0.0,1.0,1.0,0.0,0.0,0.0,0.0,0.0,0.0,0.0,0.0,0.0
0022500593,1642939,2026-01-17,UTA,10.5,8.0,3.0,1.0,0.0,0.0,0.0,8.0,3.0,6.0,2.0,0.0,0.0
0022500583,1642939,2026-01-15,UTA,21.58,9.0,0.0,1.0,2.0,0.0,0.0,8.0,3.0,8.0,3.0,0.0,0.0
0022500575,1642939,2026-01-14,DEN,4.34,0.0,1.0,0.0,0.0,0.0,0.0,4.0,0.0,3.0,0.0,0.0,0.0
0022501194,1642942,2026-04-12,HOU,38.22,11.0,1.0,11.0,0.0,2.0,3.0,12.0,4.0,9.0,2.0,1.0,1.0
0022501181,1642942,2026-04-10,UTA,48.0,13.0,15.0,14.0,2.0,0.0,10.0,13.0,6.0,2.0,0.0,2.0,1.0
0022501162,1642942,2026-04-08,DEN,32.49,9.0,3.0,7.0,0.0,0.0,1.0,12.0,4.0,4.0,1.0,2.0,0.0
0022501125,1642942,2026-04-03,TOR,14.11,2.0,1.0,1.0,0.0,0.0,2.0,4.0,0.0,1.0,0.0,6.0,2.0
0022501003,1642942,2026-04-01,NYK,23.29,7.0,4.0,0.0,3.0,0.0,4.0,5.0,2.0,3.0,1.0,2.0,2.0
0022501093,1642942,2026-03-30,PHX,37.27,14.0,3.0,2.0,2.0,0.0,4.0,11.0,5.0,5.0,1.0,4.0,3.0
0022501079,1642942,2026-03-28,CHI,29.53,17.0,2.0,2.0,1.0,0.0,2.0,12.0,8.0,1.0,0.0,1.0,1.0
0022500987,1642942,2026-03-16,CHI,26.06,3.0,6.0,2.0,1.0,1.0,2.0,6.0,1.0,2.0,1.0,0.0,0.0
0022500961,1642942,2026-03-13,DET,23.26,3.0,3.0,2.0,2.0,0.0,0.0,5.0,1.0,2.0,0.0,2.0,1.0
0022501111,1642942,2026-03-12,DAL,31.1,8.0,4.0,6.0,2.0,0.0,1.0,11.0,3.0,4.0,1.0,2.0,1.0
0022501193,1642948,2026-04-12,CHI,38.17,15.0,9.0,23.0,2.0,0.0,4.0,11.0,6.0,2.0,1.0,2.0,2.0
0022501180,1642948,2026-04-10,SAS,30.46,13.0,1.0,7.0,0.0,0.0,0.0,13.0,5.0,4.0,1.0,2.0,2.0
0022501164,1642948,2026-04-08,PHX,31.48,9.0,5.0,7.0,0.0,0.0,0.0,9.0,4.0,1.0,0.0,1.0,1.0
0022501156,1642948,2026-04-07,LAC,24.34,12.0,6.0,7.0,2.0,0.0,1.0,12.0,6.0,2.0,0.0,0.0,0.0
0022501127,1642948,2026-04-03,ORL,22.26,2.0,7.0,5.0,0.0,1.0,3.0,6.0,1.0,4.0,0.0,0.0,0.0
0022500652,1642948,2026-03-31,MIL,22.25,9.0,0.0,4.0,2.0,0.0,3.0,7.0,2.0,5.0,2.0,4.0,3.0
0022501095,1642948,2026-03-30,MIN,20.13,8.0,3.0,5.0,0.0,0.0,1.0,10.0,3.0,4.0,1.0,2.0,1.0
0022501074,1642948,2026-03-27,POR,11.59,0.0,3.0,2.0,0.0,0.0,2.0,1.0,0.0,0.0,0.0,0.0,0.0
0022501059,1642948,2026-03-25,DEN,12.52,4.0,0.0,4.0,0.0,0.0,0.0,3.0,2.0,0.0,0.0,0.0,0.0
0022501044,1642948,2026-03-23,GSW,16.38,4.0,1.0,5.0,2.0,0.0,2.0,7.0,2.0,1.0,0.0,0.0,0.0
0022500898,1642949,2026-03-04,IND,8.15,6.0,4.0,0.0,0.0,2.0,0.0,2.0,2.0,0.0,0.0,2.0,2.0
0022500882,1642949,2026-03-02,GSW,21.13,11.0,9.0,0.0,2.0,4.0,0.0,6.0,3.0,0.0,0.0,6.0,5.0
0022500877,1642949,2026-03-01,NOP,19.54,7.0,6.0,0.0,0.0,1.0,0.0,3.0,2.0,0.0,0.0,3.0,3.0
0022500857,1642949,2026-02-26,MIN,15.4,10.0,4.0,0.0,0.0,0.0,1.0,5.0,2.0,0.0,0.0,6.0,6.0
0022500827,1642949,2026-02-22,ORL,26.0,7.0,8.0,0.0,0.0,4.0,1.0,7.0,3.0,2.0,1.0,0.0,0.0
0022500809,1642949,2026-02-20,LAL,13.08,6.0,3.0,1.0,1.0,0.0,2.0,3.0,2.0,0.0,0.0,2.0,2.0
0022500801,1642949,2026-02-19,DEN,13.14,4.0,4.0,1.0,0.0,0.0,0.0,3.0,2.0,0.0,0.0,0.0,0.0
0022500782,1642949,2026-02-11,HOU,10.12,0.0,3.0,0.0,0.0,2.0,0.0,1.0,0.0,0.0,0.0,0.0,0.0
0022500772,1642949,2026-02-10,HOU,13.27,3.0,4.0,0.0,0.0,2.0,1.0,3.0,1.0,0.0,0.0,2.0,1.0
0022500760,1642949,2026-02-08,MIN,17.23,15.0,6.0,2.0,0.0,1.0,1.0,5.0,5.0,0.0,0.0,7.0,5.0
0022501193,1642950,2026-04-12,DAL,30.36,10.0,15.0,10.0,2.0,0.0,1.0,7.0,4.0,0.0,0.0,2.0,2.0
0022501177,1642950,2026-04-10,ORL,31.38,6.0,9.0,5.0,1.0,1.0,2.0,7.0,3.0,3.0,0.0,4.0,0.0
0022501166,1642950,2026-04-09,WAS,17.16,2.0,7.0,1.0,1.0,0.0,0.0,6.0,1.0,3.0,0.0,0.0,0.0
0022501148,1642950,2026-04-07,WAS,21.08,7.0,7.0,2.0,1.0,3.0,0.0,6.0,3.0,1.0,0.0,4.0,1.0
0022501134,1642950,2026-04-05,PHX,16.23,1.0,5.0,3.0,1.0,0.0,0.0,1.0,0.0,0.0,0.0,2.0,1.0
0022501123,1642950,2026-04-03,NYK,11.06,8.0,2.0,1.0,0.0,0.0,1.0,6.0,3.0,1.0,0.0,4.0,2.0
0022501109,1642950,2026-04-01,IND,17.16,8.0,8.0,1.0,0.0,1.0,3.0,8.0,4.0,2.0,0.0,0.0,0.0
0022501094,1642950,2026-03-30,SAS,3.44,0.0,1.0,0.0,0.0,0.0,0.0,0.0,0.0,0.0,0.0,2.0,0.0
0022501079,1642950,2026-03-28,MEM,22.27,8.0,7.0,2.0,0.0,1.0,1.0,2.0,2.0,0.0,0.0,8.0,4.0
0022501070,1642950,2026-03-27,OKC,2.46,3.0,1.0,0.0,0.0,0.0,0.0,1.0,1.0,0.0,0.0,2.0,1.0
0022501183,1642951,2026-04-10,POR,2.04,0.0,0.0,0.0,0.0,0.0,1.0,0.0,0.0,0.0,0.0,0.0,0.0
0022501156,1642951,2026-04-07,DAL,2.29,0.0,1.0,1.0,0.0,0.0,0.0,2.0,0.0,1.0,0.0,0.0,0.0
0022501119,1642951,2026-04-02,SAS,3.09,0.0,0.0,0.0,0.0,0.0,0.0,0.0,0.0,0.0,0.0,0.0,0.0
0022501062,1642951,2026-03-25,TOR,3.45,0.0,1.0,1.0,0.0,0.0,0.0,2.0,0.0,1.0,0.0,0.0,0.0
0022501046,1642951,2026-03-23,MIL,8.5,5.0,0.0,0.0,0.0,0.0,0.0,4.0,2.0,2.0,1.0,0.0,0.0
0022501005,1642951,2026-03-18,NOP,4.43,2.0,0.0,0.0,0.0,0.0,0.0,3.0,1.0,2.0,0.0,0.0,0.0
0022500952,1642951,2026-03-11,MIN,6.0,6.0,1.0,3.0,0.0,0.0,0.0,4.0,2.0,4.0,2.0,0.0,0.0
0022501199,1642954,2026-04-12,LAC,20.29,0.0,2.0,1.0,1.0,0.0,0.0,3.0,0.0,3.0,0.0,0.0,0.0
0022501184,1642954,2026-04-10,SAC,2.33,0.0,2.0,0.0,0.0,1.0,0.0,1.0,0.0,1.0,0.0,0.0,0.0
0022501142,1642954,2026-04-05,HOU,5.36,0.0,0.0,1.0,0.0,0.0,0.0,0.0,0.0,0.0,0.0,0.0,0.0
0022501117,1642954,2026-04-02,CLE,16.5,0.0,2.0,0.0,1.0,0.0,0.0,3.0,0.0,2.0,0.0,0.0,0.0
0022501113,1642954,2026-04-01,SAS,25.33,2.0,4.0,3.0,0.0,0.0,0.0,3.0,1.0,2.0,0.0,0.0,0.0
0022501073,1642954,2026-03-27,WAS,24.31,8.0,2.0,2.0,0.0,0.0,0.0,5.0,3.0,4.0,2.0,0.0,0.0
0022501060,1642954,2026-03-25,BKN,19.44,3.0,2.0,0.0,1.0,1.0,1.0,1.0,1.0,1.0,1.0,0.0,0.0
0022501044,1642954,2026-03-23,DAL,12.0,12.0,0.0,1.0,1.0,0.0,0.0,5.0,4.0,4.0,4.0,0.0,0.0
0022501026,1642954,2026-03-21,ATL,30.6,9.0,5.0,1.0,1.0,0.0,3.0,7.0,4.0,4.0,1.0,0.0,0.0
0022501017,1642954,2026-03-20,DET,28.17,11.0,1.0,0.0,1.0,0.0,2.0,5.0,4.0,2.0,1.0,2.0,2.0
0022500803,1642955,2026-02-20,IND,31.16,7.0,3.0,4.0,6.0,0.0,2.0,7.0,3.0,2.0,1.0,0.0,0.0
0022500795,1642955,2026-02-19,IND,29.26,13.0,5.0,3.0,1.0,0.0,0.0,7.0,5.0,1.0,0.0,3.0,3.0
0022500776,1642955,2026-02-11,CLE,6.06,5.0,2.0,1.0,1.0,1.0,0.0,2.0,2.0,1.0,1.0,0.0,0.0
0022501183,1642959,2026-04-10,LAC,1.52,0.0,0.0,0.0,0.0,0.0,0.0,0.0,0.0,0.0,0.0,0.0,0.0
0022501045,1642959,2026-03-23,BKN,9.01,6.0,0.0,1.0,0.0,0.0,0.0,3.0,2.0,3.0,2.0,0.0,0.0
0022500730,1642959,2026-02-04,SAS,19.57,5.0,3.0,2.0,0.0,2.0,0.0,6.0,2.0,4.0,1.0,0.0,0.0
0022500723,1642959,2026-02-03,ORL,6.16,2.0,1.0,0.0,1.0,0.0,1.0,4.0,1.0,2.0,0.0,0.0,0.0
0022500686,1642959,2026-01-29,MIN,4.09,5.0,0.0,2.0,0.0,0.0,0.0,4.0,1.0,4.0,1.0,3.0,2.0
0022500625,1642959,2026-01-21,MIL,1.4,0.0,0.0,0.0,0.0,0.0,0.0,0.0,0.0,0.0,0.0,0.0,0.0
0022500015,1642959,2026-01-19,CLE,2.35,6.0,1.0,0.0,0.0,0.0,0.0,2.0,2.0,2.0,2.0,0.0,0.0
0022500581,1642959,2026-01-15,HOU,2.48,0.0,1.0,0.0,0.0,1.0,0.0,0.0,0.0,0.0,0.0,0.0,0.0
0022500506,1642959,2026-01-05,CHA,4.58,0.0,1.0,0.0,1.0,0.0,0.0,1.0,0.0,1.0,0.0,0.0,0.0
0022500484,1642959,2026-01-02,GSW,8.23,9.0,1.0,1.0,1.0,0.0,0.0,7.0,3.0,7.0,3.0,0.0,0.0
0022501192,1642962,2026-04-12,TOR,25.15,8.0,1.0,0.0,1.0,0.0,2.0,10.0,3.0,4.0,0.0,2.0,2.0
0022501167,1642962,2026-04-09,IND,20.04,2.0,2.0,0.0,0.0,2.0,1.0,7.0,1.0,4.0,0.0,2.0,0.0
0022501150,1642962,2026-04-07,MIL,40.27,11.0,4.0,1.0,2.0,1.0,1.0,16.0,4.0,6.0,1.0,2.0,2.0
0022501133,1642962,2026-04-05,WAS,29.26,13.0,1.0,2.0,3.0,0.0,0.0,10.0,5.0,3.0,1.0,2.0,2.0
0022501122,1642962,2026-04-03,ATL,28.36,6.0,2.0,4.0,2.0,1.0,1.0,7.0,2.0,2.0,0.0,2.0,2.0
0022501100,1642962,2026-03-31,CHA,28.2,10.0,6.0,1.0,0.0,0.0,1.0,9.0,3.0,6.0,2.0,2.0,2.0
0022501084,1642962,2026-03-29,SAC,28.18,16.0,2.0,2.0,1.0,0.0,0.0,8.0,6.0,6.0,4.0,0.0,0.0
0022501075,1642962,2026-03-27,LAL,21.53,7.0,0.0,1.0,0.0,0.0,1.0,5.0,2.0,3.0,1.0,2.0,2.0
0022501060,1642962,2026-03-25,GSW,33.57,10.0,2.0,0.0,2.0,0.0,0.0,10.0,4.0,7.0,2.0,0.0,0.0
0022501033,1642962,2026-03-22,SAC,27.42,8.0,3.0,3.0,0.0,0.0,0.0,9.0,4.0,3.0,0.0,0.0,0.0
0022501196,1642964,2026-04-12,PHX,25.32,5.0,2.0,1.0,2.0,1.0,0.0,8.0,2.0,4.0,1.0,0.0,0.0
0022501182,1642964,2026-04-10,DEN,33.22,14.0,9.0,2.0,2.0,0.0,2.0,10.0,5.0,3.0,1.0,4.0,3.0
0022501155,1642964,2026-04-07,LAL,5.45,2.0,4.0,0.0,0.0,0.0,0.0,2.0,1.0,0.0,0.0,0.0,0.0
0022501116,1642964,2026-04-02,LAL,5.26,0.0,0.0,1.0,1.0,0.0,0.0,1.0,0.0,0.0,0.0,0.0,0.0
0022501040,1642964,2026-03-23,PHI,1.5,0.0,0.0,0.0,0.0,0.0,0.0,0.0,0.0,0.0,0.0,0.0,0.0
0022501022,1642964,2026-03-21,WAS,5.08,0.0,3.0,0.0,0.0,0.0,0.0,0.0,0.0,0.0,0.0,0.0,0.0
0022501000,1642964,2026-03-18,BKN,12.0,0.0,3.0,0.0,0.0,0.0,0.0,0.0,0.0,0.0,0.0,0.0,0.0
0022500920,1642964,2026-03-07,GSW,11.42,2.0,1.0,2.0,0.0,0.0,0.0,1.0,1.0,0.0,0.0,0.0,0.0
0022500889,1642964,2026-03-03,CHI,1.45,0.0,0.0,0.0,0.0,0.0,0.0,0.0,0.0,0.0,0.0,0.0,0.0
0022500842,1642964,2026-02-25,DET,21.56,0.0,2.0,0.0,1.0,1.0,1.0,3.0,0.0,1.0,0.0,0.0,0.0
0022501193,1642967,2026-04-12,CHI,36.03,28.0,2.0,4.0,1.0,1.0,1.0,18.0,9.0,16.0,8.0,3.0,2.0
0022501180,1642967,2026-04-10,SAS,29.36,12.0,1.0,0.0,1.0,1.0,0.0,11.0,4.0,10.0,4.0,0.0,0.0
0022501164,1642967,2026-04-08,PHX,29.2,23.0,1.0,1.0,0.0,1.0,0.0,12.0,8.0,8.0,5.0,2.0,2.0
0022501156,1642967,2026-04-07,LAC,18.31,3.0,6.0,0.0,1.0,1.0,0.0,6.0,1.0,5.0,1.0,0.0,0.0
0022501140,1642967,2026-04-05,LAL,6.54,5.0,0.0,0.0,0.0,0.0,0.0,4.0,2.0,3.0,1.0,0.0,0.0
0022501127,1642967,2026-04-03,ORL,19.2,0.0,4.0,2.0,0.0,0.0,0.0,2.0,0.0,2.0,0.0,0.0,0.0
0022500652,1642967,2026-03-31,MIL,27.37,11.0,2.0,1.0,1.0,0.0,1.0,9.0,4.0,8.0,3.0,0.0,0.0
0022501095,1642967,2026-03-30,MIN,17.56,8.0,3.0,0.0,0.0,0.0,0.0,7.0,2.0,6.0,2.0,2.0,2.0
0022501059,1642967,2026-03-25,DEN,9.18,3.0,1.0,0.0,0.0,0.0,0.0,4.0,1.0,4.0,1.0,0.0,0.0
0022501044,1642967,2026-03-23,GSW,11.55,9.0,0.0,1.0,1.0,0.0,0.0,5.0,3.0,5.0,3.0,0.0,0.0
0022501188,1643007,2026-04-12,DET,14.07,3.0,2.0,0.0,1.0,0.0,0.0,6.0,1.0,4.0,1.0,0.0,0.0
0022501175,1643007,2026-04-10,PHI,22.38,9.0,1.0,1.0,1.0,0.0,1.0,7.0,3.0,3.0,0.0,3.0,3.0
0022501167,1643007,2026-04-09,BKN,29.48,8.0,4.0,3.0,1.0,0.0,2.0,8.0,3.0,7.0,2.0,0.0,0.0
0022501152,1643007,2026-04-07,MIN,13.23,5.0,4.0,2.0,3.0,0.0,3.0,3.0,2.0,2.0,1.0,0.0,0.0
0022501136,1643007,2026-04-05,CLE,18.23,8.0,1.0,1.0,0.0,0.0,0.0,6.0,3.0,3.0,2.0,0.0,0.0
0022501120,1643007,2026-04-03,CHA,18.04,6.0,2.0,1.0,0.0,0.0,0.0,5.0,2.0,2.0,2.0,0.0,0.0
0022501109,1643007,2026-04-01,CHI,27.28,10.0,3.0,0.0,3.0,0.0,1.0,11.0,4.0,7.0,2.0,0.0,0.0
0022501001,1643007,2026-03-18,POR,12.57,10.0,3.0,1.0,1.0,0.0,1.0,6.0,4.0,4.0,2.0,0.0,0.0
0022500979,1643007,2026-03-15,MIL,13.05,9.0,0.0,0.0,0.0,0.0,1.0,4.0,3.0,2.0,1.0,3.0,2.0
0022500954,1643007,2026-03-12,PHX,23.59,6.0,3.0,1.0,1.0,0.0,1.0,6.0,2.0,6.0,2.0,0.0,0.0
0022501198,1643016,2026-04-12,LAL,48.0,14.0,4.0,9.0,5.0,0.0,4.0,10.0,5.0,4.0,1.0,5.0,3.0
0022501181,1643016,2026-04-10,MEM,38.1,27.0,11.0,11.0,3.0,0.0,1.0,19.0,12.0,3.0,1.0,3.0,2.0
0022501153,1643016,2026-04-07,NOP,48.0,26.0,3.0,3.0,5.0,0.0,2.0,18.0,12.0,4.0,1.0,2.0,1.0
0022501124,1643016,2026-04-03,HOU,28.5,0.0,2.0,2.0,2.0,1.0,0.0,4.0,0.0,2.0,0.0,0.0,0.0
0022501112,1643016,2026-04-01,DEN,23.24,7.0,1.0,2.0,1.0,0.0,0.0,6.0,3.0,1.0,0.0,2.0,1.0
0022501096,1643016,2026-03-30,CLE,28.48,5.0,3.0,5.0,3.0,0.0,3.0,3.0,1.0,2.0,1.0,2.0,2.0
0022501081,1643016,2026-03-28,PHX,16.42,5.0,3.0,1.0,1.0,0.0,1.0,2.0,2.0,0.0,0.0,2.0,1.0
0022501072,1643016,2026-03-27,DEN,18.37,0.0,2.0,1.0,2.0,0.0,0.0,2.0,0.0,0.0,0.0,0.0,0.0
0022501057,1643016,2026-03-25,WAS,43.56,11.0,5.0,6.0,3.0,1.0,1.0,10.0,5.0,2.0,0.0,3.0,1.0
0022501043,1643016,2026-03-23,TOR,30.57,3.0,3.0,1.0,1.0,0.0,0.0,3.0,1.0,1.0,0.0,2.0,1.0
0022501170,1643018,2026-04-09,LAL,15.09,8.0,1.0,2.0,1.0,0.0,2.0,6.0,3.0,5.0,2.0,0.0,0.0
0022501117,1643018,2026-04-02,CLE,24.44,12.0,1.0,0.0,0.0,0.0,0.0,9.0,3.0,7.0,3.0,4.0,3.0
0022501113,1643018,2026-04-01,SAS,23.29,17.0,1.0,3.0,0.0,0.0,2.0,12.0,6.0,7.0,2.0,3.0,3.0
0022501090,1643018,2026-03-29,DEN,16.01,0.0,0.0,2.0,0.0,0.0,1.0,6.0,0.0,6.0,0.0,0.0,0.0
0022501073,1643018,2026-03-27,WAS,27.18,12.0,2.0,2.0,0.0,0.0,0.0,13.0,4.0,10.0,4.0,0.0,0.0
0022501060,1643018,2026-03-25,BKN,15.22,0.0,2.0,2.0,0.0,0.0,2.0,4.0,0.0,3.0,0.0,0.0,0.0
0022501044,1643018,2026-03-23,DAL,19.02,14.0,4.0,1.0,0.0,0.0,0.0,7.0,5.0,6.0,4.0,0.0,0.0
0022501026,1643018,2026-03-21,ATL,19.27,12.0,2.0,0.0,0.0,0.0,2.0,11.0,4.0,9.0,4.0,0.0,0.0
0022501017,1643018,2026-03-20,DET,16.02,10.0,0.0,1.0,1.0,0.0,2.0,6.0,3.0,5.0,3.0,1.0,1.0
0022500981,1643018,2026-03-15,NYK,13.38,3.0,1.0,0.0,0.0,0.0,1.0,3.0,1.0,3.0,1.0,0.0,0.0
0022501198,1643024,2026-04-12,UTA,7.13,2.0,2.0,1.0,0.0,0.0,0.0,2.0,1.0,1.0,0.0,0.0,0.0
0022501185,1643024,2026-04-10,PHX,1.47,1.0,0.0,0.0,1.0,0.0,0.0,0.0,0.0,0.0,0.0,2.0,1.0
0022501155,1643024,2026-04-07,OKC,12.0,2.0,2.0,1.0,1.0,0.0,0.0,2.0,1.0,0.0,0.0,0.0,0.0
0022500914,1643024,2026-03-06,IND,3.42,0.0,2.0,0.0,0.0,0.0,0.0,1.0,0.0,1.0,0.0,0.0,0.0
0022500774,1643024,2026-02-10,SAS,7.44,2.0,1.0,1.0,2.0,0.0,1.0,0.0,0.0,0.0,0.0,2.0,2.0
0022500523,1643024,2026-01-07,SAS,0.51,0.0,0.0,0.0,0.0,0.0,0.0,0.0,0.0,0.0,0.0,0.0,0.0
0022500418,1643024,2025-12-23,PHX,5.5,0.0,1.0,0.0,1.0,1.0,0.0,0.0,0.0,0.0,0.0,0.0,0.0
0022500122,1643024,2025-10-27,POR,3.59,0.0,1.0,0.0,0.0,0.0,0.0,0.0,0.0,0.0,0.0,0.0,0.0
0022500113,1643024,2025-10-26,SAC,2.59,0.0,1.0,0.0,0.0,1.0,0.0,1.0,0.0,1.0,0.0,0.0,0.0
0022501196,1643047,2026-04-12,OKC,29.15,10.0,4.0,1.0,1.0,0.0,0.0,8.0,5.0,2.0,0.0,0.0,0.0
0022501185,1643047,2026-04-10,LAL,4.1,0.0,1.0,0.0,0.0,0.0,0.0,1.0,0.0,1.0,0.0,0.0,0.0
0022501093,1643047,2026-03-30,MEM,2.15,0.0,0.0,1.0,0.0,0.0,0.0,0.0,0.0,0.0,0.0,0.0,0.0
0022501036,1643047,2026-03-22,TOR,4.44,2.0,0.0,0.0,0.0,0.0,0.0,2.0,1.0,0.0,0.0,0.0,0.0
0022501192,1643052,2026-04-12,TOR,36.2,16.0,13.0,2.0,1.0,0.0,1.0,14.0,6.0,3.0,0.0,5.0,4.0
0022501150,1643052,2026-04-07,MIL,8.12,5.0,2.0,1.0,0.0,0.0,0.0,3.0,2.0,1.0,1.0,0.0,0.0
0022501133,1643052,2026-04-05,WAS,21.18,9.0,5.0,1.0,1.0,2.0,1.0,5.0,3.0,1.0,1.0,2.0,2.0
0022501122,1643052,2026-04-03,ATL,22.34,11.0,6.0,4.0,1.0,1.0,3.0,7.0,5.0,0.0,0.0,2.0,1.0
0022501100,1643052,2026-03-31,CHA,27.12,11.0,4.0,0.0,1.0,1.0,1.0,6.0,4.0,3.0,1.0,2.0,2.0
0022501084,1643052,2026-03-29,SAC,8.21,4.0,3.0,2.0,1.0,0.0,0.0,4.0,2.0,1.0,0.0,0.0,0.0
0022501075,1643052,2026-03-27,LAL,14.21,2.0,2.0,2.0,0.0,0.0,1.0,2.0,1.0,1.0,0.0,0.0,0.0
0022501060,1643052,2026-03-25,GSW,18.33,11.0,1.0,3.0,1.0,0.0,1.0,8.0,5.0,3.0,1.0,0.0,0.0
0022501045,1643052,2026-03-23,POR,26.29,12.0,5.0,3.0,0.0,0.0,5.0,8.0,5.0,1.0,0.0,2.0,2.0
0022501033,1643052,2026-03-22,SAC,16.28,7.0,3.0,3.0,0.0,1.0,1.0,3.0,1.0,1.0,1.0,4.0,4.0
0022501198,1643060,2026-04-12,LAL,24.45,6.0,0.0,1.0,1.0,1.0,1.0,3.0,2.0,1.0,0.0,2.0,2.0
0022500804,1643133,2026-02-20,UTA,31.42,11.0,11.0,3.0,1.0,1.0,1.0,8.0,5.0,0.0,0.0,3.0,1.0
0022500787,1643133,2026-02-11,DEN,17.34,3.0,4.0,0.0,2.0,0.0,1.0,2.0,1.0,0.0,0.0,2.0,1.0
0022500327,1643141,2025-12-03,ATL,2.36,0.0,0.0,0.0,0.0,0.0,0.0,0.0,0.0,0.0,0.0,0.0,0.0
0022500059,1643141,2025-11-25,LAL,1.52,0.0,0.0,0.0,0.0,0.0,0.0,0.0,0.0,0.0,0.0,0.0,0.0
0022500278,1643141,2025-11-23,CLE,3.32,0.0,1.0,0.0,0.0,0.0,0.0,1.0,0.0,1.0,0.0,0.0,0.0
0022500268,1643141,2025-11-22,CHA,3.16,0.0,0.0,0.0,1.0,0.0,0.0,0.0,0.0,0.0,0.0,0.0,0.0
0022500264,1643141,2025-11-20,ORL,4.45,0.0,0.0,0.0,0.0,0.0,0.0,1.0,0.0,1.0,0.0,0.0,0.0
0022500182,1643141,2025-11-06,PHX,6.33,1.0,1.0,1.0,0.0,0.0,1.0,1.0,0.0,1.0,0.0,4.0,1.0
0022500170,1643141,2025-11-04,OKC,6.35,0.0,1.0,0.0,0.0,0.0,0.0,1.0,0.0,1.0,0.0,0.0,0.0
0022500127,1643141,2025-10-28,GSW,2.53,0.0,0.0,0.0,0.0,0.0,0.0,0.0,0.0,0.0,0.0,0.0,0.0
0022501014,1643158,2026-03-19,MIL,48.0,7.0,11.0,6.0,3.0,0.0,1.0,6.0,3.0,2.0,0.0,3.0,1.0
0022501004,1643158,2026-03-18,MIN,24.07,4.0,8.0,3.0,0.0,2.0,0.0,5.0,1.0,2.0,0.0,2.0,2.0
0022500982,1643158,2026-03-15,SAC,43.02,3.0,11.0,3.0,2.0,1.0,2.0,7.0,1.0,6.0,1.0,0.0,0.0
0022500967,1643158,2026-03-13,POR,28.33,6.0,3.0,2.0,2.0,0.0,3.0,6.0,2.0,3.0,0.0,2.0,2.0
0022500949,1643158,2026-03-11,NYK,25.03,6.0,9.0,0.0,1.0,1.0,1.0,5.0,2.0,0.0,0.0,2.0,2.0
0022501194,1643253,2026-04-12,HOU,40.53,6.0,7.0,1.0,1.0,2.0,0.0,10.0,3.0,4.0,0.0,0.0,0.0
0022501181,1643253,2026-04-10,UTA,41.59,20.0,2.0,2.0,0.0,0.0,1.0,22.0,9.0,8.0,2.0,0.0,0.0
0022501162,1643253,2026-04-08,DEN,32.49,15.0,0.0,2.0,1.0,0.0,0.0,10.0,5.0,7.0,4.0,4.0,1.0
0022501145,1643253,2026-04-06,CLE,31.51,3.0,2.0,1.0,0.0,0.0,1.0,8.0,1.0,5.0,1.0,2.0,0.0
0022501135,1643253,2026-04-05,MIL,41.1,9.0,3.0,0.0,1.0,0.0,1.0,12.0,4.0,4.0,1.0,2.0,0.0
0022501125,1643253,2026-04-03,TOR,28.23,7.0,7.0,0.0,1.0,1.0,0.0,8.0,3.0,3.0,1.0,0.0,0.0
0022501200,1643257,2026-04-12,SAC,1.39,0.0,0.0,0.0,0.0,0.0,0.0,1.0,0.0,1.0,0.0,0.0,0.0
0022501183,1643257,2026-04-10,LAC,1.24,0.0,1.0,0.0,0.0,0.0,0.0,0.0,0.0,0.0,0.0,0.0,0.0
0022501087,1643257,2026-03-29,WAS,12.31,5.0,2.0,0.0,1.0,1.0,0.0,3.0,2.0,1.0,0.0,1.0,1.0
0022501032,1643257,2026-03-22,DEN,3.45,3.0,1.0,0.0,0.0,0.0,0.0,2.0,1.0,2.0,1.0,0.0,0.0
0022500985,1643257,2026-03-16,BKN,3.09,2.0,1.0,0.0,0.0,0.0,0.0,1.0,1.0,0.0,0.0,0.0,0.0
