player_id,season,games_played,minutes_per_game,points_per_game,rebounds_per_game,assists_per_game,steals_per_game,blocks_per_game,turnovers_per_game,field_goal_percentage,three_point_percentage,free_throw_percentage
2544,2025-26,60,32.94383333333334,20.933333333333334,6.066666666666666,7.2,1.2,0.5833333333333334,2.9833333333333334,0.514689880304679,0.3168724279835391,0.7373417721518988
101108,2025-26,16,14.057500000000001,2.9375,1.75,3.3125,0.6875,0.0,1.0,0.32142857142857145,0.3333333333333333,0.5
200768,2025-26,14,8.287857142857144,1.2142857142857142,0.6428571428571429,0.7857142857142857,0.14285714285714285,0.14285714285714285,0.2857142857142857,0.16,0.16,0.8333333333333334
201142,2025-26,78,36.21923076923077,25.974358974358974,5.461538461538462,4.769230769230769,0.7948717948717948,0.9102564102564102,3.1538461538461537,0.5203488372093024,0.41333333333333333,0.8736616702355461
201143,2025-26,45,21.35822222222222,8.266666666666667,4.866666666666666,2.577777777777778,0.6666666666666666,1.1333333333333333,0.9333333333333333,0.42592592592592593,0.36097560975609755,0.8461538461538461
201144,2025-26,54,18.14814814814815,4.537037037037037,1.7222222222222223,2.9074074074074074,0.6481481481481481,0.25925925925925924,0.6296296296296297,0.33488372093023255,0.3373493975903614,0.9
201145,2025-26,30,5.616333333333333,2.2333333333333334,0.8333333333333334,0.26666666666666666,0.06666666666666667,0.06666666666666667,0.13333333333333333,0.36764705882352944,0.2727272727272727,1.0
201566,2025-26,64,28.74921875,15.171875,5.4375,6.65625,1.296875,0.1875,3.265625,0.4266984505363528,0.33773087071240104,0.6939890710382514
201567,2025-26,37,16.37,6.702702702702703,5.8108108108108105,1.8108108108108107,0.3783783783783784,0.24324324324324326,0.8108108108108109,0.3969849246231156,0.3732394366197183,0.8409090909090909
201569,2025-26,6,12.041666666666666,5.5,0.3333333333333333,0.5,0.6666666666666666,0.16666666666666666,0.5,0.5714285714285714,0.5714285714285714,0.5
201572,2025-26,75,21.610266666666668,8.453333333333333,3.64,1.2933333333333332,0.6,1.16,0.8133333333333334,0.4280442804428044,0.35962145110410093,0.7567567567567568
201587,2025-26,74,17.286081081081083,3.9594594594594597,2.4864864864864864,0.8648648648648649,0.6351351351351351,0.3108108108108108,0.5,0.40336134453781514,0.40350877192982454,0.8181818181818182
201599,2025-26,12,16.37333333333333,4.416666666666667,6.333333333333333,0.9166666666666666,0.3333333333333333,0.8333333333333334,0.75,0.65625,0.0,0.6470588235294118
201935,2025-26,70,34.62128571428571,23.6,4.8,7.957142857142857,1.1285714285714286,0.4,3.5,0.43365983971504896,0.37521815008726006,0.8835877862595419
201939,2025-26,43,30.726744186046513,26.558139534883722,3.5813953488372094,4.72093023255814,1.1395348837209303,0.3953488372093023,2.813953488372093,0.46808510638297873,0.3925619834710744,0.9230769230769231
201942,2025-26,77,31.00935064935065,18.428571428571427,2.935064935064935,4.103896103896104,1.0389610389610389,0.2987012987012987,1.2467532467532467,0.49651741293532337,0.3197278911564626,0.8677494199535963
201950,2025-26,53,29.219622641509435,16.32075471698113,4.622641509433962,6.0754716981132075,1.0188679245283019,0.11320754716981132,2.7547169811320753,0.4513399153737659,0.3784530386740331,0.8380952380952381
201959,2025-26,10,9.492,3.4,2.7,0.6,0.2,0.1,0.1,0.46153846153846156,0.5,0.875
202066,2025-26,22,3.0986363636363636,0.7727272727272727,0.4090909090909091,0.4090909090909091,0.18181818181818182,0.09090909090909091,0.3181818181818182,0.26666666666666666,0.25,0.6666666666666666
202331,2025-26,37,30.535405405405402,17.324324324324323,5.297297297297297,3.5945945945945947,1.6756756756756757,0.43243243243243246,1.7297297297297298,0.43859649122807015,0.39215686274509803,0.8198198198198198
202685,2025-26,65,13.209846153846154,8.723076923076922,5.061538461538461,1.2,0.2153846153846154,0.5692307692307692,1.123076923076923,0.5820512820512821,0.3076923076923077,0.7720588235294118
202687,2025-26,25,5.4244,0.92,1.04,0.2,0.16,0.08,0.32,0.6,0.0,0.7142857142857143
202691,2025-26,69,21.520434782608696,11.73913043478261,2.072463768115942,1.391304347826087,0.4782608695652174,0.3188405797101449,0.9130434782608695,0.39285714285714285,0.38330170777988615,0.7659574468085106
202695,2025-26,65,31.871538461538464,27.892307692307693,6.3538461538461535,3.6,1.876923076923077,0.4153846153846154,2.046153846153846,0.5047694753577107,0.3865168539325843,0.8918269230769231
202696,2025-26,64,28.22,15.078125,8.390625,3.328125,0.609375,0.640625,1.328125,0.493116395494368,0.36900369003690037,0.8279569892473119
202699,2025-26,63,27.493650793650794,13.26984126984127,5.126984126984127,2.492063492063492,0.9206349206349206,0.4126984126984127,1.0,0.46889226100151743,0.36771300448430494,0.8662420382165605
202710,2025-26,38,30.858157894736838,20.0,5.552631578947368,4.868421052631579,1.4473684210526316,0.21052631578947367,1.5789473684210527,0.5194805194805194,0.3764705882352941,0.8641114982578397
203076,2025-26,20,31.0885,20.35,11.05,2.8,1.1,1.65,2.05,0.5059880239520959,0.2702702702702703,0.7283950617283951
203078,2025-26,6,20.025000000000002,8.166666666666666,0.8333333333333334,1.6666666666666667,0.5,0.0,1.5,0.375,0.3684210526315789,0.75
203083,2025-26,63,19.346984126984125,6.396825396825397,8.444444444444445,1.2698412698412698,0.6031746031746031,0.7777777777777778,0.9682539682539683,0.47181008902077154,0.35555555555555557,0.6309523809523809
203084,2025-26,77,25.58285714285714,9.96103896103896,2.779220779220779,1.922077922077922,0.6493506493506493,0.15584415584415584,0.7922077922077922,0.4565972222222222,0.388268156424581,0.8292682926829268
203110,2025-26,68,27.284705882352938,8.382352941176471,5.514705882352941,5.529411764705882,0.8970588235294118,0.6176470588235294,2.661764705882353,0.4175152749490835,0.3258064516129032,0.7023809523809523
203114,2025-26,63,22.645238095238096,10.158730158730158,3.6666666666666665,2.7936507936507935,0.6507936507936508,0.14285714285714285,1.7142857142857142,0.4203703703703704,0.3602150537634409,0.875
203468,2025-26,76,29.590394736842104,18.736842105263158,3.3157894736842106,3.8552631578947367,0.8421052631578947,0.4605263157894737,1.7763157894736843,0.45493934142114384,0.37450980392156863,0.7721518987341772
203471,2025-26,70,24.037,10.8,2.7,4.871428571428571,0.7857142857142857,0.15714285714285714,1.7714285714285714,0.40540540540540543,0.32894736842105265,0.8341463414634146
203482,2025-26,41,8.598292682926829,3.2439024390243905,1.853658536585366,1.1951219512195121,0.36585365853658536,0.07317073170731707,0.5853658536585366,0.4895833333333333,0.2553191489361702,0.7105263157894737
203484,2025-26,51,21.132549019607843,8.392156862745098,2.450980392156863,2.7254901960784315,0.8431372549019608,0.1568627450980392,1.196078431372549,0.4098360655737705,0.3160919540229885,0.9125
203486,2025-26,20,8.3445,1.55,2.65,1.0,0.5,0.0,0.6,0.7857142857142857,0.0,0.6428571428571429
203497,2025-26,76,31.127236842105265,10.907894736842104,11.473684210526315,1.6842105263157894,0.7631578947368421,1.631578947368421,1.394736842105263,0.6822810590631364,0.0,0.5264900662251656
203500,2025-26,32,22.644375,5.84375,8.625,1.5,0.6875,0.625,1.09375,0.5035971223021583,0.0,0.5802469135802469
203501,2025-26,80,26.389999999999997,13.4875,2.575,1.35,0.525,0.125,0.5375,0.4467265725288832,0.4072727272727273,0.8112244897959183
203507,2025-26,36,28.68722222222222,27.583333333333332,9.777777777777779,5.444444444444445,0.9444444444444444,0.6666666666666666,3.1944444444444446,0.6237458193979933,0.3333333333333333,0.6498599439775911
203552,2025-26,10,13.180000000000001,7.1,1.2,1.0,0.3,0.0,0.2,0.4897959183673469,0.48,0.9166666666666666
203648,2025-26,34,4.152058823529412,1.3823529411764706,0.8823529411764706,0.4411764705882353,0.38235294117647056,0.17647058823529413,0.29411764705882354,0.46875,0.0,0.5666666666666667
203897,2025-26,39,31.183846153846154,19.17948717948718,2.769230769230769,2.282051282051282,0.717948717948718,0.2564102564102564,1.8974358974358974,0.4789762340036563,0.38976377952755903,0.8802816901408451
203903,2025-26,72,17.584444444444443,8.63888888888889,1.7638888888888888,1.3333333333333333,0.4166666666666667,0.125,0.875,0.4505703422053232,0.32710280373831774,0.8297872340425532
203914,2025-26,48,13.559583333333334,2.6666666666666665,1.2708333333333333,1.0625,0.5625,0.1875,0.3958333333333333,0.4423076923076923,0.4117647058823529,0.8888888888888888
203924,2025-26,57,29.54140350877193,18.596491228070175,3.473684210526316,2.1403508771929824,0.7368421052631579,0.631578947368421,2.087719298245614,0.4534246575342466,0.38857142857142857,0.8136645962732919
203926,2025-26,29,14.935172413793104,5.655172413793103,1.2758620689655173,0.7586206896551724,0.20689655172413793,0.13793103448275862,0.4482758620689655,0.38848920863309355,0.3902439024390244,0.8888888888888888
203932,2025-26,36,27.705,16.166666666666668,5.805555555555555,2.6666666666666665,0.5833333333333334,0.2777777777777778,1.0555555555555556,0.49748743718592964,0.3885350318471338,0.7668711656441718
203935,2025-26,62,28.325967741935486,9.338709677419354,2.774193548387097,2.9838709677419355,1.403225806451613,0.3709677419354839,1.4838709677419355,0.3949579831932773,0.3310580204778157,0.8217054263565892
203937,2025-26,43,19.663720930232557,6.186046511627907,3.488372093023256,2.9302325581395348,1.0465116279069768,0.6046511627906976,0.9069767441860465,0.5297029702970297,0.36363636363636365,0.7058823529411765
203939,2025-26,63,14.16904761904762,3.3333333333333335,4.079365079365079,1.0793650793650793,0.5396825396825397,0.3333333333333333,0.6507936507936508,0.6435643564356436,0.2857142857142857,0.6964285714285714
203944,2025-26,79,32.85278481012658,21.10126582278481,6.734177215189874,5.037974683544304,1.0886075949367089,0.22784810126582278,2.7468354430379747,0.48053024026512015,0.315028901734104,0.8024193548387096
203952,2025-26,68,30.11735294117647,15.367647058823529,4.838235294117647,2.676470588235294,1.1176470588235294,1.0147058823529411,1.5147058823529411,0.47503045066991473,0.4144144144144144,0.7839506172839507
203954,2025-26,38,31.45263157894737,26.86842105263158,7.7105263157894735,3.9473684210526314,0.5526315789473685,1.2105263157894737,2.8684210526315788,0.48923959827833574,0.3333333333333333,0.8537313432835821
203967,2025-26,5,8.07,1.0,1.2,0.4,0.0,0.0,0.4,0.16666666666666666,0.3333333333333333,1.0
203991,2025-26,75,12.147066666666666,3.76,4.6,0.6666666666666666,0.48,0.84,0.5466666666666666,0.5198237885462555,0.5,0.5769230769230769
203992,2025-26,23,19.445217391304347,7.434782608695652,2.5652173913043477,2.217391304347826,0.43478260869565216,0.13043478260869565,1.173913043478261,0.3881578947368421,0.3473684210526316,0.8
203994,2025-26,41,26.220243902439023,10.902439024390244,10.365853658536585,4.780487804878049,1.2682926829268293,0.5365853658536586,2.4634146341463414,0.5027932960893855,0.352112676056338,0.5486725663716814
203999,2025-26,65,34.6603076923077,27.676923076923078,12.861538461538462,10.723076923076922,1.4153846153846155,0.8153846153846154,3.7384615384615385,0.568904593639576,0.37966101694915255,0.83125
204001,2025-26,32,23.8303125,16.65625,5.21875,2.53125,0.5625,1.1875,1.28125,0.44587628865979384,0.3375,0.8417721518987342
204060,2025-26,27,5.467777777777777,1.5185185185185186,0.7037037037037037,1.2592592592592593,0.3333333333333333,0.07407407407407407,0.5185185185185185,0.5925925925925926,0.4375,1.0
204456,2025-26,56,16.99125,9.375,2.2142857142857144,5.125,1.0,0.17857142857142858,1.1428571428571428,0.5377777777777778,0.32,0.8620689655172413
1626145,2025-26,67,14.387611940298507,2.970149253731343,1.1343283582089552,2.373134328358209,0.5522388059701493,0.04477611940298507,0.373134328358209,0.3486238532110092,0.291970802919708,0.7777777777777778
1626156,2025-26,26,18.83346153846154,10.153846153846153,2.3461538461538463,4.0,0.46153846153846156,0.07692307692307693,1.8846153846153846,0.4051724137931034,0.29464285714285715,0.7166666666666667
1626157,2025-26,75,30.766266666666663,20.053333333333335,11.853333333333333,3.013333333333333,0.8666666666666667,0.5333333333333333,2.493333333333333,0.500968992248062,0.36807817589576547,0.8581730769230769
1626162,2025-26,50,31.3002,14.1,5.04,1.6,1.36,0.48,1.38,0.46691176470588236,0.3598326359832636,0.7655172413793103
1626164,2025-26,64,33.341875,26.0625,3.875,6.03125,0.796875,0.28125,3.140625,0.4557595993322204,0.32972972972972975,0.8730769230769231
1626166,2025-26,22,16.827272727272728,7.409090909090909,2.0,2.6363636363636362,1.0909090909090908,0.3181818181818182,0.5,0.37583892617449666,0.32989690721649484,0.8636363636363636
1626167,2025-26,71,26.730704225352113,11.915492957746478,5.323943661971831,1.4507042253521127,0.704225352112676,1.619718309859155,1.1690140845070423,0.43962848297213625,0.3828125,0.7401129943502824
1626171,2025-26,67,23.98805970149254,13.656716417910447,6.388059701492537,1.5671641791044777,0.6119402985074627,0.1791044776119403,0.9850746268656716,0.488,0.4560810810810811,0.7058823529411765
1626172,2025-26,21,14.404761904761905,2.8095238095238093,5.619047619047619,1.619047619047619,0.42857142857142855,0.47619047619047616,0.42857142857142855,0.4166666666666667,0.15384615384615385,0.7
1626181,2025-26,58,29.388965517241378,21.74137931034483,3.5,2.4655172413793105,1.103448275862069,0.2413793103448276,1.9137931034482758,0.47039106145251397,0.3804878048780488,0.8270440251572327
1626192,2025-26,42,6.8740476190476185,2.619047619047619,1.4523809523809523,0.42857142857142855,0.2619047619047619,0.023809523809523808,0.2619047619047619,0.4470588235294118,0.40384615384615385,0.65
1626204,2025-26,35,12.653142857142857,3.742857142857143,2.657142857142857,0.9714285714285714,0.6,0.17142857142857143,0.5714285714285714,0.41935483870967744,0.3333333333333333,0.46153846153846156
1626220,2025-26,78,28.167435897435897,9.807692307692308,4.769230769230769,2.6666666666666665,1.0769230769230769,0.41025641025641024,1.3205128205128205,0.4208,0.4076923076923077,0.7105263157894737
1627734,2025-26,19,29.439473684210526,15.842105263157896,11.368421052631579,4.105263157894737,0.9473684210526315,0.21052631578947367,2.6842105263157894,0.5429864253393665,0.18518518518518517,0.7272727272727273
1627739,2025-26,82,26.990487804878047,7.2682926829268295,3.3048780487804876,3.597560975609756,1.5975609756097562,0.17073170731707318,1.353658536585366,0.4758909853249476,0.37383177570093457,0.7654320987654321
1627741,2025-26,51,15.858627450980391,7.647058823529412,2.2745098039215685,1.392156862745098,0.7647058823529411,0.17647058823529413,0.9411764705882353,0.43730886850152906,0.3490566037735849,0.8108108108108109
1627742,2025-26,77,33.629999999999995,21.493506493506494,5.584415584415584,3.688311688311688,0.7532467532467533,0.7142857142857143,2.4285714285714284,0.4767080745341615,0.38243626062322944,0.8202247191011236
1627746,2025-26,3,12.31,4.333333333333333,3.0,1.0,0.6666666666666666,0.3333333333333333,0.3333333333333333,0.6,0.2,0.0
1627747,2025-26,60,19.0845,7.383333333333334,1.95,2.65,0.85,0.6833333333333333,1.3666666666666667,0.41687979539641945,0.3333333333333333,0.6785714285714286
1627749,2025-26,14,27.575,16.714285714285715,5.357142857142857,6.357142857142857,1.6428571428571428,0.21428571428571427,3.357142857142857,0.4835164835164835,0.3064516129032258,0.8666666666666667
1627750,2025-26,75,35.15653333333333,25.4,4.4,7.133333333333334,0.88,0.38666666666666666,2.28,0.48308823529411765,0.4351687388987567,0.8871794871794871
1627751,2025-26,46,24.77891304347826,10.717391304347826,7.021739130434782,2.0217391304347827,0.8695652173913043,0.6956521739130435,1.2391304347826086,0.7,0.0,0.6020408163265306
1627752,2025-26,26,23.291923076923077,9.192307692307692,3.1153846153846154,1.7692307692307692,0.6153846153846154,0.23076923076923078,1.1923076923076923,0.450261780104712,0.4357142857142857,1.0
1627759,2025-26,71,34.21,28.704225352112676,6.929577464788732,5.126760563380282,1.0140845070422535,0.38028169014084506,3.647887323943662,0.4769928710304601,0.3465346534653465,0.7947761194029851
1627780,2025-26,73,15.437945205479453,7.493150684931507,3.6301369863013697,1.6849315068493151,0.9178082191780822,0.2876712328767123,0.8493150684931506,0.5831325301204819,0.29133858267716534,0.65
1627783,2025-26,62,32.961129032258064,23.951612903225808,6.629032258064516,3.806451612903226,1.1129032258064515,0.4032258064516129,2.225806451612903,0.48398268398268396,0.3583617747440273,0.6931216931216931
1627824,2025-26,67,14.827462686567163,5.567164179104478,3.4925373134328357,0.9402985074626866,0.3880597014925373,0.23880597014925373,0.6119402985074627,0.40064102564102566,0.3520408163265306,0.75
1627826,2025-26,48,29.950833333333332,14.104166666666666,10.604166666666666,2.1875,0.375,0.8333333333333334,1.7916666666666667,0.5975103734439834,0.0,0.7112676056338029
1627827,2025-26,37,16.588918918918917,3.324324324324324,2.5135135135135136,0.972972972972973,0.43243243243243246,0.16216216216216217,0.5945945945945946,0.3333333333333333,0.27,0.8888888888888888
1627884,2025-26,50,26.8022,10.08,3.46,1.38,0.9,1.0,0.8,0.49868073878627966,0.35947712418300654,0.7634408602150538
1627936,2025-26,56,18.010892857142856,6.214285714285714,2.767857142857143,1.9642857142857142,1.2857142857142858,0.30357142857142855,0.8571428571428571,0.42333333333333334,0.292817679558011,0.803921568627451
1628365,2025-26,5,6.9319999999999995,0.8,0.2,1.6,0.4,0.0,0.8,0.18181818181818182,0.0,0.0
1628366,2025-26,35,20.612571428571428,4.571428571428571,4.0,3.8857142857142857,1.2857142857142858,0.2571428571428571,1.4857142857142858,0.30113636363636365,0.272108843537415,0.6666666666666666
1628368,2025-26,72,30.803472222222222,18.555555555555557,3.75,6.180555555555555,1.2361111111111112,0.2638888888888889,2.2777777777777777,0.48615090735434574,0.33164556962025316,0.7601626016260162
1628369,2025-26,16,32.41875,21.75,10.0,5.3125,1.375,0.1875,2.4375,0.41114982578397213,0.32867132867132864,0.8227848101265823
1628370,2025-26,62,21.79016129032258,12.451612903225806,1.8870967741935485,2.9838709677419355,0.5967741935483871,0.3870967741935484,1.467741935483871,0.43829113924050633,0.39490445859872614,0.8785046728971962
1628371,2025-26,52,9.810384615384615,2.576923076923077,2.5384615384615383,0.4230769230769231,0.38461538461538464,0.5961538461538461,0.34615384615384615,0.42201834862385323,0.18421052631578946,0.603448275862069
1628374,2025-26,42,34.132619047619045,26.738095238095237,6.880952380952381,2.119047619047619,1.0,0.5,1.5,0.47701863354037266,0.3549382716049383,0.8955223880597015
1628378,2025-26,70,33.251999999999995,27.885714285714286,4.514285714285714,5.685714285714286,1.4857142857142858,0.2857142857142857,2.8285714285714287,0.4832501781895937,0.36363636363636365,0.8651162790697674
1628379,2025-26,78,21.3375641025641,8.35897435897436,2.3333333333333335,2.230769230769231,0.7051282051282052,0.10256410256410256,0.7692307692307693,0.5327313769751693,0.4775510204081633,0.9130434782608695
1628380,2025-26,10,18.104,9.7,5.6,1.5,0.2,0.4,1.0,0.578125,0.42857142857142855,0.7
1628381,2025-26,69,26.922753623188406,13.55072463768116,5.318840579710145,1.0144927536231885,0.8695652173913043,0.7391304347826086,1.3768115942028984,0.5523520485584219,0.4063926940639269,0.7662337662337663
1628384,2025-26,67,32.98955223880597,16.686567164179106,5.2388059701492535,2.1641791044776117,1.5522388059701493,0.7164179104477612,1.835820895522388,0.48383084577114427,0.3857493857493858,0.8280542986425339
1628386,2025-26,56,26.926964285714288,15.357142857142858,8.5,1.7857142857142858,0.9821428571428571,0.8392857142857143,1.3392857142857142,0.6382575757575758,0.1,0.7088122605363985
1628389,2025-26,73,32.2141095890411,20.10958904109589,10.027397260273972,3.1780821917808217,1.178082191780822,0.6712328767123288,1.643835616438356,0.44192139737991265,0.3175,0.7777777777777778
1628392,2025-26,47,23.993191489361703,9.191489361702128,9.425531914893616,3.5319148936170213,1.0212765957446808,0.7659574468085106,1.7446808510638299,0.6216216216216216,0.0,0.6095238095238096
1628396,2025-26,40,11.06025,4.05,2.9,0.55,0.15,0.175,0.45,0.5470085470085471,0.5,0.7441860465116279
1628398,2025-26,69,25.963333333333335,12.985507246376812,4.536231884057971,2.6666666666666665,0.6666666666666666,0.4057971014492754,1.7246376811594204,0.49201741654571846,0.3472803347280335,0.7258064516129032
1628401,2025-26,77,33.90883116883117,16.454545454545453,4.402597402597403,5.376623376623376,1.1428571428571428,1.2727272727272727,1.7402597402597402,0.3944043321299639,0.3265625,0.9019607843137255
1628404,2025-26,66,29.996363636363636,12.0,7.363636363636363,4.803030303030303,1.1363636363636365,0.25757575757575757,1.9393939393939394,0.5084459459459459,0.4132231404958678,0.72
1628415,2025-26,56,30.174642857142857,20.196428571428573,3.625,1.7678571428571428,1.0178571428571428,0.16071428571428573,1.75,0.4348279457768509,0.34417344173441733,0.8415841584158416
1628418,2025-26,60,12.0185,6.166666666666667,3.4166666666666665,0.55,0.3,0.45,0.4666666666666667,0.5056179775280899,0.35877862595419846,0.803030303030303
1628420,2025-26,6,10.595,3.0,1.1666666666666667,1.5,0.16666666666666666,0.16666666666666666,0.3333333333333333,0.35,0.25,0.5
1628436,2025-26,68,20.85955882352941,6.529411764705882,6.088235294117647,1.8529411764705883,0.47058823529411764,0.9558823529411765,0.4117647058823529,0.6433823529411765,0.0,0.8245614035087719
1628449,2025-26,9,10.276666666666666,2.3333333333333335,2.0,0.3333333333333333,0.5555555555555556,0.7777777777777778,0.1111111111111111,0.32,0.13333333333333333,0.75
1628467,2025-26,43,10.534883720930232,2.0,1.9534883720930232,0.627906976744186,0.4186046511627907,0.2558139534883721,0.3953488372093023,0.4520547945205479,0.23076923076923078,0.5384615384615384
1628502,2025-26,27,7.063703703703704,1.2592592592592593,1.2222222222222223,0.25925925925925924,0.2962962962962963,0.07407407407407407,0.2962962962962963,0.32608695652173914,0.125,0.5
1628960,2025-26,51,28.5721568627451,16.49019607843137,3.0392156862745097,3.823529411764706,1.3529411764705883,0.2549019607843137,1.6274509803921569,0.4032983508245877,0.34945054945054943,0.8571428571428571
1628963,2025-26,60,19.81566666666667,10.45,6.1,1.4166666666666667,0.4666666666666667,0.7166666666666667,1.0166666666666666,0.6180048661800487,0.46153846153846156,0.6597222222222222
1628964,2025-26,4,10.77,2.5,5.5,0.25,0.0,0.75,0.5,0.45454545454545453,0.0,0.0
1628969,2025-26,82,32.6340243902439,14.402439024390244,3.8048780487804876,3.707317073170732,1.3048780487804879,0.7560975609756098,1.0121951219512195,0.490134994807892,0.37142857142857144,0.826530612244898
1628970,2025-26,77,30.79935064935065,17.064935064935064,5.8441558441558445,3.1948051948051948,0.5974025974025974,0.44155844155844154,1.3896103896103895,0.4596928982725528,0.3325842696629214,0.8221343873517787
1628971,2025-26,82,24.179024390243903,7.914634146341464,3.8780487804878048,2.1219512195121952,1.0365853658536586,0.24390243902439024,1.1097560975609757,0.47509578544061304,0.38513513513513514,0.7619047619047619
1628973,2025-26,74,34.777297297297295,26.04054054054054,3.3378378378378377,6.797297297297297,0.7702702702702703,0.10810810810810811,2.364864864864865,0.46711864406779663,0.3693181818181818,0.8408551068883611
1628975,2025-26,53,16.19735849056604,6.39622641509434,1.679245283018868,1.6415094339622642,0.7547169811320755,0.18867924528301888,0.6792452830188679,0.4006514657980456,0.3627906976744186,0.7894736842105263
1628976,2025-26,78,29.121025641025643,11.820512820512821,7.397435897435898,1.9743589743589745,0.7692307692307693,0.6282051282051282,1.2820512820512822,0.5117739403453689,0.3185840707964602,0.792
1628978,2025-26,82,30.23463414634146,12.195121951219512,4.097560975609756,3.817073170731707,1.2682926829268293,0.4146341463414634,1.4390243902439024,0.4059880239520958,0.37888198757763975,0.7428571428571429
1628983,2025-26,68,33.01441176470588,31.13235294117647,4.294117647058823,6.588235294117647,1.3970588235294117,0.7647058823529411,2.2205882352941178,0.5533686601059803,0.3859060402684564,0.8794788273615635
1628988,2025-26,57,13.530877192982455,5.473684210526316,1.0175438596491229,1.0526315789473684,0.47368421052631576,0.08771929824561403,0.6666666666666666,0.4166666666666667,0.3941176470588235,0.8536585365853658
1628989,2025-26,69,22.224202898550725,10.043478260869565,3.4782608695652173,2.579710144927536,0.9130434782608695,0.4782608695652174,1.0434782608695652,0.4513422818791946,0.3076923076923077,0.7746478873239436
1628991,2025-26,48,30.124791666666667,19.395833333333332,5.666666666666667,1.9583333333333333,1.1041666666666667,1.4375,2.2291666666666665,0.4756606397774687,0.3574468085106383,0.8029556650246306
1628997,2025-26,58,14.567931034482758,3.913793103448276,2.4655172413793105,1.396551724137931,0.6896551724137931,0.25862068965517243,0.6896551724137931,0.4497354497354497,0.3508771929824561,0.6065573770491803
1628998,2025-26,4,13.5775,1.75,3.5,0.5,1.0,0.5,1.0,0.2,0.0,0.5
1629001,2025-26,49,22.75877551020408,12.285714285714286,3.2244897959183674,2.5510204081632653,1.5714285714285714,0.40816326530612246,1.8571428571428572,0.4071969696969697,0.2938775510204082,0.8264462809917356
1629004,2025-26,50,22.9314,9.38,2.48,1.86,0.52,0.06,0.84,0.47790055248618785,0.4083333333333333,0.8928571428571429
1629006,2025-26,78,17.14205128205128,4.5256410256410255,2.5641025641025643,0.8846153846153846,0.8076923076923077,0.20512820512820512,0.5256410256410257,0.42517006802721086,0.38509316770186336,0.5942028985507246
1629008,2025-26,52,32.276730769230774,24.21153846153846,7.0576923076923075,3.0384615384615383,1.0576923076923077,0.25,2.3461538461538463,0.46346555323590816,0.3628865979381443,0.8590308370044053
1629011,2025-26,60,19.385166666666667,5.666666666666667,8.75,0.8666666666666667,0.9333333333333333,1.1666666666666667,0.6833333333333333,0.7233009708737864,0.0,0.4077669902912621
1629012,2025-26,68,23.5225,15.441176470588236,2.2794117647058822,3.2794117647058822,1.1176470588235294,0.14705882352941177,2.073529411764706,0.48517520215633425,0.4014336917562724,0.8549019607843137
1629013,2025-26,51,22.75,9.313725490196079,1.803921568627451,1.411764705882353,0.6078431372549019,0.17647058823529413,0.5882352941176471,0.4368131868131868,0.3916349809885932,0.7105263157894737
1629014,2025-26,55,24.726727272727274,14.272727272727273,2.4545454545454546,2.4363636363636365,0.4909090909090909,0.14545454545454545,1.2363636363636363,0.4398148148148148,0.38522427440633245,0.8961038961038961
1629018,2025-26,65,20.985230769230768,8.138461538461538,1.0307692307692307,1.2153846153846153,0.5230769230769231,0.046153846153846156,0.6307692307692307,0.386892177589852,0.35964912280701755,0.7692307692307693
1629020,2025-26,65,17.160923076923076,4.430769230769231,4.492307692307692,1.2923076923076924,0.8461538461538461,0.2923076923076923,0.8615384615384616,0.4708333333333333,0.29292929292929293,0.5892857142857143
1629021,2025-26,36,11.665555555555555,6.861111111111111,3.1944444444444446,0.75,0.4166666666666667,0.05555555555555555,0.5277777777777778,0.4256410256410256,0.3142857142857143,0.8194444444444444
1629023,2025-26,56,30.795892857142857,14.160714285714286,7.035714285714286,1.75,0.9821428571428571,1.0714285714285714,1.6785714285714286,0.44984802431610943,0.3247863247863248,0.6868131868131868
1629026,2025-26,56,15.069821428571428,6.482142857142857,3.3392857142857144,1.4107142857142858,0.5535714285714286,0.08928571428571429,0.7678571428571429,0.47297297297297297,0.3875968992248062,0.6346153846153846
1629027,2025-26,15,25.456666666666667,17.933333333333334,2.0,8.0,0.8666666666666667,0.13333333333333333,2.6,0.4576271186440678,0.3375,0.8247422680412371
1629028,2025-26,72,26.975555555555555,12.458333333333334,7.986111111111111,0.8194444444444444,0.5694444444444444,0.9722222222222222,1.1527777777777777,0.670549084858569,0.0,0.6453900709219859
1629029,2025-26,64,35.53734375,33.484375,7.734375,8.28125,1.640625,0.53125,3.984375,0.4756348661633493,0.3659942363112392,0.7798449612403101
1629048,2025-26,64,15.00640625,5.859375,5.0,1.3125,0.578125,0.953125,0.671875,0.6755555555555556,0.18181818181818182,0.711340206185567
1629057,2025-26,59,16.890508474576272,6.728813559322034,7.033898305084746,1.0169491525423728,0.5932203389830508,1.4745762711864407,0.8305084745762712,0.708,0.391304347826087,0.5964912280701754
1629060,2025-26,68,28.122794117647057,11.470588235294118,3.323529411764706,0.8382352941176471,0.5735294117647058,0.3088235294117647,0.6176470588235294,0.5142378559463987,0.44274809160305345,0.6944444444444444
1629111,2025-26,68,21.94235294117647,10.558823529411764,5.6911764705882355,1.6911764705882353,0.5147058823529411,0.5294117647058824,0.8823529411764706,0.5145985401459854,0.38341968911917096,0.6349206349206349
1629130,2025-26,77,27.245714285714286,12.194805194805195,2.6623376623376624,2.064935064935065,0.5714285714285714,0.2857142857142857,0.7012987012987013,0.45558739255014324,0.41044776119402987,0.7545454545454545
1629162,2025-26,44,6.212954545454545,2.022727272727273,0.7272727272727273,0.8636363636363636,0.45454545454545453,0.045454545454545456,0.3409090909090909,0.4177215189873418,0.425,0.8571428571428571
1629216,2025-26,53,16.419811320754718,4.3584905660377355,1.0188679245283019,1.4339622641509433,0.5094339622641509,0.05660377358490566,0.5094339622641509,0.35185185185185186,0.34104046242774566,0.8695652173913043
1629234,2025-26,42,12.908571428571427,5.214285714285714,3.0238095238095237,0.4523809523809524,0.35714285714285715,0.6190476190476191,0.7142857142857143,0.5961538461538461,0.14285714285714285,0.5614035087719298
1629312,2025-26,7,12.754285714285714,5.428571428571429,1.8571428571428572,1.0,0.5714285714285714,0.0,0.0,0.5217391304347826,0.5714285714285714,0.8571428571428571
1629599,2025-26,46,10.467608695652174,3.239130434782609,1.2391304347826086,0.5869565217391305,0.1956521739130435,0.10869565217391304,0.1956521739130435,0.48672566371681414,0.3469387755102041,0.7857142857142857
1629610,2025-26,3,19.846666666666668,10.333333333333334,1.6666666666666667,0.3333333333333333,0.6666666666666666,0.0,0.0,0.5789473684210527,0.4444444444444444,1.0
1629611,2025-26,63,24.07333333333333,7.222222222222222,3.1746031746031744,3.015873015873016,0.6507936507936508,0.23809523809523808,1.126984126984127,0.45652173913043476,0.36363636363636365,0.7875
1629614,2025-26,57,31.13298245614035,16.94736842105263,2.807017543859649,7.666666666666667,0.8947368421052632,0.14035087719298245,2.4035087719298245,0.44223107569721115,0.3614864864864865,0.8247863247863247
1629618,2025-26,50,15.918,5.2,2.28,2.3,0.26,0.1,0.68,0.4224137931034483,0.3858267716535433,0.7894736842105263
1629622,2025-26,12,23.781666666666666,11.166666666666666,5.416666666666667,2.0,0.25,0.0,0.75,0.44339622641509435,0.4024390243902439,0.7777777777777778
1629627,2025-26,62,29.49435483870968,21.0,5.693548387096774,3.2096774193548385,0.967741935483871,0.5483870967741935,2.032258064516129,0.5997521685254027,0.25,0.7161290322580646
1629628,2025-26,57,30.07456140350877,19.263157894736842,5.2631578947368425,3.3157894736842106,0.7368421052631579,0.3333333333333333,1.736842105263158,0.49142156862745096,0.3392226148409894,0.7168458781362007
1629630,2025-26,20,28.195,19.45,3.25,8.05,1.0,0.3,3.55,0.40993788819875776,0.23529411764705882,0.8974358974358975
1629631,2025-26,45,25.948666666666668,13.666666666666666,4.111111111111111,2.0,0.6666666666666666,0.13333333333333333,1.6666666666666667,0.4151696606786427,0.3048780487804878,0.8671328671328671
1629632,2025-26,50,24.805799999999998,17.36,3.4,4.0,0.5,0.1,2.56,0.4462279293739968,0.36163522012578614,0.8174273858921162
1629634,2025-26,2,9.93,4.0,3.0,0.5,1.0,0.0,0.0,0.3333333333333333,0.0,0.5
1629636,2025-26,45,29.69288888888889,18.77777777777778,2.3777777777777778,6.688888888888889,0.9555555555555556,0.17777777777777778,2.888888888888889,0.45982142857142855,0.3961038961038961,0.860655737704918
1629637,2025-26,66,18.078333333333333,7.53030303030303,4.106060606060606,0.8939393939393939,0.4393939393939394,0.7878787878787878,0.4696969696969697,0.7557251908396947,1.0,0.6533333333333333
1629638,2025-26,78,33.18871794871795,20.82051282051282,3.4358974358974357,3.6666666666666665,1.3076923076923077,0.5384615384615384,2.076923076923077,0.4585774058577406,0.3990461049284579,0.9022801302931596
1629639,2025-26,33,31.12727272727273,20.515151515151516,4.787878787878788,4.121212121212121,0.696969696969697,0.36363636363636365,1.9393939393939394,0.4796116504854369,0.3783783783783784,0.9166666666666666
1629640,2025-26,82,23.118048780487804,13.182926829268293,5.365853658536586,1.353658536585366,0.5609756097560976,0.13414634146341464,0.8536585365853658,0.5194479297365119,0.3626373626373626,0.7938144329896907
1629645,2025-26,38,32.995,17.394736842105264,5.2105263157894735,7.368421052631579,2.1842105263157894,0.5,2.8947368421052633,0.4649805447470817,0.32167832167832167,0.8782051282051282
1629646,2025-26,13,11.57076923076923,5.846153846153846,4.384615384615385,0.5384615384615384,0.3076923076923077,0.8461538461538461,0.46153846153846156,0.6595744680851063,0.0,0.7
1629651,2025-26,69,27.637971014492752,11.73913043478261,6.927536231884058,3.6666666666666665,0.6521739130434783,1.1159420289855073,1.391304347826087,0.5711835334476844,0.15789473684210525,0.6157205240174672
1629652,2025-26,69,26.608985507246377,8.347826086956522,3.550724637681159,1.2318840579710144,0.8985507246376812,0.391304347826087,0.782608695652174,0.38549618320610685,0.34408602150537637,0.7586206896551724
1629655,2025-26,55,21.53290909090909,9.527272727272727,6.872727272727273,1.0545454545454545,0.7636363636363637,1.2545454545454546,1.1454545454545455,0.6550632911392406,0.0,0.6832298136645962
1629656,2025-26,75,29.182133333333333,13.413333333333334,3.64,3.2533333333333334,0.8533333333333334,0.37333333333333335,1.7733333333333334,0.4503311258278146,0.33421052631578946,0.8396624472573839
1629660,2025-26,15,22.320666666666668,19.666666666666668,2.8,5.666666666666667,1.0666666666666667,0.26666666666666666,1.8,0.4744186046511628,0.42,0.875
1629661,2025-26,54,30.30037037037037,12.222222222222221,3.814814814814815,2.4444444444444446,0.7407407407407407,0.3888888888888889,0.8703703703703703,0.48,0.4296875,0.8392857142857143
1629673,2025-26,39,23.742307692307694,13.435897435897436,1.9743589743589745,3.051282051282051,0.5641025641025641,0.38461538461538464,1.7692307692307692,0.3716216216216216,0.3333333333333333,0.8596491228070176
1629674,2025-26,76,25.149210526315787,10.210526315789474,8.368421052631579,1.6578947368421053,0.7894736842105263,1.3157894736842106,0.9868421052631579,0.6533066132264529,0.125,0.7028571428571428
1629675,2025-26,77,25.875454545454545,13.584415584415584,6.194805194805195,2.207792207792208,0.987012987012987,1.0129870129870129,1.6363636363636365,0.45579793340987373,0.36160714285714285,0.7317073170731707
1629680,2025-26,30,15.806666666666667,5.8,1.9666666666666666,0.9,2.0,0.5333333333333333,0.9333333333333333,0.43283582089552236,0.3978494623655914,0.84
1629684,2025-26,36,19.546388888888888,7.0,3.9444444444444446,1.5555555555555556,0.4722222222222222,0.5,0.8611111111111112,0.4262295081967213,0.3880597014925373,0.8148148148148148
1629723,2025-26,56,19.693035714285713,4.428571428571429,4.285714285714286,2.107142857142857,1.4821428571428572,0.6785714285714286,0.625,0.4723618090452261,0.2828282828282828,0.7272727272727273
1629726,2025-26,15,12.884666666666668,5.2,1.1333333333333333,0.6666666666666666,0.4,0.2,0.2,0.40384615384615385,0.3695652173913043,0.8260869565217391
1629731,2025-26,59,22.118474576271186,5.796610169491525,4.186440677966102,1.4915254237288136,0.7457627118644068,0.3898305084745763,0.2711864406779661,0.43884892086330934,0.3622448979591837,0.7105263157894737
1629750,2025-26,82,17.454268292682926,6.939024390243903,2.8048780487804876,0.6829268292682927,1.2439024390243902,0.3048780487804878,0.5487804878048781,0.4468599033816425,0.3805668016194332,0.84
1630162,2025-26,61,34.865081967213115,28.80327868852459,4.950819672131147,3.7049180327868854,1.360655737704918,0.8032786885245902,2.8524590163934427,0.4890333062550772,0.39883268482490275,0.7963386727688787
1630163,2025-26,72,27.823333333333334,20.069444444444443,4.819444444444445,7.138888888888889,1.2083333333333333,0.2361111111111111,2.8055555555555554,0.4067524115755627,0.3675675675675676,0.8994413407821229
1630164,2025-26,4,14.370000000000001,3.25,2.0,0.75,0.0,0.25,1.25,0.6,0.0,0.5
1630165,2025-26,23,17.43130434782609,5.521739130434782,2.347826086956522,3.5217391304347827,0.9130434782608695,0.17391304347826086,1.2173913043478262,0.30434782608695654,0.2698412698412698,0.9285714285714286
1630166,2025-26,66,33.11545454545455,24.21212121212121,6.878787878787879,6.696969696969697,0.7727272727272727,0.6212121212121212,3.8333333333333335,0.462406015037594,0.31806615776081426,0.8016393442622951
1630167,2025-26,24,17.42625,11.625,4.416666666666667,2.2916666666666665,0.5,0.041666666666666664,1.1666666666666667,0.5025125628140703,0.3523809523809524,0.9130434782608695
1630168,2025-26,74,30.818783783783786,15.175675675675675,7.594594594594595,3.1216216216216215,1.1081081081081081,1.0675675675675675,1.7162162162162162,0.48023255813953486,0.37597911227154046,0.7574257425742574
1630170,2025-26,67,30.312537313432838,13.91044776119403,4.014925373134329,2.4925373134328357,0.8507462686567164,0.373134328358209,0.8955223880597015,0.4370860927152318,0.3833718244803695,0.8153846153846154
1630171,2025-26,63,26.687936507936506,9.26984126984127,2.746031746031746,1.5873015873015872,0.7301587301587301,0.4603174603174603,0.7301587301587301,0.4596949891067538,0.33031674208144796,0.7946428571428571
1630172,2025-26,72,20.276111111111113,7.013888888888889,2.986111111111111,1.4583333333333333,0.6805555555555556,0.3611111111111111,1.0416666666666667,0.3723849372384937,0.3467153284671533,0.72
1630173,2025-26,73,23.70849315068493,10.082191780821917,6.739726027397261,1.3835616438356164,0.8904109589041096,0.684931506849315,0.8904109589041096,0.5284280936454849,0.27835051546391754,0.5539568345323741
1630174,2025-26,45,29.488444444444443,13.8,4.155555555555556,1.9111111111111112,0.5777777777777777,0.5111111111111111,1.4,0.4140625,0.37906137184115524,0.8288288288288288
1630175,2025-26,35,14.83342857142857,6.685714285714286,2.4857142857142858,3.4571428571428573,0.5714285714285714,0.3142857142857143,1.8571428571428572,0.42424242424242425,0.3055555555555556,0.6153846153846154
1630178,2025-26,70,37.80442857142857,28.285714285714285,4.142857142857143,6.585714285714285,1.8571428571428572,0.7857142857142857,2.442857142857143,0.46235842771485675,0.3672787979966611,0.8920863309352518
1630180,2025-26,72,30.99694444444445,17.65277777777778,5.555555555555555,2.5277777777777777,0.9444444444444444,0.09722222222222222,0.9444444444444444,0.45087900723888313,0.36650485436893204,0.8406779661016949
1630182,2025-26,58,15.461724137931034,4.293103448275862,1.7586206896551724,0.8103448275862069,0.603448275862069,0.10344827586206896,0.603448275862069,0.4585635359116022,0.42028985507246375,0.8928571428571429
1630183,2025-26,73,31.53232876712329,14.849315068493151,4.2465753424657535,2.7260273972602738,1.1095890410958904,1.0,1.7945205479452055,0.515451174289246,0.412,0.8352272727272727
1630188,2025-26,53,20.476226415094338,10.20754716981132,6.69811320754717,1.2264150943396226,0.4528301886792453,0.7924528301886793,1.0,0.48267326732673266,0.37272727272727274,0.7419354838709677
1630191,2025-26,58,22.515172413793103,10.017241379310345,5.0,1.1379310344827587,0.27586206896551724,1.603448275862069,1.1551724137931034,0.5497512437810945,0.3333333333333333,0.7557251908396947
1630192,2025-26,52,11.831153846153846,3.6538461538461537,2.6153846153846154,0.5576923076923077,0.3269230769230769,0.46153846153846156,0.5192307692307693,0.47019867549668876,0.25925925925925924,0.7727272727272727
1630193,2025-26,70,31.662857142857145,16.428571428571427,4.0285714285714285,5.928571428571429,1.3142857142857143,0.07142857142857142,1.457142857142857,0.4430939226519337,0.3739495798319328,0.821256038647343
1630194,2025-26,65,13.667538461538461,7.753846153846154,4.523076923076923,1.2307692307692308,0.8769230769230769,0.9230769230769231,0.8923076923076924,0.616519174041298,0.325,0.6636363636363637
1630198,2025-26,71,21.054788732394368,11.056338028169014,2.5492957746478875,1.323943661971831,0.704225352112676,0.15492957746478872,0.6338028169014085,0.4548802946593002,0.42289719626168226,0.8943089430894309
1630200,2025-26,65,26.766769230769228,14.061538461538461,3.1384615384615384,5.384615384615385,1.1692307692307693,0.16923076923076924,1.4153846153846155,0.5526742301458671,0.3153846153846154,0.8414096916299559
1630202,2025-26,79,32.13835443037974,17.025316455696203,3.949367088607595,5.1645569620253164,0.7341772151898734,0.12658227848101267,1.379746835443038,0.46379468377635197,0.37722419928825623,0.8897058823529411
1630208,2025-26,47,14.698510638297874,5.872340425531915,5.170212765957447,0.3404255319148936,0.2127659574468085,0.6808510638297872,1.2553191489361701,0.5124378109452736,0.2777777777777778,0.6435643564356436
1630209,2025-26,9,11.33,3.7777777777777777,3.3333333333333335,0.8888888888888888,0.2222222222222222,0.1111111111111111,1.0,0.4230769230769231,0.0,0.6666666666666666
1630214,2025-26,30,5.917666666666666,1.4666666666666666,1.4333333333333333,0.43333333333333335,0.3,0.16666666666666666,0.26666666666666666,0.43478260869565216,0.16666666666666666,0.25
1630217,2025-26,82,33.41512195121951,20.085365853658537,4.121951219512195,4.121951219512195,1.048780487804878,0.45121951219512196,2.0,0.4838174273858921,0.3911007025761124,0.9075144508670521
1630224,2025-26,32,25.66875,17.75,3.625,2.84375,1.0625,0.25,2.25,0.421875,0.31277533039647576,0.7471264367816092
1630228,2025-26,36,22.875,12.166666666666666,5.611111111111111,2.3055555555555554,0.6111111111111112,0.3055555555555556,1.8611111111111112,0.4631268436578171,0.3333333333333333,0.7235772357723578
1630230,2025-26,74,29.327972972972972,15.243243243243244,4.702702702702703,3.2567567567567566,1.1081081081081081,0.08108108108108109,1.6081081081081081,0.510353227771011,0.29107981220657275,0.76
1630241,2025-26,52,26.27403846153846,12.75,2.5576923076923075,2.4038461538461537,0.6346153846153846,0.1346153846153846,0.8076923076923077,0.4607438016528926,0.42133333333333334,0.855072463768116
1630245,2025-26,69,27.06449275362319,14.81159420289855,3.4347826086956523,3.608695652173913,0.8405797101449275,0.2608695652173913,1.391304347826087,0.5167336010709505,0.4392857142857143,0.8758620689655172
1630249,2025-26,65,21.250461538461536,8.461538461538462,2.276923076923077,1.5384615384615385,0.7230769230769231,0.27692307692307694,0.6307692307692307,0.44755244755244755,0.3902439024390244,0.7450980392156863
1630256,2025-26,46,8.609347826086957,2.8043478260869565,1.5869565217391304,0.5434782608695652,0.21739130434782608,0.06521739130434782,0.34782608695652173,0.5137614678899083,0.3125,0.6363636363636364
1630264,2025-26,55,17.086727272727273,5.836363636363636,2.8727272727272726,1.2545454545454546,0.5636363636363636,0.38181818181818183,0.6545454545454545,0.627906976744186,0.3541666666666667,0.7391304347826086
1630286,2025-26,6,30.223333333333333,8.0,5.166666666666667,1.6666666666666667,1.3333333333333333,0.8333333333333334,0.6666666666666666,0.38,0.3157894736842105,0.6666666666666666
1630311,2025-26,66,18.457272727272727,7.212121212121212,2.393939393939394,3.515151515151515,0.7272727272727273,0.07575757575757576,1.2878787878787878,0.42660550458715596,0.35714285714285715,0.7719298245614035
1630314,2025-26,66,21.96363636363636,13.015151515151516,2.893939393939394,3.878787878787879,0.9393939393939394,0.30303030303030304,1.893939393939394,0.47163695299837927,0.23225806451612904,0.7927631578947368
1630322,2025-26,40,6.90025,2.375,0.725,0.475,0.15,0.025,0.175,0.375,0.34177215189873417,0.6666666666666666
1630526,2025-26,22,16.21681818181818,4.590909090909091,4.681818181818182,0.6818181818181818,0.4090909090909091,0.045454545454545456,0.5454545454545454,0.37,0.24390243902439024,0.9444444444444444
1630529,2025-26,56,28.175892857142856,8.857142857142858,3.392857142857143,2.767857142857143,1.5714285714285714,0.48214285714285715,1.3035714285714286,0.38284518828451886,0.3088803088803089,0.8064516129032258
1630530,2025-26,66,35.24818181818182,21.515151515151516,5.712121212121212,3.787878787878788,1.5,0.36363636363636365,1.8181818181818181,0.4704761904761905,0.3787610619469027,0.8861788617886179
1630532,2025-26,34,29.77058823529412,20.558823529411764,5.205882352941177,3.323529411764706,0.9411764705882353,0.3235294117647059,1.7058823529411764,0.4812623274161736,0.34532374100719426,0.8232323232323232
1630533,2025-26,56,22.66357142857143,10.232142857142858,2.392857142857143,1.0714285714285714,1.3571428571428572,0.375,1.0535714285714286,0.42494226327944573,0.3426294820717131,0.85
1630534,2025-26,62,15.495645161290323,5.064516129032258,2.274193548387097,0.7580645161290323,0.3870967741935484,0.27419354838709675,0.5,0.4357142857142857,0.265625,0.8372093023255814
1630536,2025-26,41,16.878048780487806,8.121951219512194,2.097560975609756,3.024390243902439,0.3902439024390244,0.12195121951219512,1.4878048780487805,0.5141700404858299,0.3815789473684211,0.8333333333333334
1630538,2025-26,71,16.362676056338028,8.507042253521126,1.7887323943661972,2.647887323943662,0.6197183098591549,0.23943661971830985,0.9859154929577465,0.452991452991453,0.3879598662207358,0.7804878048780488
1630540,2025-26,41,26.14731707317073,11.975609756097562,2.4390243902439024,2.5853658536585367,0.8536585365853658,0.21951219512195122,0.8048780487804879,0.42326732673267325,0.4132841328413284,0.7872340425531915
1630541,2025-26,60,25.486,12.133333333333333,3.3333333333333335,1.6333333333333333,0.9666666666666667,0.5666666666666667,0.95,0.4398563734290844,0.4005305039787798,0.7699115044247787
1630543,2025-26,55,16.30181818181818,6.7272727272727275,5.2727272727272725,0.9454545454545454,0.6545454545454545,0.8909090909090909,1.0545454545454545,0.6371308016877637,0.0,0.6476190476190476
1630544,2025-26,53,12.420377358490565,5.490566037735849,1.7358490566037736,1.6226415094339623,0.4716981132075472,0.09433962264150944,1.0188679245283019,0.35973597359735976,0.3225806451612903,0.8518518518518519
1630545,2025-26,43,12.32139534883721,5.604651162790698,1.1395348837209303,0.8837209302325582,0.32558139534883723,0.023255813953488372,0.5581395348837209,0.4502923976608187,0.40789473684210525,0.8
1630548,2025-26,21,3.9528571428571433,2.0476190476190474,0.8095238095238095,0.2857142857142857,0.09523809523809523,0.047619047619047616,0.23809523809523808,0.42105263157894735,0.25,0.625
1630549,2025-26,62,18.509354838709676,8.709677419354838,6.661290322580645,2.338709677419355,1.0806451612903225,0.41935483870967744,1.7096774193548387,0.601123595505618,0.23076923076923078,0.6776315789473685
1630551,2025-26,69,19.76927536231884,8.652173913043478,5.565217391304348,1.2173913043478262,0.855072463768116,0.6231884057971014,0.6521739130434783,0.5021645021645021,0.3192771084337349,0.7843137254901961
1630552,2025-26,72,34.952083333333334,22.51388888888889,10.277777777777779,7.861111111111111,1.2361111111111112,0.4305555555555556,3.388888888888889,0.48859934853420195,0.3519061583577713,0.7879581151832461
1630557,2025-26,58,18.40258620689655,9.172413793103448,2.2758620689655173,1.5862068965517242,0.27586206896551724,0.15517241379310345,0.7758620689655172,0.467005076142132,0.3670886075949367,0.7938144329896907
1630558,2025-26,70,28.39114285714286,9.342857142857143,2.657142857142857,6.4714285714285715,0.9714285714285714,0.15714285714285714,1.542857142857143,0.4896810506566604,0.39473684210526316,0.6461538461538462
1630559,2025-26,51,34.34137254901961,23.274509803921568,4.705882352941177,5.490196078431373,1.0980392156862746,0.39215686274509803,2.9607843137254903,0.489501312335958,0.3597560975609756,0.8706199460916442
1630560,2025-26,42,20.769761904761907,13.5,1.6904761904761905,2.5714285714285716,0.21428571428571427,0.09523809523809523,1.7619047619047619,0.40997830802603036,0.30952380952380953,0.8106508875739645
1630567,2025-26,80,33.300875000000005,18.1,7.5,5.925,1.425,1.45,2.625,0.5066785396260017,0.30357142857142855,0.8148148148148148
1630568,2025-26,69,16.02246376811594,8.072463768115941,4.072463768115942,0.9565217391304348,0.391304347826087,0.4057971014492754,0.6666666666666666,0.5770308123249299,0.4330708661417323,0.7692307692307693
1630570,2025-26,53,16.109811320754716,6.528301886792453,3.30188679245283,2.490566037735849,0.3018867924528302,0.41509433962264153,1.2075471698113207,0.5149253731343284,0.2,0.7792207792207793
1630572,2025-26,80,21.685624999999998,11.1625,4.9375,1.8875,0.8,0.5125,0.8375,0.5229793977812995,0.3885135135135135,0.7468354430379747
1630573,2025-26,78,24.62205128205128,9.217948717948717,3.8461538461538463,1.4615384615384615,0.48717948717948717,0.2948717948717949,0.44871794871794873,0.4193011647254576,0.39285714285714285,0.85
1630574,2025-26,54,9.022222222222222,2.1666666666666665,2.9444444444444446,0.5370370370370371,0.16666666666666666,0.48148148148148145,0.5925925925925926,0.5625,0.25,0.7878787878787878
1630577,2025-26,82,27.4290243902439,11.109756097560975,5.7682926829268295,1.548780487804878,0.7560975609756098,0.4634146341463415,0.8414634146341463,0.43686502177068215,0.380859375,0.8444444444444444
1630578,2025-26,72,33.092083333333335,20.36111111111111,8.88888888888889,6.180555555555555,1.1805555555555556,1.0694444444444444,3.1527777777777777,0.5191451469278717,0.3053435114503817,0.6914893617021277
1630579,2025-26,67,19.455373134328358,4.985074626865671,5.522388059701493,1.5522388059701493,0.2835820895522388,0.2537313432835821,1.1194029850746268,0.7837837837837838,0.0,0.6197183098591549
1630581,2025-26,54,31.85222222222222,17.01851851851852,8.296296296296296,9.148148148148149,1.0185185185185186,0.5,3.6296296296296298,0.4476987447698745,0.36395759717314485,0.7631578947368421
1630583,2025-26,43,27.675813953488372,14.0,6.674418604651163,2.9302325581395348,0.8604651162790697,0.7209302325581395,1.2790697674418605,0.4789915966386555,0.35,0.6666666666666666
1630587,2025-26,36,9.456666666666667,1.8055555555555556,1.6944444444444444,0.5833333333333334,0.3611111111111111,0.2222222222222222,0.3333333333333333,0.34375,0.3,0.75
1630590,2025-26,10,20.992,11.4,2.2,4.7,1.9,0.4,2.7,0.4479166666666667,0.3125,0.782608695652174
1630591,2025-26,57,27.406140350877195,13.789473684210526,3.8596491228070176,5.473684210526316,1.8421052631578947,0.7017543859649122,2.6666666666666665,0.4345146379044684,0.3388888888888889,0.8547008547008547
1630592,2025-26,54,15.71,6.351851851851852,2.111111111111111,0.9259259259259259,0.4074074074074074,0.037037037037037035,0.7037037037037037,0.39568345323741005,0.35526315789473684,0.71875
1630595,2025-26,64,33.73453125,23.921875,5.546875,9.90625,1.4375,0.84375,3.6875,0.4608915054667788,0.34153005464480873,0.8115183246073299
1630596,2025-26,65,31.726307692307692,18.153846153846153,9.015384615384615,3.6,0.7384615384615385,1.7384615384615385,1.876923076923077,0.5459837019790454,0.2966507177033493,0.6060606060606061
1630598,2025-26,65,21.544615384615387,9.4,3.0615384615384613,1.676923076923077,0.9230769230769231,0.4307692307692308,1.2461538461538462,0.43097014925373134,0.35555555555555557,0.7361111111111112
1630604,2025-26,26,13.242692307692307,5.653846153846154,2.6538461538461537,0.9230769230769231,0.23076923076923078,0.38461538461538464,0.5769230769230769,0.4864864864864865,0.34615384615384615,0.8076923076923077
1630610,2025-26,11,20.803636363636365,8.0,4.636363636363637,3.272727272727273,0.9090909090909091,0.7272727272727273,2.3636363636363638,0.39759036144578314,0.13333333333333333,0.782608695652174
1630611,2025-26,68,20.306470588235292,9.191176470588236,3.911764705882353,2.338235294117647,0.8970588235294118,0.3235294117647059,1.5,0.5,0.35135135135135137,0.725
1630619,2025-26,38,13.74078947368421,4.473684210526316,5.684210526315789,0.23684210526315788,0.5,1.1842105263157894,0.7894736842105263,0.5739130434782609,0.0,0.4691358024691358
1630621,2025-26,5,8.296,2.4,1.0,0.4,0.2,0.4,0.6,0.35714285714285715,0.0,1.0
1630623,2025-26,24,15.650416666666667,7.875,1.125,1.6666666666666667,0.4583333333333333,0.0,0.6666666666666666,0.4,0.39814814814814814,0.8333333333333334
1630625,2025-26,6,10.031666666666666,2.0,0.8333333333333334,1.8333333333333333,0.3333333333333333,0.8333333333333334,1.3333333333333333,0.3333333333333333,0.0,1.0
1630631,2025-26,69,19.66014492753623,7.391304347826087,2.4782608695652173,3.391304347826087,0.9565217391304348,0.11594202898550725,1.1159420289855073,0.41648106904231624,0.3519163763066202,0.7608695652173914
1630639,2025-26,24,9.202916666666667,4.208333333333333,1.7916666666666667,0.2916666666666667,0.5,0.16666666666666666,0.25,0.4358974358974359,0.4222222222222222,0.7777777777777778
1630643,2025-26,82,20.75536585365854,9.548780487804878,3.951219512195122,1.475609756097561,0.5,1.8658536585365855,0.926829268292683,0.4762684124386252,0.3190348525469169,0.8282828282828283
1630644,2025-26,11,12.136363636363637,6.090909090909091,0.9090909090909091,0.9090909090909091,1.0,0.2727272727272727,0.8181818181818182,0.3898305084745763,0.23333333333333334,0.7777777777777778
1630649,2025-26,2,3.17,1.0,0.0,0.5,0.5,0.0,0.0,0.5,0.0,0.0
1630658,2025-26,4,5.2075,1.25,2.0,0.25,0.25,0.0,0.5,0.4,0.0,1.0
1630679,2025-26,32,20.1978125,6.96875,2.15625,1.78125,0.625,0.28125,0.78125,0.37755102040816324,0.3275862068965517,0.7872340425531915
1630692,2025-26,70,22.260857142857144,8.7,4.871428571428571,2.157142857142857,1.5142857142857142,0.2,0.9714285714285714,0.4126126126126126,0.3708609271523179,0.6964285714285714
1630695,2025-26,47,19.110425531914895,9.74468085106383,4.957446808510638,1.4680851063829787,0.46808510638297873,0.3191489361702128,1.0,0.515358361774744,0.4226190476190476,0.8415841584158416
1630696,2025-26,70,16.114285714285714,5.642857142857143,2.4714285714285715,2.5714285714285716,1.4285714285714286,0.3,0.7857142857142857,0.4153846153846154,0.29457364341085274,0.8285714285714286
1630699,2025-26,14,13.833571428571428,6.785714285714286,2.2857142857142856,1.0714285714285714,0.6428571428571429,0.2857142857142857,0.9285714285714286,0.4342105263157895,0.3404255319148936,0.6842105263157895
1630700,2025-26,76,32.965,11.855263157894736,6.842105263157895,5.907894736842105,1.9605263157894737,0.40789473684210525,1.7763157894736843,0.5173745173745173,0.18803418803418803,0.6147540983606558
1630702,2025-26,57,15.57298245614035,9.175438596491228,1.5087719298245614,1.0175438596491229,0.2807017543859649,0.10526315789473684,1.087719298245614,0.42424242424242425,0.3969465648854962,0.7333333333333333
1630703,2025-26,30,24.743333333333332,14.233333333333333,2.6666666666666665,3.7333333333333334,0.9,0.3,2.433333333333333,0.41812865497076024,0.35185185185185186,0.84
1630811,2025-26,53,9.939622641509434,3.509433962264151,1.0566037735849056,1.7735849056603774,0.4528301886792453,0.09433962264150944,0.5283018867924528,0.39766081871345027,0.37254901960784315,0.6666666666666666
1630828,2025-26,6,3.263333333333333,3.1666666666666665,1.0,0.16666666666666666,0.0,0.16666666666666666,0.16666666666666666,0.375,0.2857142857142857,0.7333333333333333
1630846,2025-26,4,9.7025,3.5,2.75,1.25,0.5,0.75,0.5,0.7142857142857143,0.6666666666666666,0.4
1631093,2025-26,37,17.9172972972973,8.54054054054054,2.4594594594594597,1.837837837837838,0.6216216216216216,0.3783783783783784,1.1081081081081081,0.4453125,0.373134328358209,0.8085106382978723
1631094,2025-26,72,34.56402777777778,22.208333333333332,8.38888888888889,5.180555555555555,0.7083333333333334,0.5555555555555556,3.0833333333333335,0.4592013888888889,0.3054545454545455,0.7745762711864407
1631095,2025-26,77,34.94571428571429,15.779220779220779,6.87012987012987,1.8571428571428572,0.7272727272727273,0.922077922077922,1.3636363636363635,0.44969199178644764,0.36270491803278687,0.7751196172248804
1631096,2025-26,69,28.758840579710142,17.115942028985508,8.91304347826087,1.6666666666666667,0.6231884057971014,1.8985507246376812,1.5507246376811594,0.5571245186136072,0.36213991769547327,0.7922535211267606
1631097,2025-26,54,29.814814814814813,17.574074074074073,5.425925925925926,2.388888888888889,0.7962962962962963,0.24074074074074073,2.185185185185185,0.4298375184638109,0.31512605042016806,0.8690476190476191
1631099,2025-26,23,34.254347826086956,13.956521739130435,5.739130434782608,1.6521739130434783,1.0434782608695652,1.565217391304348,1.173913043478261,0.42,0.2767857142857143,0.7755102040816326
1631101,2025-26,50,29.2238,20.84,4.34,2.64,1.4,0.12,2.94,0.45161290322580644,0.3366013071895425,0.7868020304568528
1631102,2025-26,16,5.305,1.3125,0.375,1.0625,0.375,0.1875,0.1875,0.47368421052631576,0.375,0.0
1631103,2025-26,28,9.660714285714286,4.571428571428571,1.5714285714285714,0.8214285714285714,0.35714285714285715,0.10714285714285714,0.5357142857142857,0.4725274725274725,0.3783783783783784,0.8235294117647058
1631104,2025-26,31,11.422903225806452,4.774193548387097,1.2580645161290323,2.0,0.5161290322580645,0.16129032258064516,1.0,0.45161290322580644,0.2777777777777778,0.5531914893617021
1631105,2025-26,70,28.027285714285714,19.5,10.528571428571428,1.9714285714285715,0.8142857142857143,0.8428571428571429,1.8571428571428572,0.6500622665006227,0.0,0.7465116279069768
1631106,2025-26,60,25.6115,10.45,6.266666666666667,1.5,1.2,0.4666666666666667,1.35,0.41551724137931034,0.3576923076923077,0.7761194029850746
1631107,2025-26,47,16.987446808510636,7.319148936170213,3.25531914893617,2.1702127659574466,0.5531914893617021,0.3617021276595745,1.3829787234042554,0.3662420382165605,0.2694610778443114,0.6831683168316832
1631108,2025-26,77,28.94961038961039,12.272727272727273,3.2337662337662336,1.9610389610389611,0.6103896103896104,0.35064935064935066,1.2467532467532467,0.4413793103448276,0.40358744394618834,0.8992805755395683
1631109,2025-26,60,23.407333333333334,11.666666666666666,7.95,0.9666666666666667,0.9166666666666666,0.9166666666666666,1.0833333333333333,0.6438356164383562,1.0,0.7714285714285715
1631110,2025-26,44,10.435,3.590909090909091,2.4318181818181817,0.9090909090909091,0.38636363636363635,0.1590909090909091,0.4772727272727273,0.49612403100775193,0.24444444444444444,0.7307692307692307
1631111,2025-26,6,9.755,1.6666666666666667,1.0,0.6666666666666666,0.3333333333333333,0.3333333333333333,0.16666666666666666,0.5714285714285714,0.0,1.0
1631113,2025-26,11,32.06727272727273,15.0,3.3636363636363638,6.7272727272727275,1.0,0.18181818181818182,2.090909090909091,0.44525547445255476,0.39473684210526316,0.6511627906976745
1631114,2025-26,33,28.181515151515153,17.060606060606062,4.606060606060606,5.484848484848484,1.1818181818181819,0.2727272727272727,1.9090909090909092,0.484304932735426,0.2987012987012987,0.8372093023255814
1631115,2025-26,4,6.0225,1.75,1.0,0.75,0.25,0.0,0.0,0.6,0.5,0.0
1631116,2025-26,9,11.186666666666667,3.6666666666666665,2.5555555555555554,0.5555555555555556,0.3333333333333333,0.5555555555555556,0.5555555555555556,0.4074074074074074,0.42857142857142855,0.7142857142857143
1631117,2025-26,5,30.558,14.4,10.8,3.0,1.4,1.8,3.2,0.7027027027027027,0.75,0.7
1631119,2025-26,65,19.44046153846154,7.2153846153846155,5.507692307692308,2.4307692307692306,0.47692307692307695,0.6461538461538462,1.0307692307692307,0.42329545454545453,0.3828125,0.7934782608695652
1631120,2025-26,28,7.580357142857143,2.4642857142857144,1.2142857142857142,1.25,0.21428571428571427,0.21428571428571427,0.25,0.375,0.25,0.6842105263157895
1631121,2025-26,42,20.760952380952382,8.095238095238095,2.0952380952380953,1.4761904761904763,0.6428571428571429,0.19047619047619047,0.40476190476190477,0.4810126582278481,0.40860215053763443,0.7789473684210526
1631123,2025-26,46,13.835869565217392,5.717391304347826,1.7826086956521738,1.7826086956521738,0.6304347826086957,0.34782608695652173,0.6521739130434783,0.4576271186440678,0.2948717948717949,0.6857142857142857
1631124,2025-26,57,14.884210526315789,7.245614035087719,2.0,1.0701754385964912,0.43859649122807015,0.10526315789473684,0.631578947368421,0.4670846394984326,0.38666666666666666,0.8142857142857143
1631126,2025-26,49,20.481020408163264,10.387755102040817,2.326530612244898,2.510204081632653,0.5510204081632653,0.08163265306122448,1.2653061224489797,0.3877551020408163,0.3184931506849315,0.7346938775510204
1631127,2025-26,7,3.6100000000000003,1.5714285714285714,0.42857142857142855,0.14285714285714285,0.0,0.0,0.14285714285714285,0.8333333333333334,1.0,0.0
1631128,2025-26,44,31.606818181818184,11.954545454545455,4.795454545454546,2.727272727272727,0.6818181818181818,0.2727272727272727,0.9772727272727273,0.519280205655527,0.3006993006993007,0.7821782178217822
1631131,2025-26,27,16.409259259259258,7.814814814814815,6.62962962962963,1.1851851851851851,0.5925925925925926,0.18518518518518517,0.7777777777777778,0.6344827586206897,0.0,0.5510204081632653
1631132,2025-26,27,13.037407407407407,2.7037037037037037,3.0,0.6666666666666666,0.5185185185185185,0.8518518518518519,0.5925925925925926,0.4189189189189189,0.1111111111111111,0.6666666666666666
1631133,2025-26,64,11.70921875,4.3125,3.0,0.53125,0.359375,0.203125,0.421875,0.45539906103286387,0.3368421052631579,0.7352941176470589
1631157,2025-26,74,31.89310810810811,17.31081081081081,4.5675675675675675,5.594594594594595,1.4864864864864864,0.4189189189189189,2.7162162162162162,0.47184466019417476,0.40618101545253865,0.7961783439490446
1631159,2025-26,46,15.400217391304347,7.8478260869565215,3.9347826086956523,0.8695652173913043,0.3695652173913043,0.32608695652173914,0.782608695652174,0.5534351145038168,0.32323232323232326,0.7358490566037735
1631165,2025-26,72,20.344305555555554,6.666666666666667,1.875,1.0,1.1527777777777777,0.625,0.5694444444444444,0.4401041666666667,0.36254980079681276,0.7285714285714285
1631166,2025-26,27,8.498148148148148,3.4074074074074074,1.2222222222222223,0.8518518518518519,0.2222222222222222,0.0,0.48148148148148145,0.5757575757575758,0.44,0.5555555555555556
1631169,2025-26,49,16.829591836734693,7.428571428571429,3.2244897959183674,0.9387755102040817,0.8979591836734694,0.4897959183673469,0.8775510204081632,0.5,0.41830065359477125,0.7868852459016393
1631170,2025-26,75,28.074133333333332,15.36,5.0,4.693333333333333,0.68,0.28,2.026666666666667,0.507103825136612,0.31693989071038253,0.7685185185185185
1631172,2025-26,57,19.082280701754385,7.56140350877193,3.1578947368421053,2.3859649122807016,0.43859649122807015,0.2982456140350877,1.3157894736842106,0.4221105527638191,0.34054054054054056,0.7111111111111111
1631174,2025-26,12,25.370833333333334,10.75,4.166666666666667,1.0,0.9166666666666666,0.3333333333333333,0.9166666666666666,0.375,0.3333333333333333,0.8518518518518519
1631199,2025-26,29,10.77655172413793,4.241379310344827,1.6551724137931034,0.7586206896551724,0.3448275862068966,0.3103448275862069,0.27586206896551724,0.41818181818181815,0.35,0.75
1631200,2025-26,57,23.198947368421052,5.807017543859649,3.6140350877192984,1.4210526315789473,0.8947368421052632,0.38596491228070173,0.8245614035087719,0.4673913043478261,0.2786885245901639,0.6842105263157895
1631204,2025-26,38,11.818421052631578,5.184210526315789,1.0263157894736843,1.9736842105263157,0.5263157894736842,0.10526315789473684,0.8157894736842105,0.3898305084745763,0.41509433962264153,0.8333333333333334
1631205,2025-26,4,3.55,1.5,0.0,0.0,0.0,0.0,0.0,0.3333333333333333,0.3333333333333333,0.0
1631207,2025-26,48,11.279583333333333,3.6666666666666665,1.7916666666666667,1.375,0.6041666666666666,0.3125,0.5416666666666666,0.43870967741935485,0.36363636363636365,0.5333333333333333
1631210,2025-26,5,3.2239999999999993,1.6,0.2,0.2,0.0,0.2,0.0,0.6666666666666666,0.0,0.0
1631211,2025-26,8,1.6712500000000001,1.0,0.25,0.0,0.125,0.0,0.0,0.25,0.2222222222222222,0.0
1631212,2025-26,54,29.397222222222222,14.61111111111111,4.888888888888889,2.0555555555555554,0.9259259259259259,1.1296296296296295,1.7222222222222223,0.4905335628227194,0.41116751269035534,0.7301587301587301
1631213,2025-26,46,16.67760869565217,6.304347826086956,2.5217391304347827,1.6956521739130435,0.5434782608695652,0.13043478260869565,0.8695652173913043,0.3935018050541516,0.3212121212121212,0.6785714285714286
1631214,2025-26,4,25.017500000000002,11.0,6.25,3.0,0.75,0.75,1.25,0.6153846153846154,0.35714285714285715,0.875
1631216,2025-26,18,4.004444444444444,2.3333333333333335,0.6111111111111112,0.2222222222222222,0.1111111111111111,0.05555555555555555,0.2222222222222222,0.5384615384615384,0.5238095238095238,1.0
1631217,2025-26,73,25.82191780821918,7.876712328767123,8.698630136986301,1.9315068493150684,0.7671232876712328,0.9863013698630136,1.0,0.6308539944903582,0.5,0.6590909090909091
1631218,2025-26,53,9.147735849056604,3.4150943396226414,2.7358490566037736,0.7358490566037735,0.32075471698113206,0.4528301886792453,0.41509433962264153,0.5725806451612904,1.0,0.5135135135135135
1631221,2025-26,80,28.338625,12.65,4.0875,4.6375,1.2375,0.2,1.5625,0.4180522565320665,0.4013840830449827,0.8735632183908046
1631222,2025-26,82,24.95219512195122,8.21951219512195,3.975609756097561,1.7682926829268293,1.2682926829268293,0.4634146341463415,1.0609756097560976,0.4588910133843212,0.32098765432098764,0.7631578947368421
1631223,2025-26,5,14.362,8.0,4.0,0.8,0.8,0.2,0.4,0.5,0.2727272727272727,1.0
1631230,2025-26,71,23.5987323943662,7.676056338028169,4.788732394366197,1.2253521126760563,0.8873239436619719,0.7464788732394366,0.7887323943661971,0.5388471177944862,0.25609756097560976,0.7175572519083969
1631243,2025-26,77,15.123376623376624,4.441558441558442,3.5714285714285716,0.8961038961038961,0.7922077922077922,0.5064935064935064,0.42857142857142855,0.4517241379310345,0.3076923076923077,0.6451612903225806
1631245,2025-26,49,18.107142857142858,9.142857142857142,2.326530612244898,2.857142857142857,0.6326530612244898,0.12244897959183673,1.2653061224489797,0.4695121951219512,0.3559322033898305,0.8235294117647058
1631246,2025-26,40,20.31125,7.5,3.875,4.15,0.725,0.4,1.75,0.3527397260273973,0.3107344632768362,0.78
1631247,2025-26,12,8.388333333333334,2.3333333333333335,2.0,0.75,0.5833333333333334,0.3333333333333333,0.25,0.25,0.0625,1.0
1631248,2025-26,77,18.358571428571427,5.545454545454546,3.4935064935064934,1.5064935064935066,0.5454545454545454,0.07792207792207792,0.5974025974025974,0.45345345345345345,0.3991769547325103,0.9032258064516129
1631250,2025-26,47,15.503404255319149,5.404255319148936,2.6595744680851063,1.0212765957446808,0.2978723404255319,0.2978723404255319,0.5531914893617021,0.5154639175257731,0.42016806722689076,0.36363636363636365
1631255,2025-26,62,14.513709677419355,5.67741935483871,3.693548387096774,0.8064516129032258,0.4032258064516129,0.8709677419354839,0.5483870967741935,0.6042553191489362,0.4222222222222222,0.7317073170731707
1631260,2025-26,78,28.902051282051282,10.371794871794872,2.730769230769231,1.9487179487179487,0.5,0.10256410256410256,0.9615384615384616,0.42394822006472493,0.4187725631768953,0.8548387096774194
1631288,2025-26,40,11.95975,5.375,1.95,0.725,0.275,0.1,0.475,0.4868421052631579,0.3835616438356164,0.8478260869565217
1631321,2025-26,75,18.926000000000002,5.1066666666666665,2.2133333333333334,1.4666666666666666,0.6933333333333334,0.3333333333333333,0.9333333333333333,0.39820359281437123,0.29797979797979796,0.6590909090909091
1631323,2025-26,70,16.536142857142856,8.528571428571428,3.0142857142857142,1.4428571428571428,0.5285714285714286,0.12857142857142856,0.7,0.4118895966029724,0.375,0.8431372549019608
1631338,2025-26,2,22.435000000000002,8.0,3.0,3.0,1.0,0.5,1.5,0.5454545454545454,0.2,0.75
1631342,2025-26,32,26.1821875,10.75,3.03125,1.28125,0.71875,0.21875,0.8125,0.43010752688172044,0.3333333333333333,0.8571428571428571
1631351,2025-26,7,31.74857142857143,10.428571428571429,5.428571428571429,2.5714285714285716,1.5714285714285714,0.14285714285714285,1.4285714285714286,0.3333333333333333,0.2830188679245283,1.0
1631451,2025-26,19,4.747368421052632,1.2105263157894737,1.0,0.3684210526315789,0.3157894736842105,0.0,0.47368421052631576,0.21951219512195122,0.13043478260869565,1.0
1631457,2025-26,4,5.7375,2.0,0.75,1.0,0.0,0.0,1.0,0.42857142857142855,0.0,1.0
1631466,2025-26,14,16.85,8.0,2.142857142857143,1.0,0.35714285714285715,0.0,1.0714285714285714,0.48863636363636365,0.43333333333333335,0.8666666666666667
1641705,2025-26,64,28.92796875,25.0,11.5,3.109375,1.03125,3.078125,2.421875,0.5120370370370371,0.3485714285714286,0.8266666666666667
1641706,2025-26,65,30.08323076923077,20.16923076923077,4.907692307692308,3.3384615384615386,1.0153846153846153,0.676923076923077,2.5076923076923077,0.43486590038314177,0.3827392120075047,0.8923766816143498
1641707,2025-26,59,18.764237288135593,7.423728813559322,3.7457627118644066,0.9322033898305084,0.847457627118644,0.5084745762711864,0.847457627118644,0.4591549295774648,0.3423913043478261,0.6805555555555556
1641708,2025-26,79,37.18392405063291,18.265822784810126,7.772151898734177,5.3164556962025316,1.5063291139240507,0.6075949367088608,2.4050632911392404,0.5335249042145593,0.21551724137931033,0.7794871794871795
1641709,2025-26,73,25.75013698630137,9.876712328767123,5.726027397260274,3.1232876712328768,2.0,0.9452054794520548,1.5068493150684932,0.5251299826689775,0.25,0.5706806282722513
1641710,2025-26,64,29.669687500000002,14.984375,3.8125,3.6875,1.421875,0.703125,2.0625,0.44689119170984454,0.3333333333333333,0.7316017316017316
1641711,2025-26,76,13.843026315789473,5.9868421052631575,1.9342105263157894,0.6710526315789473,0.5921052631578947,0.09210526315789473,0.5657894736842105,0.4192708333333333,0.3010752688172043,0.875
1641712,2025-26,64,16.56203125,5.1875,2.9375,1.0625,0.859375,0.140625,0.859375,0.3929712460063898,0.3235294117647059,0.7777777777777778
1641713,2025-26,55,21.226727272727274,12.472727272727273,4.2727272727272725,1.4727272727272727,0.5636363636363636,0.8,1.5454545454545454,0.4961089494163424,0.3316062176165803,0.7417218543046358
1641715,2025-26,21,16.705238095238094,9.19047619047619,2.761904761904762,0.7142857142857143,0.7142857142857143,0.38095238095238093,0.8571428571428571,0.4556213017751479,0.2857142857142857,0.7419354838709677
1641716,2025-26,76,25.516184210526315,11.631578947368421,5.144736842105263,2.526315789473684,0.8289473684210527,0.34210526315789475,1.8289473684210527,0.41882673942701226,0.37359550561797755,0.7486338797814208
1641717,2025-26,77,26.385064935064936,8.571428571428571,3.090909090909091,2.5974025974025974,1.948051948051948,0.36363636363636365,0.948051948051948,0.4315068493150685,0.3506944444444444,0.8088235294117647
1641718,2025-26,54,32.882592592592594,23.61111111111111,3.685185185185185,6.148148148148148,1.0740740740740742,0.25925925925925924,3.074074074074074,0.45629965947786605,0.37119113573407203,0.8915343915343915
1641722,2025-26,51,13.380196078431373,5.0588235294117645,1.7254901960784315,0.8235294117647058,0.2549019607843137,0.19607843137254902,0.6666666666666666,0.3657587548638132,0.34814814814814815,0.8518518518518519
1641723,2025-26,16,7.230625,2.875,0.8125,0.625,0.125,0.1875,0.3125,0.3,0.19230769230769232,0.9166666666666666
1641724,2025-26,55,12.42909090909091,5.472727272727273,1.5818181818181818,0.8181818181818182,0.18181818181818182,0.2,0.2727272727272727,0.41832669322709165,0.3724137931034483,0.9487179487179487
1641725,2025-26,9,12.132222222222222,5.222222222222222,1.2222222222222223,1.0,0.6666666666666666,0.2222222222222222,0.3333333333333333,0.5135135135135135,0.5,0.6
1641726,2025-26,7,16.28142857142857,4.285714285714286,5.285714285714286,1.8571428571428572,0.5714285714285714,1.5714285714285714,1.4285714285714286,0.6111111111111112,0.0,0.8
1641727,2025-26,6,30.281666666666666,16.333333333333332,4.0,1.5,0.6666666666666666,0.0,1.6666666666666667,0.3978494623655914,0.31666666666666665,0.7142857142857143
1641729,2025-26,75,23.305600000000002,14.88,3.08,1.9066666666666667,0.72,0.16,1.6533333333333333,0.4597432905484247,0.3665158371040724,0.8258706467661692
1641730,2025-26,66,26.763939393939395,12.257575757575758,4.136363636363637,1.6363636363636365,0.7575757575757576,0.6818181818181818,1.5454545454545454,0.39619651347068147,0.32908163265306123,0.8035714285714286
1641731,2025-26,56,26.024285714285714,11.732142857142858,4.339285714285714,2.5892857142857144,1.3392857142857142,0.9642857142857143,1.4464285714285714,0.42513863216266173,0.31862745098039214,0.7457627118644068
1641732,2025-26,1,6.49,2.0,4.0,2.0,0.0,0.0,0.0,0.3333333333333333,0.0,0.0
1641733,2025-26,30,12.310666666666666,6.166666666666667,0.7666666666666667,1.0333333333333334,0.3,0.06666666666666667,0.7,0.43478260869565216,0.3953488372093023,0.7333333333333333
1641737,2025-26,71,17.16225352112676,4.845070422535211,4.323943661971831,0.4507042253521127,0.4225352112676056,1.1549295774647887,0.7887323943661971,0.5954545454545455,0.3333333333333333,0.7079646017699115
1641738,2025-26,61,15.564426229508197,5.786885245901639,3.0327868852459017,1.3114754098360655,0.3770491803278688,0.19672131147540983,0.8688524590163934,0.46863468634686345,0.37410071942446044,0.7966101694915254
1641739,2025-26,82,33.116341463414635,13.414634146341463,5.134146341463414,2.451219512195122,1.146341463414634,0.4268292682926829,1.7560975609756098,0.4399551066217733,0.36993243243243246,0.708029197080292
1641740,2025-26,68,12.832941176470587,4.044117647058823,1.7647058823529411,0.6323529411764706,0.6911764705882353,0.1323529411764706,0.3382352941176471,0.4342105263157895,0.32673267326732675,0.6567164179104478
1641744,2025-26,11,25.55545454545455,13.636363636363637,11.090909090909092,1.0909090909090908,0.6363636363636364,1.9090909090909092,2.3636363636363638,0.6326530612244898,0.2,0.78125
1641747,2025-26,25,8.180399999999999,3.72,1.4,0.64,0.04,0.24,0.48,0.5081967213114754,0.4444444444444444,0.7857142857142857
1641748,2025-26,48,8.309583333333334,2.3541666666666665,1.5,0.8958333333333334,0.3958333333333333,0.08333333333333333,0.6458333333333334,0.3277310924369748,0.25,0.625
1641750,2025-26,69,21.23333333333333,7.550724637681159,5.463768115942029,0.782608695652174,0.463768115942029,1.463768115942029,0.8985507246376812,0.7525773195876289,0.0,0.7155172413793104
1641752,2025-26,12,5.702500000000001,1.8333333333333333,1.5833333333333333,0.5,0.25,0.0,0.5,0.3333333333333333,0.3076923076923077,0.0
1641753,2025-26,3,5.62,3.0,1.0,0.3333333333333333,0.3333333333333333,0.0,0.0,0.5714285714285714,0.0,1.0
1641755,2025-26,21,7.170952380952381,2.380952380952381,1.3333333333333333,0.9523809523809523,0.42857142857142855,0.0,0.5714285714285714,0.425531914893617,0.3333333333333333,0.4
1641757,2025-26,60,21.8945,9.966666666666667,3.033333333333333,2.2666666666666666,0.75,0.18333333333333332,1.05,0.531328320802005,0.34545454545454546,0.7771428571428571
1641761,2025-26,4,8.5525,4.25,1.5,1.25,0.25,1.25,1.0,0.5555555555555556,0.0,0.7
1641763,2025-26,48,8.696250000000001,2.9166666666666665,1.0208333333333333,0.20833333333333334,0.4583333333333333,0.14583333333333334,0.22916666666666666,0.4214876033057851,0.3076923076923077,0.782608695652174
1641764,2025-26,82,28.23451219512195,13.817073170731707,5.109756097560975,3.707317073170732,1.0731707317073171,0.18292682926829268,1.5975609756097562,0.45496535796766746,0.3713592233009709,0.7966804979253111
1641765,2025-26,53,18.357735849056603,10.0,3.5283018867924527,0.9622641509433962,0.7547169811320755,0.24528301886792453,0.8867924528301887,0.5485714285714286,0.40540540540540543,0.7543859649122807
1641767,2025-26,65,21.20430769230769,7.061538461538461,3.0,1.7538461538461538,0.6,0.09230769230769231,0.6307692307692307,0.43410852713178294,0.3620689655172414,0.7647058823529411
1641771,2025-26,13,23.686923076923076,7.3076923076923075,4.384615384615385,2.769230769230769,1.5384615384615385,1.0769230769230769,1.3076923076923077,0.44155844155844154,0.375,0.7058823529411765
1641772,2025-26,64,15.45921875,5.84375,2.90625,0.828125,0.640625,0.53125,0.453125,0.47770700636942676,0.23478260869565218,0.7704918032786885
1641774,2025-26,49,13.514285714285716,9.0,3.0,1.1224489795918366,0.46938775510204084,0.6530612244897959,1.2653061224489797,0.4794952681388013,0.3472222222222222,0.7837837837837838
1641775,2025-26,68,17.61161764705882,5.352941176470588,4.0,0.7941176470588235,0.7205882352941176,0.45588235294117646,0.5147058823529411,0.5093632958801498,0.384,0.7719298245614035
1641778,2025-26,15,28.683333333333334,7.066666666666666,5.0,1.4666666666666666,1.2,0.5333333333333333,0.9333333333333333,0.3883495145631068,0.34545454545454546,0.875
1641780,2025-26,11,4.768181818181818,0.9090909090909091,1.4545454545454546,0.36363636363636365,0.2727272727272727,0.18181818181818182,0.2727272727272727,0.16666666666666666,0.0,0.3333333333333333
1641783,2025-26,77,24.452987012987016,9.896103896103897,3.688311688311688,1.6103896103896105,0.8831168831168831,0.3246753246753247,0.8961038961038961,0.45,0.37383177570093457,0.8842105263157894
1641787,2025-26,5,1.406,0.0,0.4,0.0,0.0,0.0,0.0,0.0,0.0,0.0
1641790,2025-26,19,11.033157894736842,4.526315789473684,3.9473684210526314,0.5263157894736842,0.15789473684210525,0.5263157894736842,0.8421052631578947,0.5084745762711864,0.6,0.7931034482758621
1641794,2025-26,7,5.432857142857143,1.2857142857142858,1.0,0.5714285714285714,0.42857142857142855,0.0,0.0,0.2222222222222222,0.2,1.0
1641796,2025-26,70,26.19842857142857,11.428571428571429,3.4857142857142858,3.3714285714285714,0.7,0.22857142857142856,1.4428571428571428,0.49552772808586765,0.3229166666666667,0.7965367965367965
1641801,2025-26,5,6.366,3.0,0.6,0.8,0.4,0.0,0.0,0.46153846153846156,0.3333333333333333,0.5
1641803,2025-26,1,12.0,12.0,3.0,0.0,1.0,0.0,0.0,0.4444444444444444,0.4,0.6666666666666666
1641807,2025-26,6,3.766666666666667,2.8333333333333335,1.1666666666666667,0.3333333333333333,0.16666666666666666,0.0,0.0,0.7,0.0,1.0
1641809,2025-26,6,10.56,0.8333333333333334,1.5,0.3333333333333333,0.5,0.16666666666666666,0.0,0.125,0.0,0.5
1641810,2025-26,10,6.5409999999999995,2.7,0.8,0.3,0.1,0.0,0.1,0.5,0.5384615384615384,0.0
1641813,2025-26,7,3.5500000000000003,3.142857142857143,0.2857142857142857,0.2857142857142857,0.0,0.0,0.5714285714285714,0.46153846153846156,0.5,0.75
1641815,2025-26,3,14.023333333333333,3.3333333333333335,1.0,3.3333333333333335,1.6666666666666667,0.0,0.6666666666666666,0.42857142857142855,0.0,1.0
1641816,2025-26,21,7.520952380952381,2.1904761904761907,1.7142857142857142,0.8095238095238095,0.09523809523809523,0.047619047619047616,0.23809523809523808,0.2692307692307692,0.21212121212121213,0.8461538461538461
1641824,2025-26,77,28.984155844155847,16.25974025974026,5.818181818181818,2.051948051948052,0.7142857142857143,1.5064935064935066,2.064935064935065,0.46313603322949115,0.34949494949494947,0.7857142857142857
1641842,2025-26,78,19.701666666666668,8.205128205128204,4.038461538461538,1.2179487179487178,1.1794871794871795,0.34615384615384615,1.2307692307692308,0.4319852941176471,0.25252525252525254,0.8053691275167785
1641854,2025-26,64,17.71578125,4.515625,3.4375,3.203125,0.890625,0.59375,0.921875,0.4496124031007752,0.3548387096774194,0.6
1641869,2025-26,15,23.766000000000002,8.266666666666667,3.4,3.2666666666666666,0.8,0.26666666666666666,0.9333333333333333,0.48484848484848486,0.43478260869565216,1.0
1641871,2025-26,32,7.8784374999999995,2.9375,1.1875,0.3125,0.15625,0.25,0.21875,0.44594594594594594,0.41818181818181815,0.8333333333333334
1641890,2025-26,12,13.545833333333334,4.666666666666667,2.75,0.4166666666666667,0.5,0.0,0.5,0.42,0.2857142857142857,0.6666666666666666
1641989,2025-26,26,20.757307692307695,6.846153846153846,2.0384615384615383,2.8846153846153846,1.1923076923076923,0.23076923076923078,1.0,0.33540372670807456,0.23863636363636365,0.765625
1641998,2025-26,13,6.042307692307692,1.0,1.3846153846153846,0.38461538461538464,0.07692307692307693,0.15384615384615385,0.7692307692307693,0.6,0.0,1.0
1642066,2025-26,45,8.913555555555556,3.6222222222222222,2.7111111111111112,0.9777777777777777,0.4444444444444444,0.17777777777777778,0.37777777777777777,0.4796747967479675,0.40625,0.7307692307692307
1642258,2025-26,67,22.25,9.567164179104477,3.8358208955223883,1.1343283582089552,0.8805970149253731,0.5373134328358209,0.8656716417910447,0.4552238805970149,0.3682170542635659,0.6444444444444445
1642259,2025-26,48,26.983125,16.3125,7.395833333333333,2.7083333333333335,0.8125,1.9791666666666667,1.7083333333333333,0.4817073170731707,0.3333333333333333,0.6917808219178082
1642260,2025-26,10,15.845000000000002,5.2,1.9,4.4,0.5,0.0,2.5,0.43137254901960786,0.4,0.4
1642261,2025-26,54,10.04,4.222222222222222,1.3888888888888888,0.3888888888888889,0.2037037037037037,0.2037037037037037,0.42592592592592593,0.45549738219895286,0.34234234234234234,0.7272727272727273
1642262,2025-26,67,24.15417910447761,8.776119402985074,2.955223880597015,2.044776119402985,0.7611940298507462,0.3880597014925373,1.0895522388059702,0.4675834970530452,0.21374045801526717,0.7058823529411765
1642263,2025-26,82,25.993048780487804,13.536585365853659,2.902439024390244,3.3780487804878048,1.4878048780487805,0.6585365853658537,1.5,0.43023255813953487,0.3940972222222222,0.8023255813953488
1642264,2025-26,68,29.762794117647058,16.63235294117647,5.3088235294117645,7.382352941176471,1.1470588235294117,0.27941176470588236,3.1911764705882355,0.47058823529411764,0.3319672131147541,0.734375
1642265,2025-26,65,14.71953846153846,6.292307692307692,2.0153846153846153,2.2,0.7230769230769231,0.09230769230769231,1.5384615384615385,0.39563106796116504,0.3157894736842105,0.7454545454545455
1642266,2025-26,72,20.268749999999997,7.513888888888889,2.5694444444444446,1.1944444444444444,1.0138888888888888,0.19444444444444445,0.5138888888888888,0.44554455445544555,0.40892193308550184,0.7888888888888889
1642267,2025-26,82,27.47329268292683,10.707317073170731,3.3658536585365852,4.646341463414634,0.6341463414634146,0.2073170731707317,2.3292682926829267,0.42375168690958165,0.4082125603864734,0.7297297297297297
1642268,2025-26,59,25.52796610169492,11.661016949152541,2.542372881355932,7.169491525423729,1.11864406779661,0.3389830508474576,2.5084745762711864,0.49514563106796117,0.27,0.722488038277512
1642269,2025-26,38,18.187368421052632,8.921052631578947,3.289473684210526,2.6578947368421053,0.8947368421052632,0.23684210526315788,1.4210526315789473,0.4143835616438356,0.2631578947368421,0.7127659574468085
1642270,2025-26,77,26.990000000000002,12.12987012987013,11.584415584415584,2.103896103896104,0.5714285714285714,1.6883116883116882,1.2337662337662338,0.52046783625731,0.34146341463414637,0.6798029556650246
1642271,2025-26,77,23.20194805194805,11.415584415584416,7.1688311688311686,2.5714285714285716,0.948051948051948,0.5064935064935064,1.6233766233766234,0.4916286149162861,0.32456140350877194,0.75
1642272,2025-26,67,17.101641791044774,8.328358208955224,2.044776119402985,1.3432835820895523,0.5223880597014925,0.07462686567164178,0.835820895522388,0.425,0.3852140077821012,0.864406779661017
1642273,2025-26,48,28.787291666666665,14.791666666666666,5.104166666666667,4.458333333333333,1.0,0.8958333333333334,2.6041666666666665,0.43847487001733104,0.38076923076923075,0.8015267175572519
1642274,2025-26,66,19.451666666666664,5.712121212121212,5.833333333333333,1.2727272727272727,0.30303030303030304,1.5303030303030303,0.8181818181818182,0.54421768707483,0.0,0.5588235294117647
1642275,2025-26,37,15.352432432432431,6.0,4.027027027027027,0.7297297297297297,0.43243243243243246,0.1891891891891892,0.7027027027027027,0.5031446540880503,0.43373493975903615,0.65
1642276,2025-26,77,21.925974025974025,11.051948051948052,9.012987012987013,0.7272727272727273,0.7662337662337663,1.0909090909090908,0.8051948051948052,0.5300462249614792,0.3948497854077253,0.7395833333333334
1642277,2025-26,35,18.155428571428573,5.142857142857143,4.371428571428571,1.1714285714285715,0.5714285714285714,0.2,0.8285714285714286,0.4697986577181208,0.323943661971831,0.4857142857142857
1642278,2025-26,62,11.546935483870968,4.419354838709677,1.5806451612903225,2.7419354838709675,0.3548387096774194,0.06451612903225806,0.8870967741935484,0.43548387096774194,0.38596491228070173,0.7
1642280,2025-26,2,2.665,2.0,0.5,0.5,0.0,0.0,0.5,0.6666666666666666,0.0,0.0
1642281,2025-26,66,26.722727272727273,13.212121212121213,5.121212121212121,2.227272727272727,0.8181818181818182,0.42424242424242425,1.5,0.4925373134328358,0.4463087248322148,0.7383177570093458
1642282,2025-26,7,3.5142857142857147,1.0,0.14285714285714285,0.5714285714285714,0.0,0.14285714285714285,0.7142857142857143,0.6,0.0,0.5
1642285,2025-26,72,23.60361111111111,11.083333333333334,2.5416666666666665,5.555555555555555,0.7222222222222222,0.1527777777777778,1.2916666666666667,0.47302158273381295,0.44785276073619634,0.9402985074626866
1642345,2025-26,82,21.856585365853658,6.475609756097561,5.097560975609756,2.2560975609756095,0.8902439024390244,0.6951219512195121,1.2317073170731707,0.6530054644808743,0.0,0.452991452991453
1642346,2025-26,70,19.148,5.814285714285714,4.242857142857143,1.457142857142857,0.8571428571428571,0.4142857142857143,0.8,0.4530386740331492,0.33136094674556216,0.48936170212765956
1642347,2025-26,82,22.426463414634146,6.646341463414634,1.7439024390243902,5.414634146341464,0.926829268292683,0.18292682926829268,1.3658536585365855,0.36706349206349204,0.32061068702290074,0.7844827586206896
1642348,2025-26,64,15.09703125,6.03125,1.46875,1.25,0.84375,0.171875,0.5625,0.446875,0.37222222222222223,0.8461538461538461
1642349,2025-26,57,25.657719298245613,13.578947368421053,3.3333333333333335,3.6140350877192984,1.2456140350877194,0.3157894736842105,1.4210526315789473,0.4847457627118644,0.3465909090909091,0.8703703703703703
1642352,2025-26,32,8.5284375,4.25,1.9375,0.25,0.46875,0.25,0.40625,0.49038461538461536,0.29545454545454547,0.7241379310344828
1642353,2025-26,55,8.528363636363636,2.8363636363636364,1.4181818181818182,0.5636363636363636,0.2909090909090909,0.05454545454545454,0.4,0.381294964028777,0.24489795918367346,0.76
1642354,2025-26,20,12.7285,4.55,1.85,2.15,0.8,0.0,1.25,0.3434343434343434,0.3,0.6111111111111112
1642355,2025-26,42,8.71642857142857,2.9047619047619047,0.5476190476190477,1.2142857142857142,0.4523809523809524,0.09523809523809523,0.5952380952380952,0.40869565217391307,0.38596491228070173,0.8571428571428571
1642357,2025-26,11,5.925454545454545,2.909090909090909,1.1818181818181819,1.6363636363636365,0.5454545454545454,0.09090909090909091,0.45454545454545453,0.52,0.6,0.5
1642358,2025-26,48,9.242916666666668,3.3333333333333335,1.1458333333333333,0.9791666666666666,0.22916666666666666,0.0625,0.625,0.32386363636363635,0.21052631578947367,0.85
1642359,2025-26,29,4.491379310344827,1.6551724137931034,0.9310344827586207,0.41379310344827586,0.10344827586206896,0.034482758620689655,0.10344827586206896,0.3333333333333333,0.21875,0.8181818181818182
1642362,2025-26,4,15.700000000000001,8.75,2.5,0.0,0.25,0.0,0.25,0.5,0.4117647058823529,0.5
1642363,2025-26,75,24.879333333333335,8.6,3.76,2.3866666666666667,0.9066666666666666,0.32,1.5466666666666666,0.41778523489932884,0.3333333333333333,0.7216494845360825
1642364,2025-26,50,20.4422,7.36,3.88,1.34,1.08,0.5,0.8,0.44594594594594594,0.2974683544303797,0.6951219512195121
1642366,2025-26,67,17.097611940298506,7.656716417910448,4.014925373134329,1.4029850746268657,0.3880597014925373,0.5223880597014925,0.835820895522388,0.4396355353075171,0.33574007220216606,0.7906976744186046
1642367,2025-26,40,6.003500000000001,1.525,1.7,0.625,0.275,0.2,0.35,0.5909090909090909,0.0,0.6428571428571429
1642368,2025-26,4,3.6125,0.75,1.75,0.0,0.5,0.0,0.25,0.25,0.0,1.0
1642377,2025-26,69,26.19724637681159,12.53623188405797,3.1884057971014492,1.608695652173913,0.8840579710144928,0.13043478260869565,1.0724637681159421,0.43123209169054444,0.35342465753424657,0.783625730994152
1642380,2025-26,8,29.94875,10.375,3.125,2.375,1.125,0.125,0.75,0.4117647058823529,0.4090909090909091,0.9
1642382,2025-26,42,11.412857142857142,5.761904761904762,2.9523809523809526,0.6904761904761905,0.19047619047619047,0.6428571428571429,0.38095238095238093,0.5268817204301075,0.36046511627906974,0.5769230769230769
1642383,2025-26,69,20.25985507246377,7.797101449275362,2.0144927536231885,4.043478260869565,0.6376811594202898,0.2753623188405797,1.681159420289855,0.3839479392624729,0.3073770491803279,0.9008264462809917
1642384,2025-26,14,6.375714285714286,2.0,1.1428571428571428,0.35714285714285715,0.14285714285714285,0.21428571428571427,0.2857142857142857,0.4166666666666667,0.23076923076923078,0.8333333333333334
1642389,2025-26,5,8.309999999999999,4.6,0.6,1.8,0.2,0.0,0.6,0.6923076923076923,0.3333333333333333,1.0
1642396,2025-26,14,20.204285714285714,11.928571428571429,2.357142857142857,1.1428571428571428,0.35714285714285715,0.14285714285714285,0.35714285714285715,0.5130434782608696,0.46835443037974683,0.75
1642400,2025-26,9,9.231111111111112,4.111111111111111,1.5555555555555556,0.7777777777777778,0.5555555555555556,0.0,0.3333333333333333,0.5,0.3,0.75
1642402,2025-26,4,9.182500000000001,3.25,2.5,0.5,0.5,0.75,0.5,0.5,0.5,0.75
1642403,2025-26,7,4.944285714285714,1.2857142857142858,0.7142857142857143,0.14285714285714285,0.0,0.14285714285714285,0.14285714285714285,0.42857142857142855,0.0,0.75
1642404,2025-26,34,7.529705882352941,2.3529411764705883,0.6764705882352942,0.5,0.20588235294117646,0.0,0.08823529411764706,0.3146067415730337,0.2835820895522388,0.8333333333333334
1642419,2025-26,61,8.27655737704918,3.1475409836065573,1.459016393442623,0.39344262295081966,0.11475409836065574,0.04918032786885246,0.3114754098360656,0.5103448275862069,0.4117647058823529,0.6428571428571429
1642434,2025-26,9,6.227777777777778,3.888888888888889,0.6666666666666666,0.5555555555555556,0.2222222222222222,0.1111111111111111,0.3333333333333333,0.6086956521739131,0.3333333333333333,1.0
1642443,2025-26,14,3.950714285714286,1.7857142857142858,0.2857142857142857,0.6428571428571429,0.07142857142857142,0.0,0.21428571428571427,0.4,0.3333333333333333,1.0
1642449,2025-26,15,9.017333333333333,3.7333333333333334,3.2666666666666666,0.8666666666666667,0.13333333333333333,0.4,0.4666666666666667,0.5,0.0,0.6666666666666666
1642450,2025-26,72,20.038888888888888,9.319444444444445,2.3055555555555554,3.861111111111111,0.8888888888888888,0.20833333333333334,1.5972222222222223,0.4084507042253521,0.37435897435897436,0.8322981366459627
1642461,2025-26,64,21.92015625,5.5,3.265625,0.796875,0.8125,0.453125,0.484375,0.5038167938931297,0.3958333333333333,0.6078431372549019
1642468,2025-26,1,2.4,0.0,1.0,0.0,0.0,0.0,0.0,0.0,0.0,0.0
1642484,2025-26,17,11.914117647058823,4.352941176470588,1.5294117647058822,1.9411764705882353,0.23529411764705882,0.23529411764705882,1.0,0.3132530120481928,0.3111111111111111,0.8888888888888888
1642490,2025-26,3,27.02,8.333333333333334,7.666666666666667,1.3333333333333333,0.0,0.0,0.6666666666666666,0.6470588235294118,0.0,0.5
1642502,2025-26,25,10.8276,3.32,2.12,0.92,0.56,0.36,0.52,0.4444444444444444,0.25,0.7894736842105263
1642504,2025-26,11,24.400909090909092,14.272727272727273,2.5454545454545454,1.7272727272727273,1.0,0.2727272727272727,1.5454545454545454,0.5196078431372549,0.4576271186440678,0.9230769230769231
1642530,2025-26,18,11.39,3.4444444444444446,1.8333333333333333,2.611111111111111,0.5,0.0,0.7777777777777778,0.3269230769230769,0.2972972972972973,0.8947368421052632
1642843,2025-26,70,33.26157142857143,21.042857142857144,6.6571428571428575,4.514285714285714,1.2,0.9142857142857143,2.3,0.46817420435510887,0.29508196721311475,0.827485380116959
1642844,2025-26,69,22.394057971014494,11.782608695652174,3.391304347826087,3.8550724637681157,0.782608695652174,0.34782608695652173,1.434782608695652,0.5045731707317073,0.34269662921348315,0.7563025210084033
1642845,2025-26,75,34.7732,15.986666666666666,5.64,4.2,1.4266666666666667,0.52,1.8266666666666667,0.43786407766990293,0.35391923990498814,0.8176795580110497
1642846,2025-26,72,27.424722222222222,13.791666666666666,4.194444444444445,1.8194444444444444,0.8333333333333334,0.6805555555555556,1.4861111111111112,0.4428251121076233,0.3442211055276382,0.75
1642847,2025-26,82,25.580365853658538,14.25609756097561,3.658536585365854,3.402439024390244,1.1829268292682926,0.36585365853658536,2.1707317073170733,0.43439363817097415,0.3300653594771242,0.7886178861788617
1642848,2025-26,60,23.888666666666666,12.216666666666667,2.8333333333333335,2.033333333333333,0.55,0.3,1.55,0.4188562596599691,0.3582554517133956,0.8735632183908046
1642849,2025-26,56,21.986607142857142,8.910714285714286,1.7678571428571428,3.8035714285714284,0.8035714285714286,0.4107142857142857,2.3035714285714284,0.37995824634655534,0.3177083333333333,0.7872340425531915
1642851,2025-26,81,31.289382716049385,18.493827160493826,5.333333333333333,3.382716049382716,0.7037037037037037,0.2345679012345679,1.9876543209876543,0.47509225092250923,0.4252336448598131,0.8628318584070797
1642852,2025-26,81,24.77111111111111,11.703703703703704,7.061728395061729,3.6790123456790123,1.037037037037037,0.9135802469135802,2.345679012345679,0.4732620320855615,0.26136363636363635,0.7948717948717948
1642853,2025-26,55,12.044545454545455,4.327272727272727,2.2545454545454544,0.2909090909090909,0.4,0.38181818181818183,0.5272727272727272,0.4046511627906977,0.34615384615384615,0.5588235294117647
1642854,2025-26,44,11.144318181818182,5.159090909090909,2.1818181818181817,0.5909090909090909,0.36363636363636365,0.3409090909090909,0.5227272727272727,0.5384615384615384,0.38666666666666666,0.5517241379310345
1642855,2025-26,2,2.8099999999999996,0.0,0.0,0.0,0.5,0.0,0.0,0.0,0.0,0.0
1642856,2025-26,52,24.979615384615386,10.307692307692308,3.173076923076923,3.326923076923077,0.8076923076923077,0.3269230769230769,1.6538461538461537,0.3986636971046771,0.38509316770186336,0.8307692307692308
1642857,2025-26,53,17.599811320754718,6.188679245283019,2.6037735849056602,2.5849056603773586,0.6226415094339622,0.1320754716981132,0.9433962264150944,0.42857142857142855,0.4230769230769231,0.8787878787878788
1642859,2025-26,54,10.652407407407408,4.425925925925926,1.1666666666666667,1.0740740740740742,0.35185185185185186,0.037037037037037035,0.46296296296296297,0.4734042553191489,0.35443037974683544,0.717391304347826
1642860,2025-26,74,21.85810810810811,10.324324324324325,2.864864864864865,1.972972972972973,0.7297297297297297,0.13513513513513514,1.2702702702702702,0.43851132686084143,0.3157894736842105,0.8
1642862,2025-26,31,11.681612903225806,4.258064516129032,2.3548387096774195,0.7741935483870968,0.16129032258064516,0.0967741935483871,0.41935483870967744,0.4,0.4,0.8205128205128205
1642863,2025-26,46,8.743913043478262,3.0217391304347827,2.891304347826087,0.13043478260869565,0.10869565217391304,0.717391304347826,0.5434782608695652,0.5333333333333333,0.23809523809523808,0.7096774193548387
1642864,2025-26,74,14.448108108108109,3.9054054054054053,3.324324324324324,0.5405405405405406,0.5675675675675675,0.28378378378378377,0.5135135135135135,0.47560975609756095,0.3620689655172414,0.5
1642866,2025-26,40,7.651999999999999,3.9,2.3,0.3,0.175,0.65,0.275,0.6632653061224489,0.0,0.7027027027027027
1642867,2025-26,57,21.673333333333336,8.491228070175438,5.0,1.8596491228070176,0.9122807017543859,0.9298245614035088,1.0350877192982457,0.5789473684210527,0.34,0.6574074074074074
1642868,2025-26,71,11.345352112676055,4.197183098591549,2.507042253521127,0.6619718309859155,0.22535211267605634,0.323943661971831,0.4647887323943662,0.4075471698113208,0.33548387096774196,0.7142857142857143
1642869,2025-26,59,12.616610169491524,3.847457627118644,3.169491525423729,1.1864406779661016,0.5084745762711864,0.3050847457627119,0.711864406779661,0.4039408866995074,0.3225806451612903,0.6875
1642873,2025-26,22,6.447272727272727,1.3636363636363635,1.8181818181818181,0.45454545454545453,0.13636363636363635,0.45454545454545453,0.5,0.5,0.0,0.7142857142857143
1642874,2025-26,57,20.601754385964913,8.912280701754385,4.9298245614035086,2.2280701754385963,0.5263157894736842,0.5614035087719298,1.280701754385965,0.40454545454545454,0.3222748815165877,0.7706422018348624
1642875,2025-26,74,26.334054054054054,12.45945945945946,7.513513513513513,1.3513513513513513,0.5135135135135135,0.527027027027027,1.2702702702702702,0.5707898658718331,0.32432432432432434,0.7857142857142857
1642876,2025-26,25,5.7336,1.88,1.12,0.4,0.28,0.08,0.36,0.5161290322580645,0.3333333333333333,0.6363636363636364
1642877,2025-26,61,14.776885245901639,4.295081967213115,1.9180327868852458,1.0,0.7049180327868853,0.14754098360655737,0.32786885245901637,0.38545454545454544,0.25925925925925924,0.7586206896551724
1642878,2025-26,50,10.7094,5.44,1.28,1.48,0.5,0.0,0.8,0.41333333333333333,0.3511450381679389,0.8888888888888888
1642879,2025-26,44,20.640681818181818,7.545454545454546,2.090909090909091,3.2954545454545454,0.8636363636363636,0.18181818181818182,2.25,0.39603960396039606,0.2111111111111111,0.8295454545454546
1642880,2025-26,37,16.47054054054054,4.378378378378378,1.6216216216216217,3.2162162162162162,0.4864864864864865,0.0,0.972972972972973,0.40236686390532544,0.29333333333333333,0.5
1642882,2025-26,13,30.684615384615384,11.846153846153847,10.538461538461538,1.8461538461538463,1.3846153846153846,0.6153846153846154,2.4615384615384617,0.5294117647058824,0.0,0.6363636363636364
1642883,2025-26,82,22.27329268292683,5.378048780487805,3.5,1.9878048780487805,0.6341463414634146,0.24390243902439024,0.8048780487804879,0.3709677419354839,0.3516949152542373,0.8367346938775511
1642884,2025-26,9,2.4866666666666664,0.7777777777777778,1.0,0.3333333333333333,0.0,0.3333333333333333,0.3333333333333333,0.75,0.0,1.0
1642885,2025-26,69,8.99840579710145,3.5652173913043477,1.3623188405797102,0.7681159420289855,0.2463768115942029,0.08695652173913043,0.43478260869565216,0.4225352112676056,0.36923076923076925,0.75
1642886,2025-26,12,6.760000000000001,3.75,0.6666666666666666,0.8333333333333334,0.08333333333333333,0.0,0.3333333333333333,0.4166666666666667,0.43333333333333335,1.0
1642905,2025-26,43,6.789302325581395,2.2093023255813953,1.5348837209302326,0.5116279069767442,0.06976744186046512,0.23255813953488372,0.7441860465116279,0.31,0.11904761904761904,0.8235294117647058
1642907,2025-26,62,25.554354838709674,13.596774193548388,5.870967741935484,2.7580645161290325,0.6451612903225806,0.43548387096774194,1.6935483870967742,0.470679012345679,0.3381818181818182,0.8433734939759037
1642910,2025-26,6,6.79,2.5,1.0,0.3333333333333333,0.3333333333333333,0.0,0.0,0.2857142857142857,0.3,1.0
1642911,2025-26,5,7.098000000000001,2.8,2.8,0.4,0.0,1.0,0.2,0.625,0.0,1.0
1642914,2025-26,41,20.028048780487804,9.658536585365853,3.1219512195121952,3.682926829268293,0.8292682926829268,0.21951219512195122,1.3658536585365855,0.4652777777777778,0.4225352112676056,0.8292682926829268
1642917,2025-26,11,3.0700000000000003,0.6363636363636364,0.5454545454545454,0.18181818181818182,0.09090909090909091,0.0,0.2727272727272727,0.25,0.25,1.0
1642918,2025-26,23,6.129130434782609,2.217391304347826,0.9130434782608695,0.5217391304347826,0.34782608695652173,0.17391304347826086,0.34782608695652173,0.32,0.19047619047619047,0.7894736842105263
1642920,2025-26,68,19.683088235294118,7.279411764705882,2.25,1.6029411764705883,0.7205882352941176,0.14705882352941177,1.1911764705882353,0.4661458333333333,0.40816326530612246,0.8260869565217391
1642928,2025-26,44,20.361363636363635,5.409090909090909,7.545454545454546,1.4090909090909092,0.6818181818181818,1.5227272727272727,0.8863636363636364,0.5865921787709497,0.5,0.5098039215686274
1642933,2025-26,4,18.2675,4.25,1.25,3.0,0.75,1.0,2.0,0.4166666666666667,0.0,1.0
1642935,2025-26,2,6.37,0.0,0.5,1.0,0.5,0.0,0.5,0.0,0.0,0.0
1642938,2025-26,10,8.503,2.9,1.1,1.0,0.4,0.0,0.2,0.4074074074074074,0.3333333333333333,0.5
1642939,2025-26,14,9.331428571428571,3.0714285714285716,1.7142857142857142,0.8571428571428571,0.2857142857142857,0.07142857142857142,0.42857142857142855,0.36363636363636365,0.30303030303030304,1.0
1642942,2025-26,31,21.557419354838707,6.193548387096774,2.6129032258064515,2.225806451612903,1.1935483870967742,0.45161290322580644,1.5806451612903225,0.39487179487179486,0.25333333333333335,0.5428571428571428
1642948,2025-26,60,19.30216666666667,6.616666666666666,2.216666666666667,5.266666666666667,0.4166666666666667,0.03333333333333333,1.4166666666666667,0.4153846153846154,0.35555555555555557,0.8064516129032258
1642949,2025-26,41,10.131951219512196,4.2926829268292686,2.8536585365853657,0.2926829268292683,0.12195121951219512,0.7317073170731707,0.5609756097560976,0.64,0.2,0.7580645161290323
1642950,2025-26,37,9.117297297297297,2.4054054054054053,3.027027027027027,1.135135135135135,0.32432432432432434,0.21621621621621623,0.43243243243243246,0.4675324675324675,0.10526315789473684,0.375
1642951,2025-26,7,4.257142857142857,1.8571428571428572,0.42857142857142855,0.7142857142857143,0.0,0.0,0.14285714285714285,0.3333333333333333,0.3,0.0
1642954,2025-26,69,19.76927536231884,6.391304347826087,2.4927536231884058,1.3478260869565217,1.1594202898550725,0.13043478260869565,0.7681159420289855,0.4682080924855491,0.33490566037735847,0.8518518518518519
1642955,2025-26,3,22.16,8.333333333333334,3.3333333333333335,2.6666666666666665,2.6666666666666665,0.3333333333333333,0.6666666666666666,0.625,0.5,1.0
1642959,2025-26,34,5.219411764705883,2.088235294117647,0.8235294117647058,0.35294117647058826,0.11764705882352941,0.08823529411764706,0.058823529411764705,0.3492063492063492,0.3333333333333333,0.9
1642962,2025-26,63,20.738095238095237,6.476190476190476,1.7619047619047619,1.4444444444444444,0.5714285714285714,0.2222222222222222,0.9523809523809523,0.4022346368715084,0.2802197802197802,0.8961038961038961
1642964,2025-26,40,8.5185,1.7,1.95,0.55,0.275,0.125,0.25,0.38028169014084506,0.2916666666666667,0.7
1642967,2025-26,13,19.26615384615385,8.846153846153847,2.3076923076923075,0.8461538461538461,0.5384615384615384,0.3076923076923077,0.3076923076923077,0.42857142857142855,0.4025974025974026,0.8571428571428571
1643007,2025-26,38,12.76157894736842,4.5,1.5526315789473684,1.0526315789473684,0.6842105263157895,0.10526315789473684,0.7105263157894737,0.379746835443038,0.328,0.625
1643016,2025-26,15,32.594,8.133333333333333,3.8,4.133333333333334,2.2666666666666666,0.3333333333333333,1.4666666666666666,0.5,0.1935483870967742,0.64
1643018,2025-26,18,16.07166666666667,8.222222222222221,1.5555555555555556,1.0,0.16666666666666666,0.0,0.7777777777777778,0.4017094017094017,0.39361702127659576,0.8947368421052632
1643024,2025-26,9,4.85,0.7777777777777778,1.1111111111111112,0.3333333333333333,0.5555555555555556,0.2222222222222222,0.1111111111111111,0.3333333333333333,0.0,0.75
1643047,2025-26,4,9.959999999999999,3.0,1.25,0.5,0.25,0.0,0.0,0.5454545454545454,0.0,0.0
1643052,2025-26,17,20.291176470588233,8.176470588235293,4.647058823529412,2.1176470588235294,0.8823529411764706,0.5294117647058824,1.1764705882352942,0.5425531914893617,0.3,0.8
1643060,2025-26,1,24.45,6.0,0.0,1.0,1.0,1.0,1.0,0.6666666666666666,0.0,1.0
1643133,2025-26,2,24.380000000000003,7.0,7.5,1.5,1.5,0.5,1.0,0.6,0.0,0.4
1643141,2025-26,8,3.7525,0.125,0.375,0.125,0.125,0.0,0.125,0.0,0.0,0.25
1643158,2025-26,5,33.69,5.2,8.4,2.8,1.6,0.8,1.4,0.3103448275862069,0.07692307692307693,0.7777777777777778
1643253,2025-26,6,35.90833333333334,10.0,3.5,1.0,0.6666666666666666,0.5,0.5,0.35714285714285715,0.2903225806451613,0.125
1643257,2025-26,5,4.296,2.0,1.0,0.0,0.2,0.2,0.0,0.5714285714285714,0.25,1.0
